id,attrition,gender,age,maritalstatus,academic_degree,years_experience,years_experience_lastorganization,sector,department,jobtitle,monthlysalary,allowances,medicalinsurance,bonus,overtime,payment_overtime,rewards_wages_satisfaction,get_deserved_promotion,training_programs_during_last_three_years,useful_training_programs,business_travel,job_support,recognition,emotional_commitment,job_engagement,distance_to_work,work_live_balance,physical_stress,psychological_exhaustion,job_stability,health_issues,environment_satisfaction,job_satisfaction,job_opportunities,age_group,salary_band,attrition_label
11,1,Female,31 to 40,Married,Master's,Less than 5 years,Less than 5 years,Medical sector,Accounting,Accountant,From 5000 to 10000 S.R,2,No,No,No,I don't have overtime,Yes,Yes,From 1 to 3 training programs,Yes,I do not travel for work,Medium,No,Medium,Medium,Medium,Medium,Yes,No,No,Yes,Medium,Not satisfied,Yes,31 to 40,From 5000 to 10000 S.R,Left
12,0,Female,21 to 30,Single,Master's,Less than 5 years,Less than 5 years,Medical sector,Accounting,Accountant,From 11000 to 15000 S.R,2,Yes,Yes,No,I don't have overtime,Yes,Yes,From 1 to 3 training programs,Yes,Travel rarely,Medium,Yes,Medium,Medium,Medium,Medium,No,No,Yes,No,Medium,Satisfied,No,21 to 30,From 11000 to 15000 S.R,Stayed
13,0,Female,21 to 30,Single,Bachelor's,Less than 5 years,Less than 5 years,Education sector,Teaching,Teacher,Less than 5000 SAR,0,No,No,No,I don't have overtime,No,No,From 1 to 3 training programs,Yes,I do not travel for work,Medium,Yes,Low,Medium,Close,Medium,Yes,Sometimes,No,No,Medium,Satisfied,Yes,21 to 30,Less than 5000 SAR,Stayed
14,0,Female,21 to 30,Single,Bachelor's,Less than 5 years,Less than 5 years,Education sector,Teaching,Teacher,Less than 5000 SAR,0,No,No,No,I don't have overtime,No,No,I did not receive any training,No,I do not travel for work,Low,No,Low,Medium,Medium,Medium,Yes,Yes,No,No,Low,Not satisfied,No,21 to 30,Less than 5000 SAR,Stayed
15,0,Female,21 to 30,Single,Bachelor's,Less than 5 years,Less than 5 years,Education sector,Teaching,Teacher,Less than 5000 SAR,0,No,No,Yes,No,No,No,I did not receive any training,No,I do not travel for work,Low,Yes,Medium,Medium,Medium,Medium,Sometimes,Sometimes,No,No,Medium,Not satisfied,No,21 to 30,Less than 5000 SAR,Stayed
16,0,Female,21 to 30,Single,Bachelor's,Less than 5 years,Less than 5 years,Education sector,Teaching,Teacher,Less than 5000 SAR,0,No,No,No,I don't have overtime,No,No,From 4 to 6 training programs,Yes,I do not travel for work,Low,No,Medium,Medium,Close,Medium,Yes,Yes,No,No,Low,Not satisfied,Yes,21 to 30,Less than 5000 SAR,Stayed
17,1,Female,31 to 40,Married,Bachelor's,Less than 5 years,Less than 5 years,Education sector,Teaching,Teacher,Less than 5000 SAR,0,No,No,Yes,No,No,No,From 1 to 3 training programs,Yes,I do not travel for work,Medium,Yes,Medium,Medium,Close,Difficult,Yes,Yes,No,No,Medium,Satisfied,No,31 to 40,Less than 5000 SAR,Left
18,0,Female,31 to 40,Married,Bachelor's,From 5 to 10 years,From 5 to 10 years,Education sector,Teaching,Teacher,From 11000 to 15000 S.R,0,No,No,No,I don't have overtime,Yes,Yes,From 7 training programs to more,Yes,I do not travel for work,Medium,Yes,High,Medium,Medium,Medium,Sometimes,Sometimes,Yes,No,Medium,Very satisfied,Yes,31 to 40,From 11000 to 15000 S.R,Stayed
20,1,Female,31 to 40,Married,Master's,From 5 to 10 years,Less than 5 years,Education sector,Teaching,Teacher,Less than 5000 SAR,0,No,Yes,No,I don't have overtime,No,No,From 1 to 3 training programs,Yes,I do not travel for work,Low,Yes,High,Medium,Medium,Difficult,Yes,Yes,No,No,Medium,Satisfied,No,31 to 40,Less than 5000 SAR,Left
21,1,Female,21 to 30,Married,Bachelor's,Less than 5 years,Less than 5 years,Communications and IT sector,Relations,Relationships Specialist,Less than 5000 SAR,1,Yes,Yes,Yes,Yes,Yes,Yes,From 1 to 3 training programs,Yes,Travel frequently,High,Yes,High,Difficult,Far,Difficult,Yes,Yes,Yes,Yes,High,Very satisfied,Yes,21 to 30,Less than 5000 SAR,Left
22,0,Female,31 to 40,Single,Diploma or secondary,Less than 5 years,Less than 5 years,Tourism sector,HR,Manger assistant,From 5000 to 10000 S.R,1,No,Yes,Yes,Yes,Yes,Yes,From 1 to 3 training programs,Yes,I do not travel for work,High,Yes,High,Easy,Close,Easy,Sometimes,Sometimes,Yes,No,High,Very satisfied,No,31 to 40,From 5000 to 10000 S.R,Stayed
23,1,Female,31 to 40,Married,Bachelor's,From 5 to 10 years,From 5 to 10 years,Education sector,Administration,Administrative manager,Less than 5000 SAR,0,No,No,No,I don't have overtime,Yes,No,From 1 to 3 training programs,Yes,I do not travel for work,High,Yes,Medium,Medium,Close,Easy,No,No,Yes,No,High,Very satisfied,Yes,31 to 40,Less than 5000 SAR,Left
24,0,Female,41 to 50,Married,Bachelor's,From 11 to 15 years,From 11 to 15 years,Education sector,Administration,Manger assistant,From 5000 to 10000 S.R,0,No,No,No,I don't have overtime,No,No,From 4 to 6 training programs,Yes,I do not travel for work,Low,Yes,Medium,Medium,Close,Difficult,No,Sometimes,Yes,No,Medium,Not satisfied,No,41 to 50,From 5000 to 10000 S.R,Stayed
25,0,Female,31 to 40,Married,Bachelor's,From 11 to 15 years,From 11 to 15 years,Education sector,Teaching,Teacher,From 11000 to 15000 S.R,1,No,No,No,I don't have overtime,Yes,No,From 4 to 6 training programs,Yes,I do not travel for work,Medium,Yes,High,Medium,Medium,Medium,Yes,Yes,Yes,No,Medium,Satisfied,No,31 to 40,From 11000 to 15000 S.R,Stayed
26,0,Female,41 to 50,Married,Bachelor's,From 16 to 20 years,From 16 to 20 years,Education sector,Teaching,Teacher,From 11000 to 15000 S.R,1,No,No,No,I don't have overtime,Yes,Yes,From 4 to 6 training programs,Yes,I do not travel for work,Medium,Yes,Medium,Medium,Close,Medium,Sometimes,No,Yes,No,Medium,Satisfied,No,41 to 50,From 11000 to 15000 S.R,Stayed
27,0,Female,41 to 50,Married,Bachelor's,From 21 to 25 years,From 21 to 25 years,Education sector,Teaching,Teacher,From 5000 to 10000 S.R,1,No,No,No,No,Yes,Yes,From 7 training programs to more,Yes,I do not travel for work,High,Yes,High,Easy,Close,Easy,Sometimes,Sometimes,Yes,No,High,Very satisfied,No,41 to 50,From 5000 to 10000 S.R,Stayed
28,0,Female,41 to 50,Married,Bachelor's,From 11 to 15 years,From 11 to 15 years,Education sector,Teaching,Teacher,From 11000 to 15000 S.R,0,No,No,No,No,Yes,Yes,From 7 training programs to more,Yes,I do not travel for work,Medium,Yes,Medium,Medium,Close,Medium,Sometimes,Sometimes,Yes,No,Medium,Very satisfied,No,41 to 50,From 11000 to 15000 S.R,Stayed
29,0,Female,31 to 40,Married,Bachelor's,From 5 to 10 years,From 5 to 10 years,Education sector,Teaching,Teacher,From 5000 to 10000 S.R,1,No,No,No,No,No,No,From 4 to 6 training programs,No,I do not travel for work,Low,No,Low,Easy,Medium,Medium,No,No,No,No,Low,Not satisfied,No,31 to 40,From 5000 to 10000 S.R,Stayed
30,0,Female,31 to 40,Married,Bachelor's,From 5 to 10 years,From 5 to 10 years,Education sector,Teaching,Teacher,From 11000 to 15000 S.R,1,No,No,No,I don't have overtime,Yes,Yes,From 1 to 3 training programs,No,I do not travel for work,Low,No,Medium,Easy,Far,Medium,Yes,Yes,Yes,No,Low,Satisfied,Yes,31 to 40,From 11000 to 15000 S.R,Stayed
31,0,Female,31 to 40,Married,Bachelor's,From 11 to 15 years,From 11 to 15 years,Education sector,Teaching,Teacher,From 11000 to 15000 S.R,1,No,No,No,I don't have overtime,Yes,Yes,From 7 training programs to more,Yes,I do not travel for work,Low,Yes,Medium,Medium,Close,Easy,No,No,Yes,No,Medium,Very satisfied,No,31 to 40,From 11000 to 15000 S.R,Stayed
32,0,Female,41 to 50,Married,Bachelor's,From 16 to 20 years,From 16 to 20 years,Education sector,Teaching,Teacher,From 11000 to 15000 S.R,0,No,No,No,I don't have overtime,Yes,No,From 4 to 6 training programs,Yes,I do not travel for work,Medium,Yes,Medium,Medium,Close,Medium,Sometimes,Sometimes,Yes,No,Medium,Satisfied,No,41 to 50,From 11000 to 15000 S.R,Stayed
33,0,Female,41 to 50,Married,Bachelor's,From 5 to 10 years,From 5 to 10 years,Education sector,Administration,Manger assistant,From 5000 to 10000 S.R,0,No,No,No,I don't have overtime,Yes,Yes,From 4 to 6 training programs,Yes,I do not travel for work,Medium,Yes,Medium,Medium,Close,Medium,Sometimes,No,Yes,No,Medium,Satisfied,No,41 to 50,From 5000 to 10000 S.R,Stayed
34,0,Female,41 to 50,Married,Bachelor's,From 21 to 25 years,From 21 to 25 years,Education sector,Teaching,Teacher,From 5000 to 10000 S.R,0,No,No,No,I don't have overtime,Yes,Yes,From 7 training programs to more,Yes,I do not travel for work,Medium,Yes,High,Easy,Close,Easy,Yes,Yes,Yes,Yes,High,Very satisfied,No,41 to 50,From 5000 to 10000 S.R,Stayed
35,0,Female,41 to 50,Single,Bachelor's,From 11 to 15 years,From 11 to 15 years,Education sector,Teaching,Teacher,From 11000 to 15000 S.R,0,No,No,No,I don't have overtime,Yes,No,From 4 to 6 training programs,Yes,Travel rarely,Medium,Yes,Medium,Medium,Close,Easy,Sometimes,Sometimes,Yes,No,Medium,Satisfied,No,41 to 50,From 11000 to 15000 S.R,Stayed
36,0,Female,41 to 50,Married,Bachelor's,From 16 to 20 years,From 16 to 20 years,Education sector,Teaching,Teacher,From 11000 to 15000 S.R,1,No,No,No,I don't have overtime,Yes,No,From 7 training programs to more,Yes,I do not travel for work,Low,Yes,High,Medium,Medium,Medium,Sometimes,Sometimes,Yes,No,High,Very satisfied,No,41 to 50,From 11000 to 15000 S.R,Stayed
37,0,Female,31 to 40,Married,Diploma or secondary,From 11 to 15 years,From 11 to 15 years,Education sector,Administration,Manger assistant,From 5000 to 10000 S.R,0,No,No,No,I don't have overtime,Yes,No,I did not receive any training,Yes,I do not travel for work,Medium,Yes,Medium,Easy,Close,Easy,Sometimes,Sometimes,Yes,No,Medium,Satisfied,No,31 to 40,From 5000 to 10000 S.R,Stayed
38,0,Female,41 to 50,Married,Bachelor's,From 11 to 15 years,From 11 to 15 years,Education sector,Teaching,Teacher,From 11000 to 15000 S.R,1,No,No,No,I don't have overtime,Yes,Yes,From 7 training programs to more,Yes,I do not travel for work,Medium,Yes,High,Easy,Close,Medium,Sometimes,Sometimes,Yes,No,Medium,Very satisfied,No,41 to 50,From 11000 to 15000 S.R,Stayed
39,0,Female,51 to 60,Married,Diploma or secondary,From 31 to 35 years,From 31 to 35 years,Education sector,Teaching,Teacher,From 5000 to 10000 S.R,0,No,No,No,I don't have overtime,Yes,Yes,From 7 training programs to more,Yes,I do not travel for work,High,Yes,High,Easy,Close,Easy,No,Sometimes,Yes,No,High,Very satisfied,Yes,51 to 60,From 5000 to 10000 S.R,Stayed
40,0,Female,41 to 50,Married,Bachelor's,From 16 to 20 years,From 16 to 20 years,Education sector,Teaching,Teacher,From 5000 to 10000 S.R,0,No,No,No,I don't have overtime,No,No,From 7 training programs to more,No,I do not travel for work,Low,Yes,High,Easy,Medium,Medium,Yes,Yes,Yes,Yes,Low,Satisfied,No,41 to 50,From 5000 to 10000 S.R,Stayed
41,0,Male,31 to 40,Married,Diploma or secondary,From 11 to 15 years,From 11 to 15 years,Financial sector,Administration,Administrative manager,From 5000 to 10000 S.R,0,Yes,No,No,I don't have overtime,Yes,Yes,I did not receive any training,No,Travel rarely,Medium,Yes,High,Easy,Close,Medium,No,No,Yes,No,High,Very satisfied,No,31 to 40,From 5000 to 10000 S.R,Stayed
42,1,Female,41 to 50,Married,Bachelor's,From 16 to 20 years,From 11 to 15 years,Education sector,Teaching,Teacher,From 11000 to 15000 S.R,1,No,No,No,I don't have overtime,Yes,No,From 1 to 3 training programs,Yes,I do not travel for work,Low,Yes,Medium,Medium,Medium,Medium,Yes,No,Yes,Yes,Medium,Satisfied,No,41 to 50,From 11000 to 15000 S.R,Left
43,0,Female,31 to 40,Married,Bachelor's,From 16 to 20 years,From 16 to 20 years,Education sector,Teaching,Teacher,From 11000 to 15000 S.R,1,No,No,No,I don't have overtime,Yes,Yes,From 7 training programs to more,Yes,Travel rarely,Medium,No,Medium,Medium,Medium,Medium,Yes,Yes,Yes,No,Medium,Very satisfied,No,31 to 40,From 11000 to 15000 S.R,Stayed
44,0,Female,41 to 50,Married,Bachelor's,From 21 to 25 years,From 21 to 25 years,Education sector,Teaching,Teacher,From 5000 to 10000 S.R,0,No,No,No,I don't have overtime,Yes,No,From 7 training programs to more,Yes,I do not travel for work,Medium,Yes,High,Easy,Medium,Medium,Yes,Yes,Yes,No,High,Very satisfied,No,41 to 50,From 5000 to 10000 S.R,Stayed
45,0,Female,21 to 30,Single,Master's,Less than 5 years,Less than 5 years,Financial sector,Processes,Project manager,Less than 5000 SAR,0,No,No,No,I don't have overtime,No,No,From 1 to 3 training programs,No,I do not travel for work,Medium,Yes,Medium,Medium,Medium,Medium,Sometimes,No,No,No,Medium,Satisfied,No,21 to 30,Less than 5000 SAR,Stayed
46,1,Male,31 to 40,Married,Bachelor's,Less than 5 years,Less than 5 years,Financial sector,Banking operations,Banking operations,From 5000 to 10000 S.R,2,No,Yes,No,I don't have overtime,Yes,No,From 1 to 3 training programs,Yes,I do not travel for work,Medium,Yes,Medium,Difficult,Close,Easy,Sometimes,No,No,No,Medium,Not satisfied,Yes,31 to 40,From 5000 to 10000 S.R,Left
47,1,Female,21 to 30,Married,Master's,From 5 to 10 years,Less than 5 years,Education sector,Administration,Coordinator,Less than 5000 SAR,1,No,No,Yes,No,No,No,From 1 to 3 training programs,No,I do not travel for work,Low,No,High,Difficult,Far,Difficult,Yes,Yes,No,No,Medium,Not satisfied,Yes,21 to 30,Less than 5000 SAR,Left
48,0,Female,21 to 30,Single,Master's,Less than 5 years,Less than 5 years,Financial sector,Administration,Administrative manager,Less than 5000 SAR,0,No,No,No,I don't have overtime,No,No,From 1 to 3 training programs,Yes,I do not travel for work,Medium,No,Medium,Medium,Medium,Medium,Yes,Sometimes,Yes,No,Medium,Satisfied,No,21 to 30,Less than 5000 SAR,Stayed
50,0,Female,31 to 40,Married,Bachelor's,Less than 5 years,Less than 5 years,Communications and IT sector,Customers service,Customer services representative,Less than 5000 SAR,0,No,No,No,I don't have overtime,No,No,I did not receive any training,No,I do not travel for work,Medium,Yes,Medium,Medium,Medium,Medium,Sometimes,Sometimes,No,No,Low,Not satisfied,Yes,31 to 40,Less than 5000 SAR,Stayed
51,0,Female,31 to 40,Married,Bachelor's,From 11 to 15 years,From 11 to 15 years,Education sector,Teaching,Lecturer,From 11000 to 15000 S.R,1,No,No,No,I don't have overtime,Yes,Yes,From 7 training programs to more,Yes,I do not travel for work,Low,No,High,Medium,Medium,Medium,Sometimes,Sometimes,No,No,Medium,Satisfied,No,31 to 40,From 11000 to 15000 S.R,Stayed
52,0,Female,31 to 40,Married,Bachelor's,From 11 to 15 years,From 11 to 15 years,Education sector,Teaching,Teacher,From 11000 to 15000 S.R,0,No,No,No,I don't have overtime,Yes,Yes,From 4 to 6 training programs,Yes,I do not travel for work,Low,No,Medium,Difficult,Close,Medium,Yes,Yes,No,No,Medium,Satisfied,No,31 to 40,From 11000 to 15000 S.R,Stayed
53,1,Female,21 to 30,Married,Bachelor's,Less than 5 years,Less than 5 years,Financial sector,Banking operations,Banking operations,From 5000 to 10000 S.R,2,Yes,Yes,Yes,I don't have overtime,Yes,Yes,From 1 to 3 training programs,Yes,I do not travel for work,Medium,Yes,Medium,Medium,Medium,Difficult,Yes,Yes,No,No,Low,Satisfied,Yes,21 to 30,From 5000 to 10000 S.R,Left
54,0,Female,21 to 30,Married,Ph.D,From 5 to 10 years,From 5 to 10 years,Education sector,Teaching,Lecturer,From 5000 to 10000 S.R,0,Yes,No,No,No,No,Yes,From 1 to 3 training programs,Yes,Travel rarely,High,Yes,High,Medium,Far,Medium,Sometimes,Sometimes,Yes,No,Medium,Satisfied,No,21 to 30,From 5000 to 10000 S.R,Stayed
55,0,Female,21 to 30,Married,Bachelor's,From 5 to 10 years,From 5 to 10 years,Education sector,Teaching,Teacher,From 5000 to 10000 S.R,1,Yes,No,Yes,No,Yes,Yes,From 1 to 3 training programs,Yes,Travel frequently,Medium,Yes,High,Medium,Far,Medium,Yes,No,Yes,No,High,Very satisfied,No,21 to 30,From 5000 to 10000 S.R,Stayed
56,0,Male,31 to 40,Married,Diploma or secondary,From 5 to 10 years,From 5 to 10 years,Financial sector,Accounting,Scribe,Less than 5000 SAR,0,No,Yes,Yes,I don't have overtime,No,No,From 1 to 3 training programs,Yes,I do not travel for work,Medium,Yes,Medium,Medium,Close,Medium,No,Yes,Yes,No,High,Satisfied,Yes,31 to 40,Less than 5000 SAR,Stayed
57,0,Female,21 to 30,Single,Bachelor's,Less than 5 years,Less than 5 years,Financial sector,Banking operations,Banking operations,From 5000 to 10000 S.R,2,Yes,Yes,No,I don't have overtime,No,No,From 1 to 3 training programs,Yes,I do not travel for work,Low,No,Medium,Difficult,Close,Difficult,Yes,Yes,No,No,Low,Satisfied,No,21 to 30,From 5000 to 10000 S.R,Stayed
58,0,Female,31 to 40,Married,Bachelor's,Less than 5 years,Less than 5 years,Financial sector,Banking operations,Banking operations,From 5000 to 10000 S.R,2,Yes,Yes,Yes,I don't have overtime,No,No,From 7 training programs to more,Yes,I do not travel for work,Medium,No,High,Difficult,Far,Medium,Sometimes,Yes,No,No,Medium,Not satisfied,Yes,31 to 40,From 5000 to 10000 S.R,Stayed
59,1,Female,21 to 30,Married,Bachelor's,From 5 to 10 years,Less than 5 years,Education sector,Sales,Sales executive,From 5000 to 10000 S.R,2,Yes,No,No,No,No,No,From 1 to 3 training programs,Yes,I do not travel for work,Medium,No,Medium,Medium,Medium,Medium,No,Yes,No,Yes,Medium,Not satisfied,Yes,21 to 30,From 5000 to 10000 S.R,Left
60,0,Female,21 to 30,Single,Bachelor's,From 5 to 10 years,From 5 to 10 years,Financial sector,Customers service,Customer services representative,From 5000 to 10000 S.R,1,Yes,Yes,No,I don't have overtime,No,No,I did not receive any training,No,Travel rarely,Medium,No,Medium,Easy,Close,Difficult,Yes,Yes,No,No,Low,Satisfied,No,21 to 30,From 5000 to 10000 S.R,Stayed
61,0,Female,21 to 30,Married,Bachelor's,Less than 5 years,Less than 5 years,Financial sector,Banking operations,Banking operations,From 5000 to 10000 S.R,2,Yes,Yes,No,I don't have overtime,Yes,No,From 1 to 3 training programs,Yes,I do not travel for work,Medium,No,Medium,Medium,Far,Medium,Yes,Yes,No,No,Low,Not satisfied,No,21 to 30,From 5000 to 10000 S.R,Stayed
62,0,Female,31 to 40,Married,Bachelor's,Less than 5 years,Less than 5 years,Financial sector,Banking operations,Banking operations,From 5000 to 10000 S.R,2,Yes,Yes,No,I don't have overtime,No,No,From 1 to 3 training programs,Yes,Travel rarely,Medium,No,High,Medium,Close,Medium,Yes,Yes,No,No,Low,Satisfied,No,31 to 40,From 5000 to 10000 S.R,Stayed
63,0,Male,31 to 40,Married,Bachelor's,From 16 to 20 years,From 16 to 20 years,Financial sector,Administration,Administrative manager,From 11000 to 15000 S.R,1,Yes,Yes,No,Yes,No,No,From 7 training programs to more,Yes,Travel rarely,High,Yes,High,Easy,Close,Easy,No,Yes,Yes,No,High,Satisfied,Yes,31 to 40,From 11000 to 15000 S.R,Stayed
64,1,Male,21 to 30,Married,Master's,From 5 to 10 years,Less than 5 years,Financial sector,Sales,Sales representative,Less than 5000 SAR,0,Yes,Yes,Yes,No,No,No,From 4 to 6 training programs,Yes,Travel frequently,Low,No,Medium,Difficult,Medium,Difficult,Yes,Yes,No,No,Medium,Not satisfied,No,21 to 30,Less than 5000 SAR,Left
65,1,Male,31 to 40,Married,Bachelor's,From 5 to 10 years,Less than 5 years,Financial sector,Banking operations,Banking operations,From 5000 to 10000 S.R,2,Yes,No,Yes,I don't have overtime,No,No,From 1 to 3 training programs,No,I do not travel for work,Low,No,Low,Difficult,Far,Medium,Yes,Sometimes,No,No,Low,Not satisfied,Yes,31 to 40,From 5000 to 10000 S.R,Left
66,0,Female,21 to 30,Single,Bachelor's,Less than 5 years,Less than 5 years,Financial sector,Banking operations,Banking operations,From 5000 to 10000 S.R,2,Yes,Yes,No,I don't have overtime,Yes,No,From 4 to 6 training programs,Yes,I do not travel for work,Medium,Yes,Low,Medium,Medium,Medium,Sometimes,Yes,No,No,Medium,Satisfied,No,21 to 30,From 5000 to 10000 S.R,Stayed
67,0,Male,31 to 40,Single,Bachelor's,Less than 5 years,Less than 5 years,Financial sector,Banking operations,Banking operations,From 5000 to 10000 S.R,2,Yes,No,No,I don't have overtime,No,No,From 1 to 3 training programs,No,I do not travel for work,Low,No,Low,Difficult,Medium,Difficult,Yes,Yes,No,No,Low,Not satisfied,No,31 to 40,From 5000 to 10000 S.R,Stayed
68,0,Male,41 to 50,Married,Bachelor's,Less than 5 years,Less than 5 years,Financial sector,Banking operations,Banking operations,From 5000 to 10000 S.R,2,Yes,Yes,No,I don't have overtime,No,No,From 1 to 3 training programs,Yes,Travel rarely,High,No,High,Easy,Close,Easy,No,Yes,Yes,No,High,Very satisfied,No,41 to 50,From 5000 to 10000 S.R,Stayed
69,1,Female,21 to 30,Married,Bachelor's,From 5 to 10 years,From 5 to 10 years,Financial sector,Sales,Sales executive,From 5000 to 10000 S.R,1,Yes,No,No,No,No,No,From 1 to 3 training programs,No,I do not travel for work,Low,No,High,Difficult,Close,Difficult,Yes,Yes,No,No,Medium,Not satisfied,No,21 to 30,From 5000 to 10000 S.R,Left
70,0,Male,41 to 50,Married,Bachelor's,From 16 to 20 years,From 16 to 20 years,Financial sector,Customers service,Customer services representative,From 5000 to 10000 S.R,2,Yes,Yes,No,I don't have overtime,No,No,From 7 training programs to more,Yes,I do not travel for work,High,No,High,Easy,Medium,Medium,Yes,Yes,No,No,Medium,Satisfied,No,41 to 50,From 5000 to 10000 S.R,Stayed
71,0,Male,21 to 30,Single,Bachelor's,From 5 to 10 years,From 5 to 10 years,Financial sector,Sales,Sales executive,From 11000 to 15000 S.R,4,Yes,Yes,No,I don't have overtime,Yes,No,From 1 to 3 training programs,Yes,Travel rarely,Medium,Yes,High,Easy,Close,Medium,Yes,Yes,Yes,No,Medium,Very satisfied,No,21 to 30,From 11000 to 15000 S.R,Stayed
72,0,Female,31 to 40,Single,Bachelor's,From 5 to 10 years,From 5 to 10 years,Financial sector,Sales,Sales executive,From 5000 to 10000 S.R,2,Yes,No,No,I don't have overtime,No,No,I did not receive any training,No,Travel rarely,Low,No,Low,Difficult,Medium,Difficult,Yes,Yes,Yes,Yes,Low,Not satisfied,No,31 to 40,From 5000 to 10000 S.R,Stayed
73,0,Male,31 to 40,Married,Diploma or secondary,From 5 to 10 years,From 5 to 10 years,Financial sector,Sales,Salesman,From 5000 to 10000 S.R,2,Yes,No,No,I don't have overtime,No,Yes,I did not receive any training,No,I do not travel for work,Low,Yes,Medium,Easy,Close,Easy,Yes,Yes,No,No,High,Very satisfied,No,31 to 40,From 5000 to 10000 S.R,Stayed
74,0,Male,21 to 30,Single,Bachelor's,Less than 5 years,Less than 5 years,Financial sector,Sales,Consultant,From 5000 to 10000 S.R,2,Yes,Yes,Yes,Yes,No,No,From 1 to 3 training programs,Yes,I do not travel for work,Low,No,High,Difficult,Medium,Difficult,Yes,Yes,No,No,Low,Not satisfied,No,21 to 30,From 5000 to 10000 S.R,Stayed
75,1,Male,31 to 40,Married,Diploma or secondary,From 11 to 15 years,Less than 5 years,Financial sector,Customers service,Customer services representative,From 5000 to 10000 S.R,2,Yes,No,No,No,No,No,From 1 to 3 training programs,Yes,Travel rarely,Medium,Yes,Low,Difficult,Close,Difficult,Yes,Yes,No,No,High,Very satisfied,No,31 to 40,From 5000 to 10000 S.R,Left
76,1,Male,31 to 40,Married,Bachelor's,From 11 to 15 years,Less than 5 years,Tourism sector,Safety & Security,Security and safety specialist,Less than 5000 SAR,0,No,Yes,No,I don't have overtime,No,No,I did not receive any training,No,I do not travel for work,Low,No,High,Difficult,Medium,Medium,Yes,Yes,No,No,Low,Not satisfied,No,31 to 40,Less than 5000 SAR,Left
77,0,Female,21 to 30,Single,Bachelor's,Less than 5 years,Less than 5 years,Financial sector,Sales,Salesman,From 5000 to 10000 S.R,1,Yes,Yes,No,I don't have overtime,No,No,From 4 to 6 training programs,Yes,Travel frequently,Low,No,Medium,Medium,Medium,Difficult,Yes,Yes,No,Yes,Low,Not satisfied,Yes,21 to 30,From 5000 to 10000 S.R,Stayed
78,1,Male,31 to 40,Married,Diploma or secondary,From 11 to 15 years,From 5 to 10 years,Financial sector,Sales,Consultant,From 5000 to 10000 S.R,3,Yes,No,No,I don't have overtime,No,No,From 1 to 3 training programs,No,I do not travel for work,High,Yes,Low,Medium,Close,Medium,Yes,Yes,No,No,High,Not satisfied,No,31 to 40,From 5000 to 10000 S.R,Left
79,1,Male,21 to 30,Married,Diploma or secondary,From 5 to 10 years,From 5 to 10 years,Financial sector,Accounting,Admin accountant,From 5000 to 10000 S.R,1,Yes,Yes,Yes,Yes,No,Yes,From 4 to 6 training programs,Yes,I do not travel for work,Medium,No,Medium,Medium,Close,Medium,No,Sometimes,No,No,Medium,Satisfied,Yes,21 to 30,From 5000 to 10000 S.R,Left
80,1,Male,31 to 40,Married,Diploma or secondary,From 5 to 10 years,Less than 5 years,Medical sector,Technical support,IT specialist,From 5000 to 10000 S.R,2,Yes,Yes,No,I don't have overtime,No,No,I did not receive any training,No,Travel rarely,Medium,No,Low,Medium,Medium,Medium,Sometimes,Yes,Yes,No,Medium,Not satisfied,No,31 to 40,From 5000 to 10000 S.R,Left
81,0,Female,31 to 40,Married,Bachelor's,From 5 to 10 years,From 5 to 10 years,Financial sector,Sales,Salesman,From 5000 to 10000 S.R,2,Yes,No,No,I don't have overtime,No,No,From 4 to 6 training programs,Yes,Travel rarely,Medium,No,Low,Easy,Medium,Easy,Sometimes,Sometimes,No,No,High,Very satisfied,No,31 to 40,From 5000 to 10000 S.R,Stayed
82,0,Male,31 to 40,Married,Diploma or secondary,From 5 to 10 years,From 5 to 10 years,Financial sector,Sales,Salesman,From 5000 to 10000 S.R,2,Yes,Yes,Yes,Yes,No,No,From 4 to 6 training programs,No,Travel rarely,High,No,Low,Difficult,Close,Medium,No,Yes,No,No,High,Satisfied,No,31 to 40,From 5000 to 10000 S.R,Stayed
83,0,Female,21 to 30,Single,Bachelor's,Less than 5 years,Less than 5 years,Financial sector,Customers service,Customer services representative,From 5000 to 10000 S.R,2,Yes,No,No,I don't have overtime,No,No,I did not receive any training,No,I do not travel for work,Low,No,Low,Difficult,Medium,Difficult,Yes,Yes,No,No,Low,Not satisfied,No,21 to 30,From 5000 to 10000 S.R,Stayed
84,1,Male,31 to 40,Married,Bachelor's,From 5 to 10 years,Less than 5 years,Education sector,Administration,Manger assistant,Less than 5000 SAR,2,Yes,Yes,No,I don't have overtime,No,No,From 1 to 3 training programs,Yes,Travel rarely,Medium,Yes,Medium,Medium,Close,Difficult,Yes,Sometimes,No,No,Medium,Satisfied,No,31 to 40,Less than 5000 SAR,Left
85,1,Female,21 to 30,Single,Bachelor's,Less than 5 years,Less than 5 years,Education sector,Training,Trainer,Less than 5000 SAR,0,No,No,No,I don't have overtime,Yes,Yes,From 7 training programs to more,Yes,I do not travel for work,Medium,Yes,Medium,Difficult,Close,Easy,No,No,No,No,High,Very satisfied,Yes,21 to 30,Less than 5000 SAR,Left
86,0,Female,21 to 30,Married,Bachelor's,Less than 5 years,Less than 5 years,Financial sector,Sales,Salesman,From 5000 to 10000 S.R,2,Yes,No,No,No,No,No,From 7 training programs to more,Yes,I do not travel for work,Low,No,High,Medium,Close,Easy,Sometimes,Yes,No,No,Low,Satisfied,No,21 to 30,From 5000 to 10000 S.R,Stayed
87,1,Female,21 to 30,Single,Bachelor's,Less than 5 years,Less than 5 years,Education sector,Training,Trainer,Less than 5000 SAR,0,No,No,No,I don't have overtime,No,No,I did not receive any training,No,I do not travel for work,Low,No,Low,Difficult,Close,Easy,Yes,Yes,No,No,Low,Not satisfied,Yes,21 to 30,Less than 5000 SAR,Left
88,1,Male,21 to 30,Married,Diploma or secondary,From 5 to 10 years,From 5 to 10 years,Financial sector,Customers service,Customer services representative,From 5000 to 10000 S.R,2,Yes,Yes,Yes,No,No,No,From 4 to 6 training programs,Yes,I do not travel for work,Medium,Yes,Medium,Medium,Far,Medium,Sometimes,Sometimes,Yes,No,Medium,Not satisfied,Yes,21 to 30,From 5000 to 10000 S.R,Left
89,0,Male,31 to 40,Married,Ph.D,From 5 to 10 years,From 5 to 10 years,Education sector,Teaching,Lecturer,From 11000 to 15000 S.R,1,Yes,Yes,Yes,Yes,Yes,Yes,From 1 to 3 training programs,Yes,Travel rarely,Medium,Yes,High,Medium,Medium,Medium,Sometimes,No,Yes,No,Medium,Very satisfied,No,31 to 40,From 11000 to 15000 S.R,Stayed
90,1,Male,31 to 40,Married,Ph.D,From 11 to 15 years,Less than 5 years,Education sector,Information technology,IT specialist,From 5000 to 10000 S.R,3,Yes,No,Yes,No,No,No,From 1 to 3 training programs,No,I do not travel for work,Low,No,Low,Difficult,Medium,Medium,Sometimes,Yes,No,No,Medium,Not satisfied,Yes,31 to 40,From 5000 to 10000 S.R,Left
91,1,Male,31 to 40,Married,Master's,From 11 to 15 years,From 5 to 10 years,Communications and IT sector,Information technology,Cybersecurity director,From 11000 to 15000 S.R,1,No,No,Yes,Yes,No,Yes,From 4 to 6 training programs,Yes,Travel rarely,Low,Yes,Medium,Medium,Far,Easy,Sometimes,Yes,Yes,No,High,Satisfied,Yes,31 to 40,From 11000 to 15000 S.R,Left
92,0,Male,31 to 40,Married,Master's,Less than 5 years,Less than 5 years,Communications and IT sector,HR,Consultant,From 11000 to 15000 S.R,1,No,No,No,I don't have overtime,No,No,From 1 to 3 training programs,Yes,Travel rarely,Low,No,Low,Medium,Close,Easy,Sometimes,Sometimes,Yes,No,Medium,Satisfied,No,31 to 40,From 11000 to 15000 S.R,Stayed
93,1,Male,31 to 40,Married,Master's,Less than 5 years,Less than 5 years,Tourism sector,Information technology,IT specialist,Less than 5000 SAR,0,No,No,No,I don't have overtime,No,No,I did not receive any training,No,I do not travel for work,Low,No,Low,Difficult,Close,Medium,Sometimes,Sometimes,No,No,Low,Not satisfied,No,31 to 40,Less than 5000 SAR,Left
94,0,Male,21 to 30,Married,Ph.D,From 5 to 10 years,From 5 to 10 years,Education sector,Teaching,Teacher,From 11000 to 15000 S.R,0,No,No,Yes,No,No,No,I did not receive any training,No,I do not travel for work,Low,No,High,Medium,Medium,Medium,No,No,Yes,No,Medium,Satisfied,No,21 to 30,From 11000 to 15000 S.R,Stayed
95,1,Male,21 to 30,Single,Bachelor's,Less than 5 years,Less than 5 years,Economic sector,Accounting,Accountant,Less than 5000 SAR,0,No,No,No,No,No,No,I did not receive any training,No,I do not travel for work,Low,Yes,Low,Difficult,Close,Difficult,No,No,No,No,Medium,Satisfied,Yes,21 to 30,Less than 5000 SAR,Left
96,0,Male,31 to 40,Married,Bachelor's,From 11 to 15 years,From 11 to 15 years,Financial sector,Accounting,Admin accountant,From 5000 to 10000 S.R,2,Yes,No,No,I don't have overtime,No,No,From 1 to 3 training programs,Yes,Travel rarely,Medium,Yes,High,Medium,Close,Medium,Sometimes,Sometimes,Yes,No,High,Satisfied,No,31 to 40,From 5000 to 10000 S.R,Stayed
97,1,Male,31 to 40,Married,Bachelor's,Less than 5 years,Less than 5 years,Financial sector,Accounting,Accountant,From 5000 to 10000 S.R,1,Yes,No,No,I don't have overtime,Yes,No,I did not receive any training,No,I do not travel for work,Medium,Yes,Low,Difficult,Close,Medium,No,No,Yes,No,High,Satisfied,No,31 to 40,From 5000 to 10000 S.R,Left
98,0,Male,31 to 40,Married,Ph.D,From 11 to 15 years,From 11 to 15 years,Education sector,Teaching,Lecturer,From 16000 to 20000 S.R,0,No,No,No,No,No,No,From 4 to 6 training programs,No,Travel rarely,Medium,No,Medium,Medium,Medium,Medium,Yes,Yes,No,No,Medium,Satisfied,No,31 to 40,From 16000 to 20000 S.R,Stayed
99,1,Male,41 to 50,Married,Ph.D,From 11 to 15 years,Less than 5 years,Medical sector,Processes,Consultant,S.R 31000 - and more,2,Yes,No,Yes,No,No,Yes,From 4 to 6 training programs,Yes,Travel frequently,Medium,Yes,Medium,Medium,Close,Medium,Yes,Sometimes,No,No,Medium,Not satisfied,Yes,41 to 50,S.R 31000 - and more,Left
100,1,Male,41 to 50,Married,Bachelor's,Less than 5 years,Less than 5 years,Financial sector,Sales,Salesman,From 5000 to 10000 S.R,2,Yes,Yes,No,I don't have overtime,Yes,Yes,From 1 to 3 training programs,Yes,Travel rarely,High,Yes,High,Medium,Medium,Easy,No,No,Yes,No,High,Very satisfied,No,41 to 50,From 5000 to 10000 S.R,Left
101,0,Female,31 to 40,Married,Bachelor's,Less than 5 years,Less than 5 years,Education sector,Teaching,Teacher,Less than 5000 SAR,0,No,No,Yes,No,No,No,From 1 to 3 training programs,Yes,I do not travel for work,Low,Yes,Medium,Medium,Far,Medium,Yes,Yes,No,No,Medium,Satisfied,Yes,31 to 40,Less than 5000 SAR,Stayed
102,0,Female,21 to 30,Married,Bachelor's,From 5 to 10 years,From 5 to 10 years,Transport sector,Administration,Administrative manager,Less than 5000 SAR,0,No,No,No,I don't have overtime,No,No,I did not receive any training,No,I do not travel for work,Low,No,Low,Easy,Medium,Medium,Sometimes,Sometimes,No,No,Low,Not satisfied,No,21 to 30,Less than 5000 SAR,Stayed
103,0,Female,21 to 30,Single,Bachelor's,Less than 5 years,Less than 5 years,Education sector,Teaching,Teacher,Less than 5000 SAR,0,No,No,No,I don't have overtime,No,No,From 1 to 3 training programs,Yes,I do not travel for work,Medium,Yes,Low,Medium,Close,Easy,Yes,Yes,No,No,Low,Not satisfied,No,21 to 30,Less than 5000 SAR,Stayed
104,0,Female,31 to 40,Single,Bachelor's,Less than 5 years,Less than 5 years,Education sector,Teaching,Teacher,Less than 5000 SAR,0,No,No,No,I don't have overtime,No,No,From 1 to 3 training programs,Yes,I do not travel for work,Low,Yes,Medium,Medium,Medium,Medium,Yes,Yes,No,No,Medium,Satisfied,Yes,31 to 40,Less than 5000 SAR,Stayed
105,0,Female,21 to 30,Married,Bachelor's,Less than 5 years,Less than 5 years,Transport sector,Administration,Administrative manager,Less than 5000 SAR,0,No,No,No,I don't have overtime,No,No,I did not receive any training,No,I do not travel for work,Medium,No,Low,Difficult,Far,Medium,Yes,Yes,No,No,Low,Not satisfied,Yes,21 to 30,Less than 5000 SAR,Stayed
106,0,Female,31 to 40,Married,Bachelor's,Less than 5 years,Less than 5 years,Education sector,Teaching,Teacher,Less than 5000 SAR,0,No,No,No,I don't have overtime,No,No,I did not receive any training,No,I do not travel for work,Low,No,Medium,Medium,Medium,Medium,Sometimes,Sometimes,No,No,Medium,Satisfied,No,31 to 40,Less than 5000 SAR,Stayed
107,1,Female,51 to 60,Married,Ph.D,From 26 to 30 years,From 5 to 10 years,Medical sector,Patient Affairs,Doctor,From 5000 to 10000 S.R,0,Yes,No,Yes,Yes,No,No,From 1 to 3 training programs,Yes,I do not travel for work,Medium,Yes,High,Easy,Close,Easy,Sometimes,Sometimes,No,No,Medium,Satisfied,Yes,51 to 60,From 5000 to 10000 S.R,Left
108,0,Female,31 to 40,Married,Bachelor's,Less than 5 years,Less than 5 years,Education sector,Teaching,Teacher,Less than 5000 SAR,0,No,No,No,I don't have overtime,No,No,From 1 to 3 training programs,Yes,I do not travel for work,Low,Yes,Low,Medium,Close,Medium,Sometimes,No,Yes,No,Medium,Satisfied,No,31 to 40,Less than 5000 SAR,Stayed
109,0,Female,31 to 40,Married,Bachelor's,Less than 5 years,Less than 5 years,Education sector,Teaching,Teacher,Less than 5000 SAR,0,No,No,No,I don't have overtime,No,No,From 7 training programs to more,Yes,I do not travel for work,Low,Yes,High,Difficult,Medium,Difficult,Sometimes,Sometimes,No,Yes,Low,Satisfied,No,31 to 40,Less than 5000 SAR,Stayed
110,1,Female,31 to 40,Single,Bachelor's,From 5 to 10 years,Less than 5 years,Financial sector,HR,HR Specialist,Less than 5000 SAR,1,No,No,No,I don't have overtime,No,No,From 7 training programs to more,No,I do not travel for work,Low,No,High,Medium,Far,Easy,No,No,No,No,High,Not satisfied,Yes,31 to 40,Less than 5000 SAR,Left
111,0,Female,31 to 40,Married,Bachelor's,Less than 5 years,Less than 5 years,Education sector,Teaching,Teacher,Less than 5000 SAR,0,No,No,No,I don't have overtime,No,No,From 1 to 3 training programs,Yes,I do not travel for work,Medium,Yes,High,Easy,Close,Medium,Yes,Sometimes,Yes,No,High,Satisfied,No,31 to 40,Less than 5000 SAR,Stayed
112,0,Female,31 to 40,Single,Master's,From 5 to 10 years,From 5 to 10 years,Medical sector,Patient Affairs,Doctor,From 21000 to 25000 S.R,2,Yes,No,No,No,No,No,From 1 to 3 training programs,Yes,Travel rarely,High,No,Low,Easy,Medium,Difficult,Yes,Yes,No,No,High,Satisfied,No,31 to 40,From 21000 to 25000 S.R,Stayed
113,0,Female,41 to 50,Married,Bachelor's,From 11 to 15 years,From 11 to 15 years,Education sector,Teaching,Teacher,From 5000 to 10000 S.R,0,No,No,No,No,Yes,No,From 7 training programs to more,No,I do not travel for work,Medium,Yes,Medium,Easy,Close,Medium,Sometimes,No,Yes,No,High,Satisfied,No,41 to 50,From 5000 to 10000 S.R,Stayed
114,1,Female,21 to 30,Married,Bachelor's,Less than 5 years,Less than 5 years,Education sector,Teaching,Trainer,Less than 5000 SAR,0,No,No,No,I don't have overtime,No,No,I did not receive any training,No,I do not travel for work,Low,Yes,High,Medium,Close,Easy,No,No,Yes,No,High,Satisfied,Yes,21 to 30,Less than 5000 SAR,Left
115,0,Female,31 to 40,Single,Master's,From 11 to 15 years,From 11 to 15 years,Education sector,Teaching,Lecturer,From 5000 to 10000 S.R,1,No,No,No,I don't have overtime,No,No,From 4 to 6 training programs,No,I do not travel for work,Low,No,Low,Easy,Medium,Difficult,Yes,Yes,No,No,Medium,Not satisfied,No,31 to 40,From 5000 to 10000 S.R,Stayed
116,1,Female,21 to 30,Single,Bachelor's,From 5 to 10 years,Less than 5 years,Financial sector,Accounting,Accountant,From 5000 to 10000 S.R,2,Yes,Yes,Yes,Yes,No,No,From 1 to 3 training programs,No,I do not travel for work,Low,Yes,Low,Medium,Medium,Difficult,Sometimes,Yes,No,No,Low,Not satisfied,Yes,21 to 30,From 5000 to 10000 S.R,Left
117,1,Female,21 to 30,Married,Bachelor's,Less than 5 years,Less than 5 years,Transport sector,Information technology,IT specialist,From 11000 to 15000 S.R,0,No,No,No,I don't have overtime,No,No,I did not receive any training,No,Travel rarely,High,No,Low,Difficult,Medium,Difficult,Yes,Yes,No,Yes,Low,Not satisfied,No,21 to 30,From 11000 to 15000 S.R,Left
118,1,Male,31 to 40,Married,Master's,From 5 to 10 years,Less than 5 years,Financial sector,Processes,Operations Supervisor,From 5000 to 10000 S.R,2,Yes,Yes,No,No,No,No,From 1 to 3 training programs,No,I do not travel for work,Medium,No,Medium,Difficult,Close,Difficult,Yes,Yes,No,No,Low,Not satisfied,Yes,31 to 40,From 5000 to 10000 S.R,Left
119,1,Female,31 to 40,Married,Master's,From 5 to 10 years,From 5 to 10 years,Food production sector,Sales,Salesman,From 11000 to 15000 S.R,2,Yes,Yes,No,No,No,No,From 1 to 3 training programs,No,I do not travel for work,Medium,No,Medium,Easy,Close,Easy,No,No,Yes,No,Medium,Satisfied,Yes,31 to 40,From 11000 to 15000 S.R,Left
120,1,Male,21 to 30,Married,Bachelor's,From 5 to 10 years,Less than 5 years,Food production sector,Safety & Security,Security and safety specialist,From 11000 to 15000 S.R,2,Yes,No,Yes,No,No,No,From 1 to 3 training programs,Yes,I do not travel for work,Low,No,Low,Easy,Far,Difficult,Sometimes,Yes,No,No,Low,Not satisfied,Yes,21 to 30,From 11000 to 15000 S.R,Left
121,0,Female,21 to 30,Married,Master's,Less than 5 years,Less than 5 years,Education sector,Teaching,Teacher,From 5000 to 10000 S.R,2,Yes,No,No,No,Yes,No,From 1 to 3 training programs,Yes,I do not travel for work,Medium,Yes,High,Medium,Medium,Medium,Yes,Yes,No,No,Medium,Satisfied,Yes,21 to 30,From 5000 to 10000 S.R,Stayed
122,0,Female,21 to 30,Single,Bachelor's,Less than 5 years,Less than 5 years,Communications and IT sector,Administration,Manger assistant,From 5000 to 10000 S.R,1,No,Yes,No,I don't have overtime,Yes,Yes,From 4 to 6 training programs,Yes,I do not travel for work,Medium,Yes,Medium,Medium,Medium,Easy,Sometimes,Sometimes,No,No,Medium,Satisfied,No,21 to 30,From 5000 to 10000 S.R,Stayed
123,1,Male,21 to 30,Single,Bachelor's,Less than 5 years,Less than 5 years,Communications and IT sector,Information technology,IT specialist,From 5000 to 10000 S.R,2,Yes,No,No,I don't have overtime,No,No,I did not receive any training,No,I do not travel for work,Low,No,High,Difficult,Close,Difficult,Yes,Yes,No,No,Medium,Not satisfied,Yes,21 to 30,From 5000 to 10000 S.R,Left
124,1,Female,31 to 40,Single,Bachelor's,Less than 5 years,Less than 5 years,Transport sector,Processes,Data entry operator,Less than 5000 SAR,1,Yes,No,No,I don't have overtime,No,No,I did not receive any training,No,I do not travel for work,Low,No,High,Easy,Close,Medium,No,No,No,No,Low,Satisfied,No,31 to 40,Less than 5000 SAR,Left
125,1,Male,31 to 40,Single,Diploma or secondary,From 5 to 10 years,Less than 5 years,Communications and IT sector,Technical support,IT specialist,Less than 5000 SAR,0,Yes,No,No,I don't have overtime,No,No,From 4 to 6 training programs,Yes,Travel rarely,Low,No,Medium,Medium,Close,Medium,Sometimes,Sometimes,No,No,Medium,Satisfied,No,31 to 40,Less than 5000 SAR,Left
126,0,Male,21 to 30,Single,Bachelor's,Less than 5 years,Less than 5 years,Food production sector,Processes,Quality Specialist,From 11000 to 15000 S.R,2,Yes,Yes,No,I don't have overtime,No,No,I did not receive any training,No,I do not travel for work,Medium,Yes,High,Easy,Close,Medium,Sometimes,No,Yes,No,High,Satisfied,Yes,21 to 30,From 11000 to 15000 S.R,Stayed
127,1,Male,21 to 30,Single,Bachelor's,From 5 to 10 years,Less than 5 years,Industry sector,Marketing,Marketing Specialist,Less than 5000 SAR,1,Yes,Yes,Yes,Yes,No,No,I did not receive any training,No,Travel rarely,Low,No,Medium,Medium,Medium,Easy,No,Sometimes,Yes,No,Medium,Satisfied,No,21 to 30,Less than 5000 SAR,Left
128,1,Female,21 to 30,Single,Bachelor's,Less than 5 years,Less than 5 years,Food production sector,Customers service,Customer services representative,Less than 5000 SAR,4,Yes,No,Yes,No,No,No,I did not receive any training,No,I do not travel for work,Low,No,Low,Difficult,Far,Medium,Sometimes,Yes,No,No,Medium,Not satisfied,No,21 to 30,Less than 5000 SAR,Left
129,1,Male,21 to 30,Single,Bachelor's,Less than 5 years,Less than 5 years,Industry sector,HR,HR Specialist,Less than 5000 SAR,2,Yes,No,No,No,No,No,I did not receive any training,No,Travel rarely,Medium,Yes,Medium,Medium,Close,Medium,Yes,Sometimes,No,No,Medium,Satisfied,Yes,21 to 30,Less than 5000 SAR,Left
130,1,Female,21 to 30,Single,Bachelor's,From 5 to 10 years,Less than 5 years,Medical sector,Marketing,Marketing Specialist,Less than 5000 SAR,0,Yes,Yes,No,I don't have overtime,No,No,I did not receive any training,No,I do not travel for work,Low,Yes,Medium,Medium,Close,Medium,Yes,Yes,Yes,No,Medium,Satisfied,Yes,21 to 30,Less than 5000 SAR,Left
131,1,Male,31 to 40,Married,Master's,From 5 to 10 years,From 5 to 10 years,Media sector,Administration,Administrative manager,From 16000 to 20000 S.R,2,Yes,No,No,I don't have overtime,No,No,From 1 to 3 training programs,Yes,Travel rarely,Low,No,Medium,Medium,Far,Medium,Yes,Yes,Yes,Yes,Medium,Satisfied,Yes,31 to 40,From 16000 to 20000 S.R,Left
132,0,Female,41 to 50,Married,Bachelor's,Less than 5 years,Less than 5 years,Economic sector,Marketing,Marketing Specialist,Less than 5000 SAR,0,No,No,Yes,No,No,No,I did not receive any training,No,I do not travel for work,Low,No,Low,Medium,Close,Medium,Sometimes,Yes,No,No,Low,Not satisfied,No,41 to 50,Less than 5000 SAR,Stayed
133,1,Female,21 to 30,Single,Bachelor's,Less than 5 years,Less than 5 years,Engineering consulting companies,HR,HR Specialist,Less than 5000 SAR,2,No,No,No,I don't have overtime,No,No,I did not receive any training,No,I do not travel for work,Low,No,Low,Difficult,Medium,Easy,No,Yes,No,No,Low,Not satisfied,No,21 to 30,Less than 5000 SAR,Left
134,1,Female,21 to 30,Single,Bachelor's,From 5 to 10 years,From 5 to 10 years,Financial sector,Accounting,Admin accountant,From 5000 to 10000 S.R,2,Yes,No,No,No,No,No,I did not receive any training,No,I do not travel for work,Medium,No,Medium,Medium,Close,Easy,No,No,Yes,No,High,Satisfied,No,21 to 30,From 5000 to 10000 S.R,Left
135,0,Female,21 to 30,Single,Bachelor's,Less than 5 years,Less than 5 years,Industry sector,Information technology,Application specialist,From 5000 to 10000 S.R,2,Yes,No,No,I don't have overtime,No,No,I did not receive any training,No,I do not travel for work,Medium,Yes,High,Easy,Medium,Difficult,Yes,Yes,No,No,Medium,Satisfied,No,21 to 30,From 5000 to 10000 S.R,Stayed
137,1,Female,21 to 30,Married,Bachelor's,Less than 5 years,Less than 5 years,Communications and IT sector,Customers service,Customer services representative,Less than 5000 SAR,2,Yes,No,Yes,No,No,No,I did not receive any training,No,I do not travel for work,Low,No,High,Difficult,Far,Medium,Yes,Yes,No,No,Low,Not satisfied,No,21 to 30,Less than 5000 SAR,Left
138,1,Female,21 to 30,Single,Diploma or secondary,From 5 to 10 years,From 5 to 10 years,Medical sector,Customers service,Customer services representative,From 5000 to 10000 S.R,2,Yes,Yes,Yes,No,Yes,No,I did not receive any training,No,I do not travel for work,Low,Yes,High,Easy,Medium,Difficult,Sometimes,Yes,Yes,No,High,Not satisfied,No,21 to 30,From 5000 to 10000 S.R,Left
139,0,Female,21 to 30,Single,Bachelor's,Less than 5 years,Less than 5 years,"Environment, Water, and Agriculture sector",Processes,Chemical Engineer,From 5000 to 10000 S.R,1,No,No,No,I don't have overtime,No,No,I did not receive any training,No,I do not travel for work,Low,No,Medium,Medium,Medium,Medium,No,No,No,No,Low,Not satisfied,No,21 to 30,From 5000 to 10000 S.R,Stayed
140,1,Female,21 to 30,Married,Bachelor's,Less than 5 years,Less than 5 years,Law firm,Legal Affairs,Lawyer,From 5000 to 10000 S.R,0,No,No,Yes,No,No,No,From 1 to 3 training programs,Yes,I do not travel for work,Low,No,High,Difficult,Medium,Easy,No,Yes,No,No,Low,Satisfied,No,21 to 30,From 5000 to 10000 S.R,Left
141,1,Male,21 to 30,Married,Diploma or secondary,From 11 to 15 years,From 11 to 15 years,Food production sector,Processes,Driver,Less than 5000 SAR,2,Yes,Yes,Yes,No,No,No,I did not receive any training,No,Travel frequently,Low,No,Low,Easy,Medium,Easy,Yes,No,No,No,Low,Not satisfied,Yes,21 to 30,Less than 5000 SAR,Left
142,1,Female,21 to 30,Married,Bachelor's,From 5 to 10 years,Less than 5 years,Education sector,Teaching,Teacher,From 5000 to 10000 S.R,1,No,No,No,I don't have overtime,No,No,I did not receive any training,No,I do not travel for work,Medium,Yes,Medium,Medium,Close,Easy,Yes,Yes,No,No,Low,Not satisfied,Yes,21 to 30,From 5000 to 10000 S.R,Left
143,0,Female,31 to 40,Single,Bachelor's,From 5 to 10 years,From 5 to 10 years,Financial sector,Relations,Relationships Specialist,From 11000 to 15000 S.R,2,Yes,Yes,No,No,No,No,From 1 to 3 training programs,No,I do not travel for work,Low,No,Low,Difficult,Close,Difficult,Yes,Yes,No,No,Low,Not satisfied,No,31 to 40,From 11000 to 15000 S.R,Stayed
144,1,Female,21 to 30,Married,Bachelor's,Less than 5 years,Less than 5 years,Medical sector,Customers service,Customer services representative,Less than 5000 SAR,0,Yes,No,Yes,No,No,No,I did not receive any training,No,I do not travel for work,Low,No,Medium,Difficult,Close,Medium,Yes,Yes,Yes,No,Low,Satisfied,No,21 to 30,Less than 5000 SAR,Left
145,0,Female,21 to 30,Single,Bachelor's,Less than 5 years,Less than 5 years,Industry sector,HR,HR Specialist,From 5000 to 10000 S.R,1,Yes,No,Yes,No,Yes,Yes,I did not receive any training,No,I do not travel for work,Low,Yes,High,Difficult,Medium,Medium,Sometimes,Yes,No,No,Low,Satisfied,No,21 to 30,From 5000 to 10000 S.R,Stayed
146,1,Male,21 to 30,Single,Diploma or secondary,Less than 5 years,Less than 5 years,Medical sector,Accounting,Accountant,Less than 5000 SAR,0,No,No,No,No,No,No,I did not receive any training,No,Travel frequently,Low,No,Low,Difficult,Far,Difficult,Yes,Yes,No,No,Low,Satisfied,No,21 to 30,Less than 5000 SAR,Left
147,1,Female,51 to 60,Married,Bachelor's,From 11 to 15 years,From 11 to 15 years,Medical sector,Administration,Secretariat,From 5000 to 10000 S.R,3,Yes,No,No,I don't have overtime,Yes,No,From 1 to 3 training programs,No,I do not travel for work,Low,No,High,Difficult,Medium,Medium,No,Sometimes,No,No,Low,Satisfied,No,51 to 60,From 5000 to 10000 S.R,Left
148,1,Male,21 to 30,Single,Diploma or secondary,From 5 to 10 years,Less than 5 years,Energy sector,Processes,Electrical engineer,Less than 5000 SAR,2,Yes,No,No,I don't have overtime,No,No,I did not receive any training,No,I do not travel for work,Low,No,Low,Difficult,Close,Difficult,Yes,Yes,Yes,No,Low,Not satisfied,No,21 to 30,Less than 5000 SAR,Left
149,1,Female,21 to 30,Single,Bachelor's,Less than 5 years,Less than 5 years,Economic sector,Accounting,Accountant,From 5000 to 10000 S.R,2,Yes,No,No,I don't have overtime,No,Yes,I did not receive any training,No,I do not travel for work,Low,No,High,Difficult,Medium,Difficult,Sometimes,Yes,Yes,No,Medium,Not satisfied,No,21 to 30,From 5000 to 10000 S.R,Left
150,0,Male,31 to 40,Married,Diploma or secondary,From 11 to 15 years,From 11 to 15 years,Financial sector,Accounting,Admin accountant,From 5000 to 10000 S.R,2,Yes,Yes,No,Yes,Yes,No,I did not receive any training,No,I do not travel for work,Medium,Yes,Medium,Difficult,Far,Difficult,Yes,Yes,No,No,Medium,Satisfied,No,31 to 40,From 5000 to 10000 S.R,Stayed
151,1,Male,31 to 40,Married,Bachelor's,From 11 to 15 years,From 11 to 15 years,Energy sector,Processes,Electrical engineer,From 5000 to 10000 S.R,2,Yes,No,Yes,Yes,No,No,I did not receive any training,No,I do not travel for work,High,Yes,High,Easy,Medium,Easy,Sometimes,No,Yes,No,High,Very satisfied,Yes,31 to 40,From 5000 to 10000 S.R,Left
152,0,Female,21 to 30,Single,Bachelor's,Less than 5 years,Less than 5 years,Medical sector,Relations,Relationships Specialist,Less than 5000 SAR,0,Yes,No,No,I don't have overtime,No,No,I did not receive any training,No,Travel rarely,Low,No,Medium,Medium,Medium,Difficult,Yes,Yes,No,No,Medium,Satisfied,Yes,21 to 30,Less than 5000 SAR,Stayed
153,0,Female,21 to 30,Single,Diploma or secondary,Less than 5 years,Less than 5 years,Medical sector,Customers service,Customer services representative,From 5000 to 10000 S.R,3,Yes,Yes,Yes,Yes,Yes,Yes,I did not receive any training,No,I do not travel for work,High,Yes,High,Medium,Close,Medium,Yes,Yes,Yes,No,High,Very satisfied,No,21 to 30,From 5000 to 10000 S.R,Stayed
154,0,Female,21 to 30,Single,Bachelor's,Less than 5 years,Less than 5 years,Transport sector,HR,HR Specialist,From 5000 to 10000 S.R,2,Yes,Yes,No,I don't have overtime,Yes,Yes,From 1 to 3 training programs,Yes,I do not travel for work,Medium,Yes,Medium,Medium,Medium,Difficult,Sometimes,Yes,No,No,Medium,Satisfied,Yes,21 to 30,From 5000 to 10000 S.R,Stayed
155,0,Female,21 to 30,Single,Bachelor's,Less than 5 years,Less than 5 years,Industry sector,Information technology,Application specialist,Less than 5000 SAR,1,Yes,No,Yes,No,No,No,I did not receive any training,No,I do not travel for work,Low,No,Medium,Medium,Medium,Medium,Yes,Yes,No,Yes,Low,Not satisfied,No,21 to 30,Less than 5000 SAR,Stayed
156,0,Female,21 to 30,Single,Bachelor's,Less than 5 years,Less than 5 years,Economic sector,Sales,Salesman,Less than 5000 SAR,1,Yes,No,No,I don't have overtime,No,No,I did not receive any training,No,I do not travel for work,Low,No,Low,Easy,Medium,Difficult,Yes,Yes,No,No,Low,Not satisfied,No,21 to 30,Less than 5000 SAR,Stayed
157,1,Male,31 to 40,Married,Bachelor's,From 5 to 10 years,From 5 to 10 years,Education sector,Sales,Sales representative,Less than 5000 SAR,2,Yes,No,No,I don't have overtime,No,No,From 1 to 3 training programs,Yes,Travel rarely,Medium,Yes,High,Medium,Close,Medium,No,No,No,No,Medium,Satisfied,No,31 to 40,Less than 5000 SAR,Left
158,0,Male,31 to 40,Married,Bachelor's,Less than 5 years,Less than 5 years,"Environment, Water, and Agriculture sector",Processes,Quality Specialist,From 5000 to 10000 S.R,2,Yes,Yes,Yes,Yes,No,No,From 1 to 3 training programs,Yes,Travel rarely,Medium,No,Medium,Medium,Far,Medium,Sometimes,No,No,No,Medium,Satisfied,No,31 to 40,From 5000 to 10000 S.R,Stayed
159,0,Male,31 to 40,Single,Diploma or secondary,Less than 5 years,Less than 5 years,Economic sector,Sales,Salesman,Less than 5000 SAR,1,Yes,No,No,I don't have overtime,No,No,I did not receive any training,No,I do not travel for work,Medium,No,High,Difficult,Medium,Medium,Yes,Yes,No,No,Medium,Satisfied,No,31 to 40,Less than 5000 SAR,Stayed
160,1,Male,31 to 40,Married,Diploma or secondary,From 5 to 10 years,Less than 5 years,Industry sector,Safety & Security,Supervisor,Less than 5000 SAR,2,Yes,No,No,Yes,No,No,I did not receive any training,No,Travel frequently,Low,No,Low,Easy,Far,Difficult,Yes,Yes,No,Yes,Low,Not satisfied,Yes,31 to 40,Less than 5000 SAR,Left
161,1,Male,21 to 30,Single,Diploma or secondary,From 5 to 10 years,Less than 5 years,Transport sector,HR,HR Specialist,From 5000 to 10000 S.R,2,Yes,No,Yes,No,No,No,I did not receive any training,No,Travel frequently,Medium,Yes,High,Difficult,Medium,Medium,No,Yes,Yes,Yes,High,Very satisfied,Yes,21 to 30,From 5000 to 10000 S.R,Left
162,1,Male,21 to 30,Single,Bachelor's,Less than 5 years,Less than 5 years,Transport sector,HR,HR Specialist,From 5000 to 10000 S.R,2,Yes,No,No,No,Yes,No,From 1 to 3 training programs,Yes,Travel rarely,Low,No,Low,Difficult,Close,Medium,Yes,Yes,No,No,Medium,Not satisfied,No,21 to 30,From 5000 to 10000 S.R,Left
163,0,Male,21 to 30,Single,Bachelor's,Less than 5 years,Less than 5 years,"Environment, Water, and Agriculture sector",Processes,Chemical Engineer,From 5000 to 10000 S.R,2,Yes,No,No,I don't have overtime,Yes,No,From 1 to 3 training programs,Yes,I do not travel for work,Medium,Yes,Medium,Medium,Close,Medium,No,Sometimes,No,No,High,Very satisfied,No,21 to 30,From 5000 to 10000 S.R,Stayed
164,1,Female,31 to 40,Single,Bachelor's,Less than 5 years,Less than 5 years,Economic sector,Accounting,Accountant,Less than 5000 SAR,1,No,No,No,I don't have overtime,No,No,I did not receive any training,No,I do not travel for work,Low,No,Low,Difficult,Medium,Difficult,Yes,Yes,No,Yes,Low,Not satisfied,No,31 to 40,Less than 5000 SAR,Left
165,1,Female,31 to 40,Single,Master's,From 5 to 10 years,Less than 5 years,Food production sector,Administration,Administrative manager,From 5000 to 10000 S.R,2,Yes,No,Yes,No,Yes,No,I did not receive any training,No,Travel rarely,Medium,No,High,Difficult,Far,Difficult,No,Yes,No,No,Medium,Satisfied,No,31 to 40,From 5000 to 10000 S.R,Left
166,1,Female,21 to 30,Single,Bachelor's,Less than 5 years,Less than 5 years,Medical sector,Patient Affairs,Nurse,Less than 5000 SAR,2,Yes,Yes,Yes,Yes,No,No,From 1 to 3 training programs,Yes,I do not travel for work,Medium,No,Low,Medium,Close,Medium,Yes,Yes,No,Yes,Medium,Not satisfied,No,21 to 30,Less than 5000 SAR,Left
167,1,Female,31 to 40,Single,Bachelor's,Less than 5 years,Less than 5 years,Medical sector,Processes,Data entry operator,Less than 5000 SAR,2,Yes,No,No,No,No,No,I did not receive any training,No,I do not travel for work,Low,No,Medium,Difficult,Close,Medium,Yes,Sometimes,No,No,High,Not satisfied,No,31 to 40,Less than 5000 SAR,Left
168,1,Female,31 to 40,Married,Bachelor's,Less than 5 years,Less than 5 years,Education sector,Teaching,Trainer,Less than 5000 SAR,0,No,Yes,No,I don't have overtime,Yes,No,From 1 to 3 training programs,Yes,I do not travel for work,Low,Yes,High,Medium,Medium,Medium,Sometimes,No,No,No,Medium,Satisfied,Yes,31 to 40,Less than 5000 SAR,Left
169,0,Female,21 to 30,Married,Bachelor's,Less than 5 years,Less than 5 years,Education sector,Training,Trainer,Less than 5000 SAR,0,No,No,Yes,Yes,No,Yes,From 1 to 3 training programs,Yes,I do not travel for work,Low,Yes,Medium,Medium,Medium,Medium,Yes,Yes,Yes,No,Medium,Satisfied,Yes,21 to 30,Less than 5000 SAR,Stayed
170,0,Female,21 to 30,Single,Bachelor's,Less than 5 years,Less than 5 years,Education sector,Training,Trainer,From 11000 to 15000 S.R,0,No,No,No,I don't have overtime,Yes,No,From 4 to 6 training programs,Yes,I do not travel for work,Medium,Yes,Medium,Medium,Close,Medium,Yes,Yes,Yes,No,Low,Satisfied,No,21 to 30,From 11000 to 15000 S.R,Stayed
171,0,Female,21 to 30,Married,Diploma or secondary,Less than 5 years,Less than 5 years,Tourism sector,Customers service,Supervisor,Less than 5000 SAR,0,Yes,No,No,I don't have overtime,No,No,I did not receive any training,No,I do not travel for work,Low,No,Medium,Easy,Medium,Medium,Yes,Yes,No,No,Medium,Not satisfied,No,21 to 30,Less than 5000 SAR,Stayed
172,1,Male,21 to 30,Single,Bachelor's,From 11 to 15 years,From 11 to 15 years,Financial sector,Treasury,Treasury agent,From 16000 to 20000 S.R,2,Yes,Yes,Yes,I don't have overtime,No,No,I did not receive any training,Yes,I do not travel for work,Medium,Yes,Low,Medium,Medium,Medium,Sometimes,Sometimes,No,No,Low,Not satisfied,Yes,21 to 30,From 16000 to 20000 S.R,Left
173,0,Male,31 to 40,Married,Bachelor's,From 11 to 15 years,From 11 to 15 years,Medical sector,Administration,Administrative manager,From 5000 to 10000 S.R,0,Yes,Yes,Yes,Yes,No,No,From 1 to 3 training programs,No,Travel frequently,Medium,No,High,Difficult,Close,Medium,Sometimes,Yes,No,Yes,Medium,Not satisfied,Yes,31 to 40,From 5000 to 10000 S.R,Stayed
174,1,Female,31 to 40,Married,Bachelor's,Less than 5 years,Less than 5 years,Medical sector,Patient Affairs,Nurse,From 5000 to 10000 S.R,1,Yes,No,No,I don't have overtime,Yes,No,I did not receive any training,No,I do not travel for work,Medium,No,Medium,Medium,Medium,Medium,Sometimes,No,No,No,Medium,Satisfied,Yes,31 to 40,From 5000 to 10000 S.R,Left
175,1,Female,21 to 30,Married,Diploma or secondary,From 5 to 10 years,From 5 to 10 years,Food production sector,Sales,Supervisor,Less than 5000 SAR,3,Yes,No,Yes,Yes,No,No,From 1 to 3 training programs,No,I do not travel for work,Low,No,Low,Difficult,Medium,Difficult,Yes,Yes,No,No,Low,Not satisfied,Yes,21 to 30,Less than 5000 SAR,Left
176,0,Female,21 to 30,Single,Diploma or secondary,From 11 to 15 years,From 11 to 15 years,Food production sector,Sales,Salesman,Less than 5000 SAR,1,No,Yes,Yes,Yes,Yes,Yes,From 1 to 3 training programs,Yes,I do not travel for work,Medium,No,High,Medium,Close,Easy,No,No,Yes,No,High,Very satisfied,No,21 to 30,Less than 5000 SAR,Stayed
177,0,Female,21 to 30,Married,Bachelor's,Less than 5 years,Less than 5 years,Communications and IT sector,Customers service,Customer services representative,Less than 5000 SAR,2,Yes,No,No,I don't have overtime,Yes,No,I did not receive any training,No,I do not travel for work,Medium,Yes,Medium,Medium,Medium,Medium,No,Yes,No,No,Medium,Satisfied,No,21 to 30,Less than 5000 SAR,Stayed
178,1,Female,21 to 30,Single,Bachelor's,From 5 to 10 years,From 5 to 10 years,Financial sector,Treasury,Treasury agent,From 16000 to 20000 S.R,2,No,No,No,I don't have overtime,No,No,I did not receive any training,No,I do not travel for work,Medium,Yes,Medium,Medium,Medium,Medium,Yes,Sometimes,No,No,High,Satisfied,No,21 to 30,From 16000 to 20000 S.R,Left
179,1,Female,21 to 30,Single,Diploma or secondary,Less than 5 years,Less than 5 years,Medical sector,Sales,Salesman,Less than 5000 SAR,0,No,Yes,No,No,No,No,From 1 to 3 training programs,Yes,I do not travel for work,Medium,Yes,Medium,Medium,Far,Medium,Yes,Yes,Yes,Yes,Medium,Satisfied,No,21 to 30,Less than 5000 SAR,Left
180,1,Female,21 to 30,Single,Bachelor's,Less than 5 years,Less than 5 years,Food production sector,Administration,Administrative manager,Less than 5000 SAR,3,Yes,No,Yes,No,No,No,I did not receive any training,No,I do not travel for work,Low,No,Medium,Medium,Close,Medium,Yes,Yes,No,No,Medium,Not satisfied,Yes,21 to 30,Less than 5000 SAR,Left
181,0,Male,31 to 40,Married,Master's,From 5 to 10 years,From 5 to 10 years,Food production sector,Administration,Administrative manager,From 5000 to 10000 S.R,2,Yes,No,Yes,Yes,No,No,From 1 to 3 training programs,Yes,Travel rarely,Medium,No,Medium,Medium,Medium,Medium,Yes,Yes,No,No,Medium,Not satisfied,Yes,31 to 40,From 5000 to 10000 S.R,Stayed
182,0,Female,21 to 30,Single,Diploma or secondary,Less than 5 years,Less than 5 years,Financial sector,Sales,Salesman,Less than 5000 SAR,0,Yes,Yes,No,Yes,Yes,Yes,From 1 to 3 training programs,Yes,I do not travel for work,Low,No,Medium,Easy,Far,Easy,Sometimes,Sometimes,Yes,No,High,Very satisfied,No,21 to 30,Less than 5000 SAR,Stayed
183,1,Female,21 to 30,Single,Diploma or secondary,From 5 to 10 years,Less than 5 years,Industry sector,Sales,Supervisor,Less than 5000 SAR,1,Yes,No,Yes,Yes,No,No,From 1 to 3 training programs,Yes,Travel frequently,Low,Yes,High,Easy,Far,Easy,Yes,Yes,No,No,Low,Not satisfied,Yes,21 to 30,Less than 5000 SAR,Left
184,0,Male,31 to 40,Married,Master's,Less than 5 years,Less than 5 years,Medical sector,Patient Affairs,Doctor,From 16000 to 20000 S.R,3,Yes,Yes,No,No,Yes,Yes,From 1 to 3 training programs,Yes,Travel rarely,Medium,Yes,High,Medium,Medium,Medium,Sometimes,Sometimes,Yes,No,Medium,Satisfied,No,31 to 40,From 16000 to 20000 S.R,Stayed
185,1,Female,51 to 60,Single,Ph.D,From 16 to 20 years,From 11 to 15 years,Medical sector,Patient Affairs,Doctor,From 26000 to 30000 S.R,2,No,No,Yes,No,Yes,No,I did not receive any training,No,Travel rarely,Low,No,Low,Difficult,Close,Medium,Yes,Sometimes,No,No,High,Satisfied,No,51 to 60,From 26000 to 30000 S.R,Left
186,0,Female,31 to 40,Single,Bachelor's,Less than 5 years,Less than 5 years,Medical sector,Patient Affairs,Nurse,Less than 5000 SAR,0,Yes,No,No,No,Yes,Yes,I did not receive any training,No,Travel rarely,Medium,Yes,High,Easy,Close,Easy,No,No,Yes,No,High,Very satisfied,Yes,31 to 40,Less than 5000 SAR,Stayed
187,0,Female,21 to 30,Single,Bachelor's,Less than 5 years,Less than 5 years,Medical sector,Customers service,Receptionist,Less than 5000 SAR,0,No,No,Yes,No,No,No,I did not receive any training,Yes,I do not travel for work,Medium,No,Medium,Medium,Medium,Difficult,Yes,Sometimes,No,No,High,Satisfied,No,21 to 30,Less than 5000 SAR,Stayed
188,1,Female,31 to 40,Single,Bachelor's,From 5 to 10 years,Less than 5 years,Medical sector,Administration,Secretariat,Less than 5000 SAR,0,Yes,Yes,No,I don't have overtime,Yes,No,From 1 to 3 training programs,Yes,I do not travel for work,Medium,Yes,High,Medium,Medium,Easy,Sometimes,Sometimes,No,No,High,Very satisfied,No,31 to 40,Less than 5000 SAR,Left
189,0,Female,21 to 30,Single,Bachelor's,Less than 5 years,Less than 5 years,Medical sector,Patient Affairs,Nurse,Less than 5000 SAR,0,No,No,No,No,Yes,Yes,I did not receive any training,Yes,Travel rarely,Medium,Yes,Medium,Medium,Medium,Medium,Sometimes,No,Yes,No,Medium,Satisfied,Yes,21 to 30,Less than 5000 SAR,Stayed
190,0,Male,21 to 30,Single,Bachelor's,Less than 5 years,Less than 5 years,Financial sector,Banking operations,Banking operations,From 5000 to 10000 S.R,2,Yes,Yes,Yes,I don't have overtime,No,No,From 1 to 3 training programs,Yes,I do not travel for work,High,Yes,Medium,Easy,Medium,Easy,Sometimes,Sometimes,No,No,Medium,Satisfied,Yes,21 to 30,From 5000 to 10000 S.R,Stayed
191,1,Male,21 to 30,Single,Bachelor's,From 5 to 10 years,Less than 5 years,Financial sector,Treasury,Head of treasury,From 16000 to 20000 S.R,2,Yes,No,Yes,I don't have overtime,No,No,I did not receive any training,No,I do not travel for work,Low,Yes,Medium,Medium,Medium,Difficult,Sometimes,No,Yes,No,Low,Satisfied,Yes,21 to 30,From 16000 to 20000 S.R,Left
192,1,Male,31 to 40,Single,Diploma or secondary,Less than 5 years,Less than 5 years,Communications and IT sector,Technical support,IT specialist,Less than 5000 SAR,3,Yes,No,Yes,Yes,No,No,I did not receive any training,No,Travel frequently,Medium,No,High,Difficult,Medium,Difficult,Yes,Yes,No,No,Medium,Not satisfied,No,31 to 40,Less than 5000 SAR,Left
193,1,Female,21 to 30,Married,Diploma or secondary,From 26 to 30 years,From 11 to 15 years,Food production sector,Processes,Quality controller,From 5000 to 10000 S.R,3,Yes,Yes,No,Yes,No,No,I did not receive any training,No,I do not travel for work,Low,No,Medium,Medium,Close,Medium,Yes,Yes,No,No,High,Not satisfied,Yes,21 to 30,From 5000 to 10000 S.R,Left
194,0,Male,31 to 40,Married,Diploma or secondary,Less than 5 years,Less than 5 years,Media sector,Administration,Scribe,Less than 5000 SAR,1,Yes,Yes,Yes,Yes,No,No,I did not receive any training,No,Travel rarely,Medium,Yes,Low,Medium,Close,Medium,Sometimes,Sometimes,Yes,No,Medium,Satisfied,No,31 to 40,Less than 5000 SAR,Stayed
195,0,Female,21 to 30,Married,Diploma or secondary,Less than 5 years,Less than 5 years,Media sector,Sales,Salesman,Less than 5000 SAR,0,No,No,No,I don't have overtime,No,No,I did not receive any training,No,I do not travel for work,Low,Yes,Medium,Difficult,Far,Medium,Sometimes,Yes,No,No,Medium,Not satisfied,Yes,21 to 30,Less than 5000 SAR,Stayed
196,1,Female,31 to 40,Married,Diploma or secondary,Less than 5 years,Less than 5 years,Economic sector,Sales,Salesman,Less than 5000 SAR,1,Yes,Yes,No,I don't have overtime,Yes,Yes,From 1 to 3 training programs,Yes,I do not travel for work,Medium,No,Medium,Difficult,Medium,Easy,Yes,Yes,Yes,No,Medium,Satisfied,Yes,31 to 40,Less than 5000 SAR,Left
197,0,Female,31 to 40,Single,Bachelor's,From 5 to 10 years,From 5 to 10 years,Medical sector,Patient Affairs,Doctor,From 5000 to 10000 S.R,2,Yes,No,No,No,No,Yes,I did not receive any training,No,Travel rarely,Medium,Yes,Medium,Medium,Medium,Medium,Yes,Yes,No,Yes,Medium,Satisfied,No,31 to 40,From 5000 to 10000 S.R,Stayed
198,1,Female,21 to 30,Married,Bachelor's,From 5 to 10 years,Less than 5 years,Education sector,Teaching,Teacher,Less than 5000 SAR,0,Yes,No,Yes,No,No,No,From 4 to 6 training programs,Yes,I do not travel for work,Low,No,High,Easy,Medium,Easy,Yes,Yes,No,No,Medium,Satisfied,Yes,21 to 30,Less than 5000 SAR,Left
199,1,Female,21 to 30,Married,Bachelor's,From 5 to 10 years,From 5 to 10 years,Education sector,Teaching,Teacher,From 5000 to 10000 S.R,0,Yes,No,Yes,Yes,No,No,From 1 to 3 training programs,Yes,I do not travel for work,Low,No,Medium,Medium,Medium,Medium,Yes,Yes,Yes,Yes,Medium,Satisfied,No,21 to 30,From 5000 to 10000 S.R,Left
200,1,Female,21 to 30,Married,Bachelor's,From 5 to 10 years,From 5 to 10 years,Education sector,Teaching,Teacher,From 5000 to 10000 S.R,1,Yes,Yes,No,I don't have overtime,Yes,No,I did not receive any training,No,I do not travel for work,Medium,Yes,High,Medium,Close,Easy,Yes,Yes,No,No,High,Very satisfied,Yes,21 to 30,From 5000 to 10000 S.R,Left
201,1,Female,31 to 40,Married,Bachelor's,From 5 to 10 years,From 5 to 10 years,Education sector,Teaching,HR Specialist,Less than 5000 SAR,0,No,No,No,No,No,No,I did not receive any training,No,I do not travel for work,Low,No,Low,Difficult,Medium,Difficult,Yes,Yes,No,No,Low,Not satisfied,No,31 to 40,Less than 5000 SAR,Left
202,0,Female,51 to 60,Married,Bachelor's,Less than 5 years,Less than 5 years,Education sector,Teaching,Teacher,Less than 5000 SAR,0,No,Yes,No,No,No,Yes,From 1 to 3 training programs,Yes,I do not travel for work,High,Yes,High,Medium,Medium,Medium,Sometimes,Sometimes,Yes,No,Medium,Satisfied,Yes,51 to 60,Less than 5000 SAR,Stayed
203,0,Female,31 to 40,Married,Bachelor's,From 5 to 10 years,From 5 to 10 years,Education sector,Teaching,Teacher,From 5000 to 10000 S.R,1,Yes,Yes,No,No,No,No,From 1 to 3 training programs,Yes,I do not travel for work,Medium,Yes,High,Medium,Medium,Medium,Yes,Sometimes,No,No,High,Satisfied,No,31 to 40,From 5000 to 10000 S.R,Stayed
204,1,Female,31 to 40,Married,Bachelor's,From 5 to 10 years,Less than 5 years,Education sector,Teaching,Teacher,Less than 5000 SAR,1,No,No,No,I don't have overtime,No,No,From 1 to 3 training programs,Yes,I do not travel for work,Low,No,Low,Easy,Medium,Medium,No,No,No,No,Low,Not satisfied,No,31 to 40,Less than 5000 SAR,Left
205,1,Female,31 to 40,Married,Bachelor's,From 5 to 10 years,Less than 5 years,Education sector,Teaching,Teacher,From 5000 to 10000 S.R,1,Yes,No,Yes,No,No,No,I did not receive any training,No,I do not travel for work,Low,No,Low,Difficult,Medium,Easy,Yes,Yes,No,No,Medium,Not satisfied,Yes,31 to 40,From 5000 to 10000 S.R,Left
206,1,Female,31 to 40,Single,Bachelor's,From 5 to 10 years,Less than 5 years,Education sector,Administration,Manger assistant,From 5000 to 10000 S.R,1,Yes,No,Yes,No,No,No,I did not receive any training,No,I do not travel for work,Low,No,Medium,Difficult,Far,Difficult,Yes,Yes,No,No,Medium,Satisfied,Yes,31 to 40,From 5000 to 10000 S.R,Left
207,1,Female,31 to 40,Married,Bachelor's,Less than 5 years,Less than 5 years,Industry sector,HR,Hiring specialist,From 5000 to 10000 S.R,2,Yes,No,No,I don't have overtime,No,No,I did not receive any training,No,I do not travel for work,Medium,No,Medium,Medium,Medium,Medium,No,No,No,No,Medium,Not satisfied,Yes,31 to 40,From 5000 to 10000 S.R,Left
208,0,Male,21 to 30,Married,Bachelor's,Less than 5 years,Less than 5 years,Media sector,Customers service,Receptionist,From 5000 to 10000 S.R,4,Yes,No,No,I don't have overtime,No,No,From 4 to 6 training programs,Yes,Travel rarely,Medium,Yes,High,Easy,Medium,Medium,Sometimes,Sometimes,No,No,High,Satisfied,No,21 to 30,From 5000 to 10000 S.R,Stayed
209,1,Male,21 to 30,Single,Bachelor's,From 5 to 10 years,Less than 5 years,Tourism sector,Administration,Administrative manager,Less than 5000 SAR,2,No,No,No,No,No,No,I did not receive any training,Yes,I do not travel for work,Medium,No,Medium,Medium,Medium,Medium,Yes,Yes,No,No,Medium,Satisfied,No,21 to 30,Less than 5000 SAR,Left
210,1,Female,21 to 30,Married,Diploma or secondary,From 5 to 10 years,Less than 5 years,Financial sector,Sales,Sales representative,From 5000 to 10000 S.R,3,Yes,Yes,No,I don't have overtime,No,No,I did not receive any training,No,I do not travel for work,Medium,No,Low,Easy,Medium,Easy,No,No,No,No,High,Very satisfied,Yes,21 to 30,From 5000 to 10000 S.R,Left
211,0,Female,21 to 30,Married,Bachelor's,Less than 5 years,Less than 5 years,Tourism sector,Customers service,Receptionist,Less than 5000 SAR,2,Yes,No,No,I don't have overtime,Yes,No,From 1 to 3 training programs,Yes,Travel rarely,High,Yes,High,Medium,Medium,Medium,Sometimes,Sometimes,No,No,High,Satisfied,No,21 to 30,Less than 5000 SAR,Stayed
212,0,Female,21 to 30,Married,Diploma or secondary,Less than 5 years,Less than 5 years,Food production sector,Customers service,Receptionist,From 5000 to 10000 S.R,2,No,No,No,I don't have overtime,No,No,I did not receive any training,No,I do not travel for work,Medium,No,Medium,Medium,Close,Difficult,Yes,Sometimes,No,No,Medium,Satisfied,No,21 to 30,From 5000 to 10000 S.R,Stayed
213,0,Female,21 to 30,Single,Diploma or secondary,Less than 5 years,Less than 5 years,Financial sector,Sales,Supervisor,Less than 5000 SAR,1,Yes,No,Yes,No,No,No,I did not receive any training,No,I do not travel for work,Medium,No,Medium,Medium,Far,Medium,Yes,Yes,Yes,No,Medium,Satisfied,No,21 to 30,Less than 5000 SAR,Stayed
214,1,Female,31 to 40,Married,Diploma or secondary,From 11 to 15 years,Less than 5 years,Financial sector,Marketing,Marketing Specialist,From 5000 to 10000 S.R,0,Yes,No,No,I don't have overtime,No,No,I did not receive any training,No,I do not travel for work,Low,No,Low,Difficult,Far,Medium,Yes,Yes,No,No,Medium,Not satisfied,Yes,31 to 40,From 5000 to 10000 S.R,Left
215,1,Male,21 to 30,Single,Diploma or secondary,From 5 to 10 years,Less than 5 years,Education sector,Administration,Supervisor,Less than 5000 SAR,0,Yes,Yes,Yes,Yes,Yes,Yes,From 7 training programs to more,Yes,Travel rarely,High,Yes,High,Medium,Close,Medium,Yes,Yes,Yes,No,Medium,Satisfied,Yes,21 to 30,Less than 5000 SAR,Left
216,0,Male,51 to 60,Married,Bachelor's,From 31 to 35 years,From 31 to 35 years,Tourism sector,Technical support,Supervisor,From 5000 to 10000 S.R,0,No,No,No,No,Yes,No,From 1 to 3 training programs,No,I do not travel for work,High,Yes,Medium,Easy,Medium,Medium,Yes,Yes,No,No,Medium,Satisfied,No,51 to 60,From 5000 to 10000 S.R,Stayed
217,1,Male,21 to 30,Married,Bachelor's,From 5 to 10 years,Less than 5 years,Food production sector,Accounting,Accountant,Less than 5000 SAR,0,No,No,No,I don't have overtime,Yes,No,I did not receive any training,No,I do not travel for work,Medium,Yes,Medium,Medium,Close,Easy,Sometimes,Yes,No,No,Medium,Satisfied,No,21 to 30,Less than 5000 SAR,Left
218,0,Female,21 to 30,Married,Bachelor's,Less than 5 years,Less than 5 years,Education sector,Administration,Manger assistant,Less than 5000 SAR,2,Yes,No,Yes,No,Yes,No,From 1 to 3 training programs,Yes,I do not travel for work,High,Yes,Low,Difficult,Close,Easy,Yes,No,No,No,Medium,Satisfied,No,21 to 30,Less than 5000 SAR,Stayed
219,0,Female,41 to 50,Married,Ph.D,From 5 to 10 years,From 5 to 10 years,Medical sector,Patient Affairs,Doctor,S.R 31000 - and more,2,No,No,Yes,No,Yes,No,I did not receive any training,No,Travel frequently,Low,No,Low,Medium,Medium,Medium,No,No,Yes,No,Medium,Satisfied,Yes,41 to 50,S.R 31000 - and more,Stayed
220,0,Female,41 to 50,Married,Ph.D,From 5 to 10 years,From 5 to 10 years,Medical sector,Patient Affairs,Doctor,From 26000 to 30000 S.R,2,No,No,No,I don't have overtime,No,No,I did not receive any training,No,Travel frequently,Low,No,Medium,Medium,Medium,Medium,Sometimes,Sometimes,Yes,Yes,Medium,Satisfied,Yes,41 to 50,From 26000 to 30000 S.R,Stayed
222,1,Female,21 to 30,Married,Bachelor's,From 11 to 15 years,From 5 to 10 years,Communications and IT sector,Customers service,Supervisor,Less than 5000 SAR,2,Yes,No,No,I don't have overtime,No,No,I did not receive any training,No,I do not travel for work,Low,No,Low,Medium,Far,Medium,No,Sometimes,No,No,Low,Very satisfied,Yes,21 to 30,Less than 5000 SAR,Left
223,1,Male,31 to 40,Married,Bachelor's,From 11 to 15 years,Less than 5 years,Industry sector,Processes,Warehouse officer,From 11000 to 15000 S.R,2,Yes,No,No,No,Yes,Yes,From 1 to 3 training programs,Yes,Travel rarely,High,Yes,High,Medium,Close,Easy,No,No,Yes,No,High,Satisfied,No,31 to 40,From 11000 to 15000 S.R,Left
224,1,Male,31 to 40,Single,Bachelor's,From 5 to 10 years,From 5 to 10 years,Industry sector,Technical support,Mechanical engineer,From 11000 to 15000 S.R,2,Yes,Yes,Yes,Yes,Yes,Yes,From 4 to 6 training programs,Yes,Travel frequently,Medium,Yes,Medium,Medium,Medium,Medium,Sometimes,Sometimes,Yes,No,Low,Very satisfied,No,31 to 40,From 11000 to 15000 S.R,Left
225,0,Female,51 to 60,Married,Ph.D,From 21 to 25 years,From 21 to 25 years,Medical sector,Patient Affairs,Doctor,S.R 31000 - and more,2,Yes,No,Yes,No,Yes,No,From 1 to 3 training programs,Yes,Travel frequently,Medium,Yes,Medium,Easy,Far,Difficult,Sometimes,Sometimes,Yes,No,Medium,Satisfied,Yes,51 to 60,S.R 31000 - and more,Stayed
226,1,Female,41 to 50,Married,Diploma or secondary,From 5 to 10 years,Less than 5 years,Education sector,Customers service,Manger assistant,Less than 5000 SAR,1,Yes,No,No,I don't have overtime,No,No,From 1 to 3 training programs,Yes,I do not travel for work,Medium,No,Medium,Medium,Far,Medium,Sometimes,Sometimes,No,No,Medium,Satisfied,No,41 to 50,Less than 5000 SAR,Left
227,1,Female,51 to 60,Married,Ph.D,From 16 to 20 years,Less than 5 years,Medical sector,Processes,Consultant,S.R 31000 - and more,1,Yes,No,No,I don't have overtime,No,No,I did not receive any training,No,I do not travel for work,High,Yes,High,Easy,Close,Easy,No,Sometimes,No,No,High,Satisfied,Yes,51 to 60,S.R 31000 - and more,Left
228,1,Male,31 to 40,Married,Master's,From 11 to 15 years,Less than 5 years,Medical sector,Administration,Administrative manager,Less than 5000 SAR,3,Yes,Yes,Yes,Yes,Yes,Yes,From 4 to 6 training programs,Yes,Travel rarely,High,Yes,High,Difficult,Far,Difficult,Yes,Yes,Yes,Yes,High,Very satisfied,Yes,31 to 40,Less than 5000 SAR,Left
229,1,Female,31 to 40,Single,Bachelor's,From 11 to 15 years,Less than 5 years,Medical sector,Administration,Administrative manager,Less than 5000 SAR,2,Yes,No,No,I don't have overtime,No,No,I did not receive any training,No,I do not travel for work,Low,Yes,Low,Medium,Close,Easy,Sometimes,Sometimes,No,No,Low,Not satisfied,Yes,31 to 40,Less than 5000 SAR,Left
230,1,Female,31 to 40,Married,Bachelor's,From 5 to 10 years,Less than 5 years,Medical sector,Administration,Manger assistant,Less than 5000 SAR,0,No,No,No,I don't have overtime,No,No,From 1 to 3 training programs,Yes,I do not travel for work,Medium,No,Medium,Medium,Close,Medium,No,No,No,No,Medium,Satisfied,No,31 to 40,Less than 5000 SAR,Left
231,0,Male,21 to 30,Single,Bachelor's,Less than 5 years,Less than 5 years,Industry sector,Production,Production supervisor,Less than 5000 SAR,0,No,No,No,I don't have overtime,No,No,From 1 to 3 training programs,Yes,I do not travel for work,Medium,Yes,Medium,Difficult,Close,Easy,Sometimes,Sometimes,No,No,Low,Not satisfied,Yes,21 to 30,Less than 5000 SAR,Stayed
232,1,Male,31 to 40,Married,Bachelor's,Less than 5 years,Less than 5 years,Tourism sector,Accounting,Accountant,From 5000 to 10000 S.R,0,No,No,No,I don't have overtime,Yes,No,From 1 to 3 training programs,Yes,I do not travel for work,High,Yes,Medium,Difficult,Close,Medium,Sometimes,Sometimes,No,No,Medium,Satisfied,Yes,31 to 40,From 5000 to 10000 S.R,Left
233,0,Female,21 to 30,Single,Bachelor's,Less than 5 years,Less than 5 years,Education sector,Teaching,Teacher,From 5000 to 10000 S.R,1,No,No,No,I don't have overtime,Yes,No,From 1 to 3 training programs,Yes,I do not travel for work,Medium,Yes,Low,Difficult,Far,Medium,Sometimes,Sometimes,No,No,Medium,Satisfied,Yes,21 to 30,From 5000 to 10000 S.R,Stayed
234,0,Male,31 to 40,Married,Bachelor's,Less than 5 years,Less than 5 years,Education sector,Teaching,Teacher,From 5000 to 10000 S.R,2,No,No,No,I don't have overtime,Yes,Yes,From 4 to 6 training programs,Yes,I do not travel for work,High,Yes,Medium,Difficult,Close,Easy,Sometimes,Sometimes,Yes,No,High,Very satisfied,Yes,31 to 40,From 5000 to 10000 S.R,Stayed
235,1,Male,21 to 30,Married,Bachelor's,From 5 to 10 years,Less than 5 years,Transport sector,Sales,Sales representative,Less than 5000 SAR,2,No,No,No,I don't have overtime,No,No,I did not receive any training,No,I do not travel for work,Low,No,Medium,Easy,Medium,Medium,Yes,Sometimes,No,No,Medium,Not satisfied,Yes,21 to 30,Less than 5000 SAR,Left
236,1,Male,21 to 30,Married,Diploma or secondary,Less than 5 years,Less than 5 years,"Environment, Water, and Agriculture sector",Processes,Driver,Less than 5000 SAR,1,Yes,Yes,Yes,Yes,Yes,Yes,From 1 to 3 training programs,Yes,Travel frequently,Low,Yes,Low,Easy,Close,Easy,Yes,Yes,Yes,Yes,Low,Very satisfied,Yes,21 to 30,Less than 5000 SAR,Left
237,0,Female,21 to 30,Single,Bachelor's,Less than 5 years,Less than 5 years,Medical sector,Patient Affairs,Pharmacist,From 5000 to 10000 S.R,0,Yes,No,Yes,No,Yes,No,I did not receive any training,Yes,I do not travel for work,Medium,Yes,Medium,Medium,Medium,Medium,Yes,Sometimes,Yes,No,Medium,Satisfied,Yes,21 to 30,From 5000 to 10000 S.R,Stayed
238,1,Male,51 to 60,Married,Bachelor's,From 26 to 30 years,From 5 to 10 years,Medical sector,Patient Affairs,Pharmacist,From 5000 to 10000 S.R,1,Yes,No,Yes,Yes,Yes,Yes,From 1 to 3 training programs,Yes,I do not travel for work,Medium,Yes,High,Medium,Medium,Medium,Sometimes,No,Yes,No,Medium,Very satisfied,Yes,51 to 60,From 5000 to 10000 S.R,Left
239,1,Male,31 to 40,Married,Ph.D,From 11 to 15 years,Less than 5 years,Medical sector,Patient Affairs,Pharmacist,Less than 5000 SAR,2,No,No,Yes,Yes,Yes,No,From 1 to 3 training programs,Yes,I do not travel for work,Medium,Yes,High,Easy,Close,Medium,Yes,Sometimes,Yes,No,High,Satisfied,Yes,31 to 40,Less than 5000 SAR,Left
240,0,Female,21 to 30,Single,Bachelor's,Less than 5 years,Less than 5 years,Medical sector,Administration,Reports Manager,From 5000 to 10000 S.R,2,Yes,No,No,Yes,No,No,From 1 to 3 training programs,Yes,I do not travel for work,Medium,Yes,Medium,Medium,Close,Medium,Sometimes,Sometimes,No,No,Medium,Satisfied,Yes,21 to 30,From 5000 to 10000 S.R,Stayed
241,1,Female,31 to 40,Married,Bachelor's,Less than 5 years,Less than 5 years,Medical sector,Patient Affairs,Doctor,From 5000 to 10000 S.R,1,Yes,No,No,Yes,No,No,I did not receive any training,No,I do not travel for work,Medium,Yes,Medium,Medium,Close,Difficult,Sometimes,Sometimes,No,Yes,Medium,Not satisfied,No,31 to 40,From 5000 to 10000 S.R,Left
242,0,Female,21 to 30,Married,Bachelor's,Less than 5 years,Less than 5 years,Medical sector,Patient Affairs,Doctor,From 5000 to 10000 S.R,1,Yes,No,No,No,No,No,I did not receive any training,No,I do not travel for work,Medium,No,Medium,Medium,Close,Difficult,Yes,Yes,No,No,Medium,Not satisfied,No,21 to 30,From 5000 to 10000 S.R,Stayed
243,1,Male,41 to 50,Married,Diploma or secondary,From 21 to 25 years,From 5 to 10 years,Medical sector,Medical service,Supervisor,From 5000 to 10000 S.R,0,Yes,No,Yes,Yes,Yes,Yes,From 1 to 3 training programs,Yes,Travel rarely,High,Yes,High,Easy,Medium,Easy,Yes,No,Yes,No,High,Very satisfied,Yes,41 to 50,From 5000 to 10000 S.R,Left
244,1,Female,21 to 30,Single,Bachelor's,Less than 5 years,Less than 5 years,Communications and IT sector,Customers service,Customer services representative,Less than 5000 SAR,1,No,Yes,No,I don't have overtime,No,No,I did not receive any training,No,Travel rarely,Low,No,Low,Medium,Close,Easy,Yes,Yes,No,Yes,Low,Not satisfied,Yes,21 to 30,Less than 5000 SAR,Left
245,0,Female,21 to 30,Single,Bachelor's,Less than 5 years,Less than 5 years,Medical sector,Patient Affairs,Radiographer,Less than 5000 SAR,0,Yes,No,Yes,Yes,No,No,I did not receive any training,Yes,I do not travel for work,Low,No,High,Medium,Close,Medium,Yes,Yes,No,No,Low,Not satisfied,Yes,21 to 30,Less than 5000 SAR,Stayed
246,0,Female,31 to 40,Single,Bachelor's,Less than 5 years,Less than 5 years,Medical sector,Patient Affairs,Nurse,Less than 5000 SAR,0,Yes,No,No,Yes,No,No,I did not receive any training,No,I do not travel for work,Low,No,Low,Easy,Close,Medium,No,No,No,No,High,Not satisfied,No,31 to 40,Less than 5000 SAR,Stayed
247,1,Female,21 to 30,Single,Bachelor's,From 5 to 10 years,Less than 5 years,Medical sector,Patient Affairs,Radiographer,Less than 5000 SAR,0,No,No,Yes,Yes,No,No,I did not receive any training,No,I do not travel for work,Low,No,Low,Difficult,Medium,Difficult,Yes,Sometimes,No,No,Low,Not satisfied,Yes,21 to 30,Less than 5000 SAR,Left
248,1,Female,21 to 30,Single,Bachelor's,From 11 to 15 years,From 5 to 10 years,Education sector,Teaching,Teacher,Less than 5000 SAR,1,Yes,No,Yes,Yes,No,No,I did not receive any training,Yes,I do not travel for work,Low,No,Medium,Easy,Medium,Difficult,Sometimes,No,No,No,Medium,Satisfied,Yes,21 to 30,Less than 5000 SAR,Left
249,1,Female,21 to 30,Single,Bachelor's,From 5 to 10 years,Less than 5 years,Food production sector,Sales,Sales executive,From 5000 to 10000 S.R,3,Yes,No,Yes,Yes,No,No,I did not receive any training,No,I do not travel for work,Low,No,Medium,Difficult,Far,Medium,Yes,Yes,No,Yes,Medium,Not satisfied,Yes,21 to 30,From 5000 to 10000 S.R,Left
250,1,Female,21 to 30,Single,Bachelor's,Less than 5 years,Less than 5 years,Medical sector,Patient Affairs,Nurse,Less than 5000 SAR,0,No,No,Yes,No,No,No,From 1 to 3 training programs,Yes,I do not travel for work,Low,No,Medium,Difficult,Close,Difficult,Sometimes,Sometimes,No,No,Low,Not satisfied,No,21 to 30,Less than 5000 SAR,Left
251,1,Male,31 to 40,Married,Bachelor's,From 11 to 15 years,Less than 5 years,Medical sector,Patient Affairs,Nurse,Less than 5000 SAR,1,Yes,Yes,Yes,Yes,No,No,From 1 to 3 training programs,Yes,I do not travel for work,Medium,No,Medium,Medium,Medium,Difficult,Sometimes,Sometimes,No,No,Medium,Satisfied,No,31 to 40,Less than 5000 SAR,Left
252,1,Male,21 to 30,Single,Diploma or secondary,Less than 5 years,Less than 5 years,Transport sector,Customers service,Customer services representative,Less than 5000 SAR,1,No,Yes,Yes,Yes,No,No,I did not receive any training,Yes,I do not travel for work,Low,Yes,Medium,Medium,Medium,Medium,Sometimes,Sometimes,Yes,No,High,Very satisfied,No,21 to 30,Less than 5000 SAR,Left
253,1,Female,41 to 50,Single,Bachelor's,From 11 to 15 years,Less than 5 years,Education sector,Teaching,Teacher,Less than 5000 SAR,0,No,No,No,No,No,No,From 7 training programs to more,Yes,I do not travel for work,Low,No,Low,Easy,Close,Medium,Yes,Yes,No,Yes,Medium,Not satisfied,Yes,41 to 50,Less than 5000 SAR,Left
254,0,Female,41 to 50,Married,Diploma or secondary,From 16 to 20 years,From 16 to 20 years,Education sector,Administration,Supervisor,Less than 5000 SAR,2,Yes,Yes,No,I don't have overtime,Yes,Yes,From 4 to 6 training programs,Yes,I do not travel for work,Medium,Yes,High,Easy,Medium,Medium,Sometimes,No,Yes,No,High,Very satisfied,No,41 to 50,Less than 5000 SAR,Stayed
255,1,Female,21 to 30,Single,Bachelor's,From 5 to 10 years,From 5 to 10 years,Medical sector,Administration,Manger assistant,From 5000 to 10000 S.R,1,Yes,No,No,No,No,No,From 1 to 3 training programs,No,I do not travel for work,Medium,Yes,Medium,Medium,Close,Easy,Yes,Yes,No,No,Low,Not satisfied,Yes,21 to 30,From 5000 to 10000 S.R,Left
256,1,Female,21 to 30,Single,Bachelor's,Less than 5 years,Less than 5 years,Medical sector,Patient Affairs,Dentist,From 5000 to 10000 S.R,1,Yes,No,No,I don't have overtime,Yes,Yes,From 1 to 3 training programs,Yes,Travel rarely,High,Yes,High,Easy,Close,Easy,Yes,No,Yes,No,High,Very satisfied,No,21 to 30,From 5000 to 10000 S.R,Left
257,0,Female,21 to 30,Single,Bachelor's,Less than 5 years,Less than 5 years,Tourism sector,Administration,Supervisor,Less than 5000 SAR,0,No,No,No,I don't have overtime,No,No,I did not receive any training,No,I do not travel for work,Medium,Yes,Medium,Medium,Medium,Difficult,Yes,Sometimes,No,No,Medium,Very satisfied,Yes,21 to 30,Less than 5000 SAR,Stayed
258,0,Female,21 to 30,Married,Bachelor's,Less than 5 years,Less than 5 years,Medical sector,Customers service,Customer services representative,Less than 5000 SAR,1,Yes,No,No,I don't have overtime,No,No,I did not receive any training,No,I do not travel for work,Medium,No,Medium,Medium,Close,Medium,Sometimes,No,Yes,No,Low,Satisfied,No,21 to 30,Less than 5000 SAR,Stayed
259,0,Female,41 to 50,Married,Diploma or secondary,Less than 5 years,Less than 5 years,Education sector,Administration,Manger assistant,Less than 5000 SAR,0,No,No,No,I don't have overtime,No,No,From 1 to 3 training programs,Yes,I do not travel for work,Low,No,Medium,Medium,Medium,Easy,Sometimes,Sometimes,No,No,Medium,Not satisfied,Yes,41 to 50,Less than 5000 SAR,Stayed
260,0,Female,21 to 30,Single,Bachelor's,Less than 5 years,Less than 5 years,Law firm,Legal Affairs,Lawyer,Less than 5000 SAR,0,No,No,Yes,No,No,No,I did not receive any training,No,I do not travel for work,Low,No,Low,Difficult,Far,Medium,Yes,Yes,No,No,Low,Not satisfied,Yes,21 to 30,Less than 5000 SAR,Stayed
261,1,Female,21 to 30,Single,Bachelor's,Less than 5 years,Less than 5 years,Communications and IT sector,Customers service,Customer services representative,Less than 5000 SAR,2,Yes,Yes,No,I don't have overtime,No,No,From 1 to 3 training programs,Yes,I do not travel for work,High,Yes,Medium,Medium,Close,Easy,Yes,Sometimes,No,No,Medium,Not satisfied,Yes,21 to 30,Less than 5000 SAR,Left
262,0,Female,31 to 40,Single,Bachelor's,From 5 to 10 years,From 5 to 10 years,Medical sector,Customers service,Receptionist,From 5000 to 10000 S.R,1,Yes,No,No,No,Yes,No,From 1 to 3 training programs,Yes,I do not travel for work,Medium,Yes,Medium,Medium,Close,Easy,No,No,Yes,No,High,Very satisfied,No,31 to 40,From 5000 to 10000 S.R,Stayed
263,1,Female,21 to 30,Single,Bachelor's,Less than 5 years,Less than 5 years,Medical sector,Patient Affairs,Data entry operator,Less than 5000 SAR,0,Yes,No,No,I don't have overtime,No,No,From 1 to 3 training programs,Yes,Travel rarely,Medium,Yes,High,Medium,Close,Medium,Sometimes,Sometimes,No,No,Medium,Satisfied,Yes,21 to 30,Less than 5000 SAR,Left
264,0,Female,21 to 30,Single,Bachelor's,Less than 5 years,Less than 5 years,Medical sector,Patient Affairs,Dentist,From 5000 to 10000 S.R,1,Yes,Yes,No,I don't have overtime,Yes,Yes,I did not receive any training,Yes,I do not travel for work,High,Yes,High,Easy,Medium,Medium,Yes,No,Yes,No,High,Very satisfied,Yes,21 to 30,From 5000 to 10000 S.R,Stayed
265,0,Female,21 to 30,Single,Bachelor's,Less than 5 years,Less than 5 years,Medical sector,Patient Affairs,Nurse,Less than 5000 SAR,1,Yes,No,Yes,Yes,No,No,From 1 to 3 training programs,No,I do not travel for work,Medium,Yes,Medium,Medium,Far,Medium,Sometimes,Sometimes,Yes,No,Medium,Satisfied,Yes,21 to 30,Less than 5000 SAR,Stayed
266,0,Female,21 to 30,Single,Bachelor's,From 5 to 10 years,From 5 to 10 years,Medical sector,Customers service,Supervisor,From 5000 to 10000 S.R,2,Yes,Yes,Yes,Yes,No,Yes,From 1 to 3 training programs,Yes,I do not travel for work,Medium,Yes,High,Medium,Medium,Medium,No,Yes,No,No,Medium,Satisfied,No,21 to 30,From 5000 to 10000 S.R,Stayed
268,1,Female,21 to 30,Single,Bachelor's,Less than 5 years,Less than 5 years,Communications and IT sector,Customers service,Customer services representative,Less than 5000 SAR,2,Yes,Yes,No,I don't have overtime,No,No,From 1 to 3 training programs,Yes,I do not travel for work,High,Yes,Medium,Medium,Close,Easy,Yes,Sometimes,No,No,Medium,Not satisfied,Yes,21 to 30,Less than 5000 SAR,Left
269,0,Female,31 to 40,Single,Bachelor's,Less than 5 years,Less than 5 years,Education sector,Administration,Manger assistant,Less than 5000 SAR,1,Yes,No,No,I don't have overtime,Yes,Yes,From 1 to 3 training programs,Yes,I do not travel for work,Medium,Yes,Medium,Medium,Medium,Medium,No,No,Yes,No,Medium,Satisfied,No,31 to 40,Less than 5000 SAR,Stayed
270,0,Female,31 to 40,Married,Bachelor's,Less than 5 years,Less than 5 years,Tourism sector,Customers service,Customer services representative,Less than 5000 SAR,0,No,No,No,I don't have overtime,No,No,I did not receive any training,No,I do not travel for work,Medium,Yes,Medium,Difficult,Far,Difficult,Sometimes,Sometimes,No,No,High,Not satisfied,No,31 to 40,Less than 5000 SAR,Stayed
271,1,Female,31 to 40,Married,Diploma or secondary,From 5 to 10 years,Less than 5 years,Medical sector,Patient Affairs,Data entry operator,Less than 5000 SAR,2,No,No,No,I don't have overtime,No,No,From 4 to 6 training programs,Yes,I do not travel for work,Medium,No,Low,Easy,Close,Easy,Yes,Yes,No,No,Medium,Not satisfied,Yes,31 to 40,Less than 5000 SAR,Left
272,1,Female,21 to 30,Single,Bachelor's,From 5 to 10 years,Less than 5 years,Medical sector,Patient Affairs,Receptionist,Less than 5000 SAR,1,Yes,No,Yes,Yes,No,No,I did not receive any training,No,I do not travel for work,Medium,No,Low,Medium,Medium,Medium,Sometimes,Yes,No,No,Low,Not satisfied,No,21 to 30,Less than 5000 SAR,Left
273,0,Female,31 to 40,Single,Bachelor's,From 5 to 10 years,From 5 to 10 years,Medical sector,Customers service,Receptionist,Less than 5000 SAR,2,Yes,No,No,Yes,No,No,I did not receive any training,No,I do not travel for work,Medium,No,High,Medium,Medium,Medium,Sometimes,Yes,No,No,High,Satisfied,Yes,31 to 40,Less than 5000 SAR,Stayed
274,0,Female,21 to 30,Single,Bachelor's,Less than 5 years,Less than 5 years,Financial sector,Sales,Salesman,Less than 5000 SAR,0,No,No,No,I don't have overtime,No,No,I did not receive any training,No,I do not travel for work,Low,No,Low,Medium,Close,Medium,Sometimes,Yes,No,No,Low,Not satisfied,Yes,21 to 30,Less than 5000 SAR,Stayed
275,0,Female,21 to 30,Single,Bachelor's,Less than 5 years,Less than 5 years,Medical sector,Processes,Data entry operator,From 5000 to 10000 S.R,3,Yes,Yes,No,I don't have overtime,No,No,I did not receive any training,No,I do not travel for work,Low,No,Medium,Medium,Medium,Medium,Yes,Yes,No,No,Medium,Satisfied,No,21 to 30,From 5000 to 10000 S.R,Stayed
276,0,Female,21 to 30,Single,Diploma or secondary,Less than 5 years,Less than 5 years,Medical sector,Customers service,Receptionist,Less than 5000 SAR,1,Yes,No,Yes,Yes,Yes,Yes,I did not receive any training,Yes,I do not travel for work,Medium,Yes,High,Medium,Medium,Easy,Sometimes,No,Yes,No,High,Very satisfied,No,21 to 30,Less than 5000 SAR,Stayed
277,0,Male,31 to 40,Married,Diploma or secondary,From 5 to 10 years,From 5 to 10 years,Medical sector,Safety & Security,Security and safety specialist,Less than 5000 SAR,0,No,No,No,No,No,Yes,I did not receive any training,No,I do not travel for work,Medium,Yes,Medium,Difficult,Far,Medium,Sometimes,Sometimes,No,No,Medium,Satisfied,No,31 to 40,Less than 5000 SAR,Stayed
278,0,Female,21 to 30,Single,Bachelor's,Less than 5 years,Less than 5 years,Medical sector,Customers service,Customer services representative,Less than 5000 SAR,1,Yes,No,No,Yes,No,No,I did not receive any training,Yes,I do not travel for work,Low,No,Low,Difficult,Far,Difficult,Yes,Yes,No,Yes,Low,Not satisfied,No,21 to 30,Less than 5000 SAR,Stayed
279,1,Male,31 to 40,Married,Diploma or secondary,From 16 to 20 years,Less than 5 years,Food production sector,Processes,Lab specialist,Less than 5000 SAR,0,No,No,Yes,No,No,No,From 4 to 6 training programs,Yes,I do not travel for work,Low,No,Medium,Medium,Close,Medium,Sometimes,Sometimes,No,No,Medium,Not satisfied,Yes,31 to 40,Less than 5000 SAR,Left
280,0,Female,41 to 50,Single,Diploma or secondary,From 5 to 10 years,From 5 to 10 years,Medical sector,Processes,Insurance officer,Less than 5000 SAR,1,Yes,No,Yes,No,No,No,I did not receive any training,No,I do not travel for work,Low,No,High,Medium,Close,Medium,Sometimes,Yes,No,No,Medium,Satisfied,Yes,41 to 50,Less than 5000 SAR,Stayed
281,1,Female,21 to 30,Single,Diploma or secondary,From 5 to 10 years,Less than 5 years,Media sector,Processes,Graphic designer,Less than 5000 SAR,0,No,No,No,No,Yes,No,I did not receive any training,No,I do not travel for work,Medium,No,Medium,Medium,Far,Easy,No,Sometimes,No,No,Medium,Not satisfied,Yes,21 to 30,Less than 5000 SAR,Left
282,0,Male,31 to 40,Single,Diploma or secondary,From 5 to 10 years,From 5 to 10 years,Medical sector,Sales,Sales representative,From 11000 to 15000 S.R,2,Yes,No,No,I don't have overtime,No,No,I did not receive any training,No,I do not travel for work,Low,Yes,Low,Difficult,Close,Medium,Sometimes,Yes,No,No,High,Not satisfied,Yes,31 to 40,From 11000 to 15000 S.R,Stayed
283,1,Male,31 to 40,Married,Bachelor's,From 16 to 20 years,Less than 5 years,Engineering consulting companies,Studies and design,Civil engineer,From 5000 to 10000 S.R,4,Yes,Yes,Yes,Yes,Yes,Yes,I did not receive any training,No,Travel rarely,Low,Yes,Medium,Easy,Close,Easy,No,No,Yes,No,High,Very satisfied,Yes,31 to 40,From 5000 to 10000 S.R,Left
284,1,Female,21 to 30,Single,Bachelor's,Less than 5 years,Less than 5 years,Food production sector,Sales,Salesman,Less than 5000 SAR,3,Yes,Yes,Yes,Yes,No,No,From 4 to 6 training programs,Yes,I do not travel for work,Low,No,Medium,Medium,Close,Medium,Yes,Yes,Yes,No,Medium,Satisfied,Yes,21 to 30,Less than 5000 SAR,Left
285,1,Female,31 to 40,Single,Bachelor's,Less than 5 years,Less than 5 years,Law firm,Legal Affairs,Lawyer,From 5000 to 10000 S.R,1,Yes,No,No,I don't have overtime,No,Yes,I did not receive any training,No,I do not travel for work,High,Yes,Medium,Medium,Far,Medium,Sometimes,Yes,No,No,Low,Not satisfied,Yes,31 to 40,From 5000 to 10000 S.R,Left
286,0,Female,21 to 30,Single,Bachelor's,Less than 5 years,Less than 5 years,Medical sector,HR,HR Specialist,From 5000 to 10000 S.R,2,Yes,Yes,No,I don't have overtime,No,No,From 1 to 3 training programs,Yes,I do not travel for work,Low,No,Low,Difficult,Close,Difficult,Yes,Yes,Yes,No,Medium,Not satisfied,No,21 to 30,From 5000 to 10000 S.R,Stayed
287,1,Female,21 to 30,Married,Bachelor's,From 5 to 10 years,Less than 5 years,Medical sector,Information technology,Application specialist,From 5000 to 10000 S.R,0,Yes,No,No,No,No,No,I did not receive any training,No,I do not travel for work,Medium,Yes,Low,Medium,Medium,Difficult,Yes,Yes,No,Yes,Medium,Satisfied,Yes,21 to 30,From 5000 to 10000 S.R,Left
288,1,Female,21 to 30,Single,Bachelor's,Less than 5 years,Less than 5 years,Transport sector,Customers service,Customer services representative,Less than 5000 SAR,1,Yes,Yes,Yes,Yes,Yes,No,I did not receive any training,No,I do not travel for work,High,Yes,Medium,Easy,Medium,Difficult,Sometimes,Sometimes,No,No,High,Satisfied,Yes,21 to 30,Less than 5000 SAR,Left
289,0,Female,21 to 30,Single,Bachelor's,Less than 5 years,Less than 5 years,Medical sector,Patient Affairs,Nutrition specialist,From 5000 to 10000 S.R,2,Yes,No,Yes,No,No,No,I did not receive any training,No,I do not travel for work,Medium,No,High,Medium,Medium,Medium,Yes,Yes,Yes,No,Low,Not satisfied,No,21 to 30,From 5000 to 10000 S.R,Stayed
290,0,Female,21 to 30,Single,Master's,Less than 5 years,Less than 5 years,Education sector,Teaching,Teacher,From 5000 to 10000 S.R,3,Yes,No,Yes,No,No,Yes,From 4 to 6 training programs,Yes,I do not travel for work,Low,No,Medium,Medium,Medium,Difficult,Yes,Yes,No,No,Medium,Satisfied,Yes,21 to 30,From 5000 to 10000 S.R,Stayed
291,1,Female,31 to 40,Married,Bachelor's,From 5 to 10 years,Less than 5 years,Medical sector,Safety & Security,Security and safety specialist,Less than 5000 SAR,2,Yes,Yes,No,I don't have overtime,No,No,I did not receive any training,No,I do not travel for work,Medium,No,Medium,Medium,Close,Medium,Yes,Yes,No,Yes,Medium,Satisfied,Yes,31 to 40,Less than 5000 SAR,Left
292,0,Female,21 to 30,Single,Bachelor's,Less than 5 years,Less than 5 years,Medical sector,Patient Affairs,Dentist,From 5000 to 10000 S.R,0,No,No,No,I don't have overtime,No,No,I did not receive any training,No,Travel rarely,Medium,Yes,Medium,Medium,Medium,Medium,Yes,Yes,Yes,No,Medium,Satisfied,No,21 to 30,From 5000 to 10000 S.R,Stayed
293,0,Female,31 to 40,Married,Bachelor's,Less than 5 years,Less than 5 years,Education sector,Administration,Manger assistant,Less than 5000 SAR,0,Yes,No,Yes,No,No,Yes,I did not receive any training,No,I do not travel for work,Low,Yes,High,Medium,Close,Medium,Yes,No,No,No,Low,Satisfied,No,31 to 40,Less than 5000 SAR,Stayed
295,0,Female,21 to 30,Single,Bachelor's,Less than 5 years,Less than 5 years,Financial sector,Information technology,IT specialist,Less than 5000 SAR,2,Yes,No,No,Yes,No,No,From 1 to 3 training programs,No,I do not travel for work,Medium,No,Medium,Medium,Close,Easy,No,Yes,No,No,Medium,Satisfied,Yes,21 to 30,Less than 5000 SAR,Stayed
296,0,Female,21 to 30,Married,Master's,Less than 5 years,Less than 5 years,Law firm,Legal Affairs,Lawyer,From 5000 to 10000 S.R,1,No,No,No,I don't have overtime,No,No,From 1 to 3 training programs,Yes,I do not travel for work,Medium,No,Low,Medium,Medium,Easy,No,Yes,Yes,No,High,Satisfied,Yes,21 to 30,From 5000 to 10000 S.R,Stayed
297,0,Female,21 to 30,Single,Bachelor's,Less than 5 years,Less than 5 years,Financial sector,Marketing,Marketing Specialist,From 5000 to 10000 S.R,2,Yes,Yes,No,I don't have overtime,Yes,No,From 1 to 3 training programs,Yes,I do not travel for work,Medium,Yes,High,Medium,Close,Medium,No,Sometimes,Yes,No,Medium,Satisfied,No,21 to 30,From 5000 to 10000 S.R,Stayed
298,1,Female,21 to 30,Single,Bachelor's,Less than 5 years,Less than 5 years,Law firm,Legal Affairs,Lawyer,Less than 5000 SAR,2,No,No,Yes,No,No,No,I did not receive any training,No,I do not travel for work,Medium,No,Medium,Medium,Close,Medium,Sometimes,No,No,Yes,Medium,Not satisfied,Yes,21 to 30,Less than 5000 SAR,Left
299,1,Female,21 to 30,Single,Bachelor's,Less than 5 years,Less than 5 years,Law firm,Legal Affairs,Lawyer,From 5000 to 10000 S.R,2,No,No,Yes,No,No,No,I did not receive any training,No,I do not travel for work,Low,No,High,Difficult,Far,Difficult,Yes,Yes,No,Yes,Low,Not satisfied,Yes,21 to 30,From 5000 to 10000 S.R,Left
300,0,Female,21 to 30,Single,Bachelor's,Less than 5 years,Less than 5 years,Law firm,Legal Affairs,Customer services representative,From 5000 to 10000 S.R,1,Yes,No,Yes,Yes,No,No,From 1 to 3 training programs,Yes,I do not travel for work,Medium,Yes,High,Medium,Far,Medium,No,Yes,No,No,Medium,Satisfied,No,21 to 30,From 5000 to 10000 S.R,Stayed
301,1,Female,21 to 30,Married,Bachelor's,Less than 5 years,Less than 5 years,Education sector,Administration,Administrative manager,Less than 5000 SAR,0,No,No,Yes,No,No,No,From 4 to 6 training programs,Yes,I do not travel for work,Medium,Yes,Medium,Medium,Close,Difficult,Sometimes,Yes,No,Yes,Medium,Satisfied,No,21 to 30,Less than 5000 SAR,Left
302,0,Female,21 to 30,Single,Bachelor's,Less than 5 years,Less than 5 years,Restaurant sector,Processes,Manger assistant,Less than 5000 SAR,2,Yes,No,Yes,Yes,Yes,No,From 1 to 3 training programs,Yes,I do not travel for work,Medium,Yes,Medium,Medium,Medium,Medium,Sometimes,Sometimes,No,No,Medium,Satisfied,No,21 to 30,Less than 5000 SAR,Stayed
303,1,Female,21 to 30,Married,Bachelor's,Less than 5 years,Less than 5 years,Law firm,Legal Affairs,Lawyer,Less than 5000 SAR,0,Yes,No,No,No,No,No,I did not receive any training,No,I do not travel for work,Low,Yes,High,Easy,Close,Medium,Sometimes,Sometimes,Yes,No,High,Satisfied,No,21 to 30,Less than 5000 SAR,Left
304,0,Male,21 to 30,Single,Diploma or secondary,Less than 5 years,Less than 5 years,Energy sector,Safety & Security,Security and safety specialist,Less than 5000 SAR,1,No,No,No,I don't have overtime,Yes,No,I did not receive any training,No,I do not travel for work,High,Yes,High,Easy,Close,Easy,No,No,Yes,No,High,Very satisfied,No,21 to 30,Less than 5000 SAR,Stayed
305,0,Female,21 to 30,Single,Master's,Less than 5 years,Less than 5 years,Law firm,Legal Affairs,Lawyer,Less than 5000 SAR,1,No,No,No,No,No,No,From 1 to 3 training programs,Yes,I do not travel for work,Medium,No,Medium,Medium,Close,Difficult,Yes,Yes,No,No,Medium,Not satisfied,No,21 to 30,Less than 5000 SAR,Stayed
306,1,Male,21 to 30,Single,Diploma or secondary,From 5 to 10 years,Less than 5 years,Financial sector,Customers service,Customer services representative,Less than 5000 SAR,2,Yes,Yes,Yes,Yes,No,Yes,From 1 to 3 training programs,Yes,I do not travel for work,Medium,Yes,Medium,Difficult,Close,Medium,Sometimes,Sometimes,No,No,High,Satisfied,No,21 to 30,Less than 5000 SAR,Left
307,1,Female,21 to 30,Single,Diploma or secondary,Less than 5 years,Less than 5 years,Energy sector,Sales,Sales executive,Less than 5000 SAR,2,Yes,Yes,No,No,No,No,From 1 to 3 training programs,No,Travel rarely,High,Yes,High,Medium,Close,Difficult,Yes,Yes,Yes,No,Low,Satisfied,Yes,21 to 30,Less than 5000 SAR,Left
308,1,Male,21 to 30,Single,Diploma or secondary,From 5 to 10 years,From 5 to 10 years,Transport sector,Safety & Security,Security and safety specialist,Less than 5000 SAR,1,No,No,No,Yes,No,No,I did not receive any training,No,I do not travel for work,Low,No,Low,Medium,Medium,Medium,Yes,No,No,No,Low,Not satisfied,No,21 to 30,Less than 5000 SAR,Left
309,1,Female,21 to 30,Single,Diploma or secondary,Less than 5 years,Less than 5 years,Economic sector,Customers service,Customer services representative,Less than 5000 SAR,2,Yes,No,No,I don't have overtime,Yes,No,I did not receive any training,No,I do not travel for work,Medium,Yes,Medium,Easy,Medium,Medium,Yes,Yes,No,No,Medium,Satisfied,No,21 to 30,Less than 5000 SAR,Left
310,0,Male,21 to 30,Single,Diploma or secondary,Less than 5 years,Less than 5 years,Food production sector,Accounting,Accountant,Less than 5000 SAR,2,Yes,No,Yes,Yes,No,No,From 1 to 3 training programs,Yes,I do not travel for work,Medium,Yes,High,Medium,Medium,Medium,Yes,No,No,No,High,Satisfied,Yes,21 to 30,Less than 5000 SAR,Stayed
311,1,Female,21 to 30,Single,Bachelor's,From 5 to 10 years,Less than 5 years,Tourism sector,Administration,Administrative manager,From 5000 to 10000 S.R,2,Yes,Yes,Yes,Yes,Yes,No,I did not receive any training,No,I do not travel for work,Low,No,Low,Medium,Medium,Medium,Sometimes,Sometimes,No,No,Low,Not satisfied,Yes,21 to 30,From 5000 to 10000 S.R,Left
312,0,Male,21 to 30,Single,Bachelor's,Less than 5 years,Less than 5 years,Medical sector,Customers service,Customer services representative,Less than 5000 SAR,0,No,No,No,I don't have overtime,No,No,I did not receive any training,No,I do not travel for work,Low,No,Low,Medium,Close,Medium,Yes,Yes,No,Yes,Low,Not satisfied,No,21 to 30,Less than 5000 SAR,Stayed
313,0,Female,31 to 40,Single,Bachelor's,Less than 5 years,Less than 5 years,Financial sector,Sales,Sales representative,Less than 5000 SAR,4,Yes,Yes,No,Yes,No,No,From 7 training programs to more,Yes,I do not travel for work,Medium,No,High,Easy,Close,Easy,Yes,Yes,Yes,No,Medium,Satisfied,Yes,31 to 40,Less than 5000 SAR,Stayed
314,1,Female,21 to 30,Single,Bachelor's,Less than 5 years,Less than 5 years,Economic sector,Sales,Salesman,Less than 5000 SAR,1,Yes,No,Yes,No,No,No,I did not receive any training,No,I do not travel for work,Low,No,Low,Medium,Medium,Difficult,Yes,Yes,No,No,Medium,Not satisfied,Yes,21 to 30,Less than 5000 SAR,Left
315,0,Female,31 to 40,Married,Diploma or secondary,Less than 5 years,Less than 5 years,Financial sector,Accounting,Supervisor,Less than 5000 SAR,3,Yes,Yes,No,No,No,No,From 4 to 6 training programs,Yes,Travel rarely,Medium,No,Medium,Easy,Medium,Difficult,Yes,Yes,Yes,No,Medium,Satisfied,Yes,31 to 40,Less than 5000 SAR,Stayed
316,1,Female,41 to 50,Married,Diploma or secondary,From 5 to 10 years,Less than 5 years,Financial sector,Sales,Sales representative,Less than 5000 SAR,2,Yes,No,No,Yes,Yes,Yes,From 1 to 3 training programs,Yes,I do not travel for work,High,Yes,High,Easy,Far,Easy,No,No,Yes,No,High,Very satisfied,No,41 to 50,Less than 5000 SAR,Left
317,0,Female,41 to 50,Married,Bachelor's,From 5 to 10 years,From 5 to 10 years,Food production sector,Sales,Administrative manager,From 5000 to 10000 S.R,2,Yes,Yes,No,No,No,Yes,From 7 training programs to more,Yes,Travel rarely,Medium,Yes,High,Medium,Close,Medium,Sometimes,Sometimes,Yes,No,Medium,Satisfied,Yes,41 to 50,From 5000 to 10000 S.R,Stayed
318,1,Female,21 to 30,Single,Bachelor's,From 5 to 10 years,Less than 5 years,Economic sector,Sales,Sales representative,Less than 5000 SAR,0,Yes,No,Yes,Yes,No,No,I did not receive any training,No,I do not travel for work,Low,No,Low,Medium,Medium,Medium,Sometimes,Sometimes,No,No,Low,Satisfied,Yes,21 to 30,Less than 5000 SAR,Left
319,0,Female,21 to 30,Single,Bachelor's,Less than 5 years,Less than 5 years,Media sector,Administration,Supervisor,Less than 5000 SAR,1,Yes,No,Yes,Yes,No,No,From 1 to 3 training programs,Yes,I do not travel for work,Low,Yes,High,Easy,Medium,Medium,Sometimes,Yes,Yes,No,Medium,Satisfied,No,21 to 30,Less than 5000 SAR,Stayed
320,1,Male,21 to 30,Single,Bachelor's,From 5 to 10 years,Less than 5 years,Restaurant sector,Administration,Administrative manager,From 5000 to 10000 S.R,2,Yes,Yes,No,I don't have overtime,Yes,No,From 1 to 3 training programs,Yes,I do not travel for work,Low,No,High,Medium,Far,Difficult,Yes,Yes,No,No,Low,Not satisfied,Yes,21 to 30,From 5000 to 10000 S.R,Left
321,1,Male,31 to 40,Married,Bachelor's,From 11 to 15 years,Less than 5 years,Economic sector,Sales,Administrative manager,Less than 5000 SAR,2,Yes,No,No,I don't have overtime,No,No,I did not receive any training,No,I do not travel for work,Low,No,Low,Difficult,Far,Difficult,Yes,Yes,No,Yes,Low,Not satisfied,Yes,31 to 40,Less than 5000 SAR,Left
322,0,Female,21 to 30,Single,Diploma or secondary,From 5 to 10 years,From 5 to 10 years,Financial sector,Accounting,Accountant,Less than 5000 SAR,1,Yes,Yes,Yes,Yes,No,No,From 1 to 3 training programs,Yes,I do not travel for work,Medium,No,Medium,Easy,Medium,Easy,No,No,No,No,Medium,Satisfied,Yes,21 to 30,Less than 5000 SAR,Stayed
323,1,Female,21 to 30,Married,Bachelor's,From 11 to 15 years,From 5 to 10 years,Education sector,Administration,Administrative manager,Less than 5000 SAR,1,Yes,Yes,Yes,Yes,Yes,Yes,From 1 to 3 training programs,Yes,Travel frequently,High,Yes,High,Medium,Medium,Medium,No,Sometimes,No,No,High,Very satisfied,Yes,21 to 30,Less than 5000 SAR,Left
324,0,Female,21 to 30,Single,Diploma or secondary,Less than 5 years,Less than 5 years,Financial sector,Sales,Sales representative,From 5000 to 10000 S.R,0,Yes,No,Yes,Yes,No,No,From 1 to 3 training programs,Yes,Travel rarely,Medium,Yes,Medium,Medium,Medium,Medium,Sometimes,Yes,Yes,No,Medium,Satisfied,No,21 to 30,From 5000 to 10000 S.R,Stayed
325,0,Female,21 to 30,Married,Bachelor's,Less than 5 years,Less than 5 years,Medical sector,Patient Affairs,Pharmacist,From 11000 to 15000 S.R,2,Yes,Yes,Yes,Yes,Yes,Yes,From 7 training programs to more,Yes,I do not travel for work,High,Yes,Medium,Medium,Medium,Difficult,Sometimes,Sometimes,No,No,Medium,Satisfied,Yes,21 to 30,From 11000 to 15000 S.R,Stayed
326,1,Female,31 to 40,Married,Bachelor's,Less than 5 years,Less than 5 years,Education sector,Customers service,Customer services representative,Less than 5000 SAR,2,Yes,No,No,I don't have overtime,No,Yes,From 1 to 3 training programs,Yes,Travel rarely,High,Yes,High,Easy,Close,Medium,No,Sometimes,Yes,No,High,Very satisfied,Yes,31 to 40,Less than 5000 SAR,Left
327,1,Female,21 to 30,Single,Diploma or secondary,From 5 to 10 years,From 5 to 10 years,Food production sector,Sales,Supervisor,Less than 5000 SAR,3,Yes,No,Yes,Yes,No,Yes,I did not receive any training,No,I do not travel for work,Low,No,Medium,Easy,Medium,Medium,Yes,Sometimes,No,No,Medium,Satisfied,Yes,21 to 30,Less than 5000 SAR,Left
328,1,Female,21 to 30,Single,Bachelor's,Less than 5 years,Less than 5 years,Economic sector,Sales,Sales representative,Less than 5000 SAR,1,Yes,Yes,Yes,Yes,No,No,From 1 to 3 training programs,No,I do not travel for work,Low,No,Low,Difficult,Medium,Medium,Yes,Yes,No,Yes,Medium,Not satisfied,No,21 to 30,Less than 5000 SAR,Left
329,0,Female,41 to 50,Married,Diploma or secondary,Less than 5 years,Less than 5 years,Food production sector,Sales,Salesman,Less than 5000 SAR,0,Yes,No,Yes,Yes,No,No,I did not receive any training,No,I do not travel for work,Medium,Yes,High,Medium,Close,Medium,Sometimes,Sometimes,No,No,High,Satisfied,No,41 to 50,Less than 5000 SAR,Stayed
330,1,Female,21 to 30,Single,Bachelor's,From 5 to 10 years,Less than 5 years,Media sector,Administration,Graphic designer,From 5000 to 10000 S.R,4,No,No,Yes,No,No,No,I did not receive any training,No,I do not travel for work,Medium,Yes,High,Easy,Medium,Easy,Sometimes,No,No,No,High,Satisfied,Yes,21 to 30,From 5000 to 10000 S.R,Left
331,0,Female,21 to 30,Single,Bachelor's,Less than 5 years,Less than 5 years,Economic sector,Administration,Administrative manager,From 5000 to 10000 S.R,2,Yes,Yes,No,Yes,Yes,Yes,I did not receive any training,No,I do not travel for work,Medium,Yes,High,Easy,Close,Easy,Yes,Yes,Yes,No,High,Very satisfied,No,21 to 30,From 5000 to 10000 S.R,Stayed
332,0,Female,41 to 50,Married,Diploma or secondary,Less than 5 years,Less than 5 years,Food production sector,Sales,Salesman,Less than 5000 SAR,0,Yes,No,Yes,Yes,No,No,I did not receive any training,No,I do not travel for work,Medium,Yes,Medium,Medium,Close,Medium,Sometimes,Sometimes,No,No,High,Satisfied,No,41 to 50,Less than 5000 SAR,Stayed
333,1,Female,21 to 30,Single,Diploma or secondary,Less than 5 years,Less than 5 years,Medical sector,Customers service,Receptionist,Less than 5000 SAR,2,Yes,No,Yes,Yes,No,No,I did not receive any training,No,I do not travel for work,Low,No,Low,Difficult,Close,Medium,Yes,Yes,No,No,Low,Not satisfied,Yes,21 to 30,Less than 5000 SAR,Left
334,0,Female,21 to 30,Single,Bachelor's,Less than 5 years,Less than 5 years,Food production sector,Sales,Supervisor,Less than 5000 SAR,1,Yes,No,Yes,Yes,No,No,I did not receive any training,No,I do not travel for work,High,Yes,High,Easy,Close,Easy,Yes,Yes,Yes,No,High,Very satisfied,No,21 to 30,Less than 5000 SAR,Stayed
335,1,Female,41 to 50,Married,Diploma or secondary,From 5 to 10 years,From 5 to 10 years,Food production sector,Production,Production supervisor,Less than 5000 SAR,0,No,No,No,No,No,No,I did not receive any training,No,I do not travel for work,Medium,No,Low,Medium,Medium,Medium,Yes,Yes,No,Yes,Low,Not satisfied,Yes,41 to 50,Less than 5000 SAR,Left
336,1,Male,31 to 40,Married,Master's,From 16 to 20 years,From 11 to 15 years,Energy sector,Processes,Operations Supervisor,From 11000 to 15000 S.R,2,Yes,Yes,Yes,Yes,Yes,No,From 7 training programs to more,Yes,Travel rarely,Medium,No,Low,Medium,Medium,Medium,Sometimes,No,Yes,No,Medium,Satisfied,Yes,31 to 40,From 11000 to 15000 S.R,Left
337,1,Female,31 to 40,Married,Diploma or secondary,From 5 to 10 years,From 5 to 10 years,Communications and IT sector,Customers service,Secretariat,Less than 5000 SAR,0,No,No,No,Yes,Yes,No,I did not receive any training,No,I do not travel for work,Low,No,Low,Medium,Far,Medium,Yes,Yes,No,No,Low,Not satisfied,Yes,31 to 40,Less than 5000 SAR,Left
338,1,Female,31 to 40,Single,Bachelor's,Less than 5 years,Less than 5 years,Financial sector,Treasury,Treasury agent,From 16000 to 20000 S.R,2,Yes,Yes,Yes,I don't have overtime,Yes,Yes,From 1 to 3 training programs,Yes,I do not travel for work,Low,No,Low,Difficult,Medium,Medium,Yes,Yes,No,Yes,Low,Not satisfied,Yes,31 to 40,From 16000 to 20000 S.R,Left
339,0,Female,31 to 40,Married,Diploma or secondary,From 5 to 10 years,From 5 to 10 years,Food production sector,Sales,Sales representative,Less than 5000 SAR,1,Yes,Yes,No,Yes,Yes,No,From 1 to 3 training programs,Yes,I do not travel for work,Medium,Yes,Medium,Medium,Medium,Medium,Sometimes,Sometimes,Yes,No,Medium,Satisfied,Yes,31 to 40,Less than 5000 SAR,Stayed
340,0,Female,21 to 30,Married,Bachelor's,Less than 5 years,Less than 5 years,"Environment, Water, and Agriculture sector",Customers service,Customer services representative,From 11000 to 15000 S.R,2,Yes,Yes,Yes,Yes,No,No,From 1 to 3 training programs,Yes,Travel rarely,Medium,No,Low,Easy,Far,Easy,No,Yes,Yes,No,Medium,Satisfied,Yes,21 to 30,From 11000 to 15000 S.R,Stayed
341,0,Female,21 to 30,Married,Bachelor's,Less than 5 years,Less than 5 years,Law firm,Legal Affairs,Lawyer,From 5000 to 10000 S.R,0,No,Yes,Yes,No,No,No,From 1 to 3 training programs,Yes,Travel rarely,Low,No,High,Easy,Medium,Difficult,Yes,Yes,No,No,Medium,Not satisfied,Yes,21 to 30,From 5000 to 10000 S.R,Stayed
342,0,Female,31 to 40,Married,Master's,From 11 to 15 years,From 11 to 15 years,Energy sector,Relations,Coordinator,From 5000 to 10000 S.R,2,Yes,Yes,Yes,Yes,Yes,Yes,From 1 to 3 training programs,Yes,Travel rarely,High,Yes,High,Easy,Medium,Easy,No,No,Yes,No,High,Very satisfied,No,31 to 40,From 5000 to 10000 S.R,Stayed
343,1,Male,21 to 30,Single,Bachelor's,From 5 to 10 years,From 5 to 10 years,Communications and IT sector,Customers service,Customer services representative,From 5000 to 10000 S.R,1,Yes,No,Yes,No,No,No,From 1 to 3 training programs,Yes,I do not travel for work,Medium,Yes,Medium,Medium,Far,Difficult,Yes,Yes,No,Yes,Medium,Satisfied,No,21 to 30,From 5000 to 10000 S.R,Left
344,0,Male,31 to 40,Married,Bachelor's,From 5 to 10 years,From 5 to 10 years,Energy sector,Accounting,Financial Analyst,From 11000 to 15000 S.R,3,Yes,Yes,No,I don't have overtime,Yes,Yes,From 4 to 6 training programs,Yes,I do not travel for work,High,Yes,High,Easy,Medium,Easy,Sometimes,No,Yes,No,High,Very satisfied,No,31 to 40,From 11000 to 15000 S.R,Stayed
345,0,Female,21 to 30,Single,Bachelor's,Less than 5 years,Less than 5 years,Education sector,Teaching,Lecturer,From 5000 to 10000 S.R,0,No,No,No,I don't have overtime,Yes,No,I did not receive any training,No,I do not travel for work,Low,No,Low,Medium,Far,Easy,Sometimes,Yes,No,No,Medium,Not satisfied,Yes,21 to 30,From 5000 to 10000 S.R,Stayed
346,0,Female,31 to 40,Married,Diploma or secondary,From 5 to 10 years,From 5 to 10 years,Medical sector,Customers service,Customer services representative,From 5000 to 10000 S.R,2,Yes,No,No,I don't have overtime,No,No,I did not receive any training,No,I do not travel for work,Low,No,Low,Difficult,Far,Difficult,Sometimes,Yes,No,Yes,Low,Not satisfied,No,31 to 40,From 5000 to 10000 S.R,Stayed
347,1,Male,41 to 50,Married,Diploma or secondary,From 11 to 15 years,Less than 5 years,Medical sector,Safety & Security,Security and safety specialist,Less than 5000 SAR,2,Yes,No,Yes,Yes,Yes,No,I did not receive any training,No,I do not travel for work,Low,Yes,Medium,Medium,Medium,Easy,No,Yes,Yes,Yes,Medium,Satisfied,No,41 to 50,Less than 5000 SAR,Left
348,1,Male,51 to 60,Married,Diploma or secondary,From 26 to 30 years,From 11 to 15 years,Financial sector,Safety & Security,Security and safety specialist,Less than 5000 SAR,1,Yes,No,No,I don't have overtime,No,No,I did not receive any training,No,I do not travel for work,Low,No,Low,Difficult,Medium,Medium,No,No,Yes,No,High,Satisfied,No,51 to 60,Less than 5000 SAR,Left
349,0,Female,21 to 30,Single,Bachelor's,Less than 5 years,Less than 5 years,Financial sector,Accounting,Accountant,From 5000 to 10000 S.R,4,Yes,Yes,Yes,No,Yes,Yes,From 4 to 6 training programs,Yes,I do not travel for work,Medium,No,Medium,Difficult,Close,Medium,Sometimes,Yes,Yes,No,Low,Not satisfied,Yes,21 to 30,From 5000 to 10000 S.R,Stayed
350,0,Female,31 to 40,Married,Bachelor's,From 11 to 15 years,From 11 to 15 years,Medical sector,Patient Affairs,Doctor,From 11000 to 15000 S.R,1,No,No,No,I don't have overtime,Yes,Yes,From 1 to 3 training programs,Yes,I do not travel for work,Low,No,High,Easy,Far,Easy,Yes,Yes,Yes,No,Medium,Satisfied,Yes,31 to 40,From 11000 to 15000 S.R,Stayed
351,0,Female,21 to 30,Single,Bachelor's,Less than 5 years,Less than 5 years,Economic sector,Accounting,Accountant,Less than 5000 SAR,0,No,No,No,I don't have overtime,No,Yes,I did not receive any training,No,I do not travel for work,High,Yes,High,Medium,Medium,Medium,Sometimes,Yes,No,No,High,Very satisfied,Yes,21 to 30,Less than 5000 SAR,Stayed
352,0,Female,21 to 30,Married,Bachelor's,From 5 to 10 years,From 5 to 10 years,Education sector,Teaching,Teacher,Less than 5000 SAR,0,No,No,No,I don't have overtime,Yes,Yes,From 7 training programs to more,Yes,I do not travel for work,High,Yes,High,Easy,Close,Easy,No,No,Yes,No,High,Very satisfied,Yes,21 to 30,Less than 5000 SAR,Stayed
353,0,Female,21 to 30,Single,Diploma or secondary,Less than 5 years,Less than 5 years,Education sector,Teaching,Teacher,Less than 5000 SAR,0,No,No,No,I don't have overtime,Yes,No,From 1 to 3 training programs,Yes,I do not travel for work,Medium,Yes,Medium,Easy,Medium,Easy,Yes,Yes,Yes,No,Low,Satisfied,No,21 to 30,Less than 5000 SAR,Stayed
354,1,Female,21 to 30,Married,Bachelor's,From 5 to 10 years,From 5 to 10 years,Education sector,Teaching,Teacher,Less than 5000 SAR,0,No,No,No,I don't have overtime,Yes,Yes,From 4 to 6 training programs,Yes,I do not travel for work,Medium,Yes,Medium,Medium,Far,Medium,Sometimes,Sometimes,Yes,No,Medium,Not satisfied,Yes,21 to 30,Less than 5000 SAR,Left
355,0,Female,31 to 40,Single,Bachelor's,From 5 to 10 years,From 5 to 10 years,Education sector,Training,Teacher,Less than 5000 SAR,0,No,No,No,I don't have overtime,No,Yes,From 1 to 3 training programs,Yes,I do not travel for work,High,Yes,High,Medium,Close,Easy,Sometimes,Sometimes,No,Yes,Medium,Satisfied,No,31 to 40,Less than 5000 SAR,Stayed
356,0,Female,31 to 40,Married,Diploma or secondary,Less than 5 years,Less than 5 years,Education sector,Teaching,Teacher,Less than 5000 SAR,0,No,No,No,I don't have overtime,No,No,I did not receive any training,No,I do not travel for work,Low,Yes,Medium,Medium,Close,Medium,Sometimes,No,No,No,High,Very satisfied,Yes,31 to 40,Less than 5000 SAR,Stayed
357,1,Female,31 to 40,Married,Bachelor's,Less than 5 years,Less than 5 years,Education sector,Information technology,IT specialist,Less than 5000 SAR,0,No,No,No,I don't have overtime,No,No,I did not receive any training,No,I do not travel for work,Medium,No,High,Medium,Medium,Difficult,Sometimes,Sometimes,No,No,Low,Not satisfied,No,31 to 40,Less than 5000 SAR,Left
358,0,Female,51 to 60,Married,Diploma or secondary,Less than 5 years,Less than 5 years,Education sector,Administration,Receptionist,Less than 5000 SAR,0,No,Yes,Yes,No,No,No,I did not receive any training,No,I do not travel for work,Low,Yes,High,Easy,Far,Difficult,Yes,No,Yes,No,Medium,Satisfied,Yes,51 to 60,Less than 5000 SAR,Stayed
359,0,Female,21 to 30,Single,Bachelor's,From 5 to 10 years,From 5 to 10 years,Financial sector,Accounting,Accountant,From 5000 to 10000 S.R,0,Yes,No,No,I don't have overtime,Yes,Yes,From 4 to 6 training programs,Yes,I do not travel for work,High,Yes,High,Medium,Medium,Medium,Sometimes,Sometimes,Yes,No,Medium,Satisfied,Yes,21 to 30,From 5000 to 10000 S.R,Stayed
360,1,Male,31 to 40,Married,Master's,From 5 to 10 years,Less than 5 years,Education sector,Administration,Manger assistant,From 5000 to 10000 S.R,0,Yes,No,No,I don't have overtime,Yes,Yes,From 7 training programs to more,Yes,Travel rarely,High,Yes,High,Easy,Medium,Easy,No,No,Yes,Yes,High,Very satisfied,No,31 to 40,From 5000 to 10000 S.R,Left
361,0,Female,21 to 30,Married,Bachelor's,Less than 5 years,Less than 5 years,Medical sector,Customers service,Receptionist,From 5000 to 10000 S.R,2,Yes,No,No,I don't have overtime,Yes,Yes,I did not receive any training,No,I do not travel for work,High,Yes,High,Medium,Medium,Medium,Sometimes,Sometimes,No,Yes,Medium,Satisfied,Yes,21 to 30,From 5000 to 10000 S.R,Stayed
362,0,Male,31 to 40,Single,Master's,From 5 to 10 years,From 5 to 10 years,"Environment, Water, and Agriculture sector",HR,HR Specialist,From 5000 to 10000 S.R,1,Yes,No,No,I don't have overtime,No,No,I did not receive any training,No,Travel frequently,Low,No,Low,Difficult,Close,Medium,Sometimes,Yes,No,No,Medium,Not satisfied,No,31 to 40,From 5000 to 10000 S.R,Stayed
363,0,Female,21 to 30,Single,Diploma or secondary,Less than 5 years,Less than 5 years,Tourism sector,Administration,Manger assistant,Less than 5000 SAR,0,No,No,No,I don't have overtime,No,No,I did not receive any training,No,I do not travel for work,Medium,No,Low,Medium,Medium,Medium,Sometimes,Sometimes,No,No,Medium,Not satisfied,No,21 to 30,Less than 5000 SAR,Stayed
364,1,Male,31 to 40,Married,Bachelor's,From 5 to 10 years,Less than 5 years,Medical sector,Accounting,Accountant,From 5000 to 10000 S.R,0,No,No,No,I don't have overtime,No,Yes,From 1 to 3 training programs,Yes,I do not travel for work,Medium,Yes,Medium,Medium,Medium,Medium,Sometimes,Sometimes,No,No,Medium,Not satisfied,Yes,31 to 40,From 5000 to 10000 S.R,Left
365,0,Female,31 to 40,Married,Bachelor's,From 5 to 10 years,From 5 to 10 years,Communications and IT sector,Administration,Secretariat,From 5000 to 10000 S.R,1,Yes,No,Yes,Yes,Yes,Yes,From 4 to 6 training programs,Yes,Travel rarely,High,Yes,High,Medium,Medium,Medium,Sometimes,Sometimes,Yes,No,High,Very satisfied,No,31 to 40,From 5000 to 10000 S.R,Stayed
366,1,Female,41 to 50,Married,Master's,From 5 to 10 years,From 5 to 10 years,Energy sector,Accounting,Financial Analyst,From 11000 to 15000 S.R,2,Yes,No,Yes,No,No,No,From 1 to 3 training programs,Yes,Travel rarely,Medium,Yes,Medium,Medium,Close,Medium,Sometimes,Sometimes,No,No,Medium,Satisfied,Yes,41 to 50,From 11000 to 15000 S.R,Left
367,0,Male,21 to 30,Single,Bachelor's,From 5 to 10 years,From 5 to 10 years,Energy sector,HR,Coordinator,From 5000 to 10000 S.R,1,Yes,No,Yes,Yes,Yes,Yes,From 1 to 3 training programs,Yes,I do not travel for work,High,Yes,High,Easy,Close,Easy,No,No,Yes,No,High,Very satisfied,No,21 to 30,From 5000 to 10000 S.R,Stayed
368,1,Female,31 to 40,Single,Bachelor's,From 16 to 20 years,From 11 to 15 years,Education sector,Teaching,Teacher,Less than 5000 SAR,0,No,No,No,I don't have overtime,No,No,From 7 training programs to more,Yes,I do not travel for work,High,No,Medium,Difficult,Medium,Medium,Yes,Yes,No,No,Medium,Not satisfied,No,31 to 40,Less than 5000 SAR,Left
369,1,Male,21 to 30,Single,Diploma or secondary,Less than 5 years,Less than 5 years,Tourism sector,Accounting,Accountant,Less than 5000 SAR,1,Yes,Yes,Yes,Yes,Yes,Yes,From 1 to 3 training programs,Yes,I do not travel for work,Medium,No,Medium,Medium,Far,Medium,Sometimes,Yes,Yes,No,Medium,Satisfied,Yes,21 to 30,Less than 5000 SAR,Left
370,0,Female,21 to 30,Married,Bachelor's,From 5 to 10 years,From 5 to 10 years,Financial sector,Sales,Consultant,Less than 5000 SAR,0,No,Yes,Yes,No,No,Yes,I did not receive any training,No,I do not travel for work,Low,Yes,High,Medium,Far,Medium,No,Sometimes,No,No,High,Satisfied,No,21 to 30,Less than 5000 SAR,Stayed
371,1,Male,21 to 30,Married,Bachelor's,From 5 to 10 years,Less than 5 years,Financial sector,Banking operations,Banking operations,From 5000 to 10000 S.R,2,Yes,Yes,Yes,I don't have overtime,Yes,Yes,From 1 to 3 training programs,Yes,I do not travel for work,Medium,Yes,Medium,Medium,Medium,Medium,Sometimes,No,Yes,No,Medium,Very satisfied,Yes,21 to 30,From 5000 to 10000 S.R,Left
372,1,Male,21 to 30,Single,Bachelor's,From 5 to 10 years,Less than 5 years,Engineering consulting companies,Studies and design,Graphic designer,Less than 5000 SAR,2,Yes,No,No,I don't have overtime,No,No,I did not receive any training,No,I do not travel for work,Low,Yes,Medium,Medium,Medium,Medium,Sometimes,Sometimes,No,No,Low,Not satisfied,No,21 to 30,Less than 5000 SAR,Left
373,1,Male,31 to 40,Married,Bachelor's,From 5 to 10 years,Less than 5 years,Engineering consulting companies,Processes,Project Engineer,From 11000 to 15000 S.R,2,Yes,No,No,I don't have overtime,No,No,From 1 to 3 training programs,Yes,Travel rarely,Medium,Yes,Medium,Medium,Medium,Difficult,Yes,Yes,No,No,High,Not satisfied,Yes,31 to 40,From 11000 to 15000 S.R,Left
374,1,Male,21 to 30,Married,Master's,From 5 to 10 years,From 5 to 10 years,Engineering consulting companies,Studies and design,Civil engineer,From 11000 to 15000 S.R,2,Yes,No,Yes,Yes,No,No,I did not receive any training,No,Travel rarely,Low,No,Low,Difficult,Medium,Medium,Yes,Yes,No,No,Low,Not satisfied,Yes,21 to 30,From 11000 to 15000 S.R,Left
375,0,Male,31 to 40,Married,Bachelor's,Less than 5 years,Less than 5 years,Engineering consulting companies,Processes,Civil engineer,From 5000 to 10000 S.R,2,Yes,No,No,I don't have overtime,No,No,From 1 to 3 training programs,Yes,I do not travel for work,Medium,Yes,Medium,Medium,Far,Difficult,Yes,Yes,No,No,Medium,Satisfied,No,31 to 40,From 5000 to 10000 S.R,Stayed
376,1,Male,21 to 30,Single,Bachelor's,Less than 5 years,Less than 5 years,Engineering consulting companies,Processes,Civil engineer,From 5000 to 10000 S.R,1,No,No,Yes,No,No,No,I did not receive any training,No,Travel rarely,Low,No,High,Easy,Medium,Medium,Sometimes,Sometimes,No,No,Medium,Satisfied,Yes,21 to 30,From 5000 to 10000 S.R,Left
377,1,Female,31 to 40,Married,Bachelor's,From 11 to 15 years,From 5 to 10 years,Education sector,Teaching,Teacher,Less than 5000 SAR,1,Yes,No,No,I don't have overtime,No,No,From 1 to 3 training programs,Yes,I do not travel for work,Low,No,Medium,Medium,Close,Medium,Yes,No,No,No,Medium,Not satisfied,Yes,31 to 40,Less than 5000 SAR,Left
378,0,Male,21 to 30,Married,Bachelor's,Less than 5 years,Less than 5 years,Engineering consulting companies,Processes,Civil engineer,From 5000 to 10000 S.R,3,Yes,No,No,I don't have overtime,Yes,Yes,From 1 to 3 training programs,Yes,I do not travel for work,Medium,Yes,High,Easy,Close,Easy,No,Sometimes,Yes,No,Medium,Satisfied,Yes,21 to 30,From 5000 to 10000 S.R,Stayed
379,1,Female,31 to 40,Married,Bachelor's,From 5 to 10 years,From 5 to 10 years,Communications and IT sector,Administration,Administrative manager,From 5000 to 10000 S.R,2,Yes,No,No,No,No,No,From 1 to 3 training programs,No,I do not travel for work,Low,Yes,High,Medium,Far,Medium,Yes,No,Yes,Yes,High,Satisfied,Yes,31 to 40,From 5000 to 10000 S.R,Left
380,0,Female,31 to 40,Single,Bachelor's,From 5 to 10 years,From 5 to 10 years,Food production sector,Administration,Administrative manager,From 5000 to 10000 S.R,2,Yes,Yes,Yes,Yes,Yes,Yes,From 7 training programs to more,Yes,Travel rarely,High,Yes,High,Easy,Close,Easy,No,No,Yes,No,High,Very satisfied,No,31 to 40,From 5000 to 10000 S.R,Stayed
381,0,Female,31 to 40,Married,Bachelor's,Less than 5 years,Less than 5 years,Medical sector,Customers service,Customer services representative,Less than 5000 SAR,2,Yes,No,No,No,No,No,I did not receive any training,No,I do not travel for work,Low,No,Low,Difficult,Medium,Easy,No,Yes,No,No,Low,Not satisfied,No,31 to 40,Less than 5000 SAR,Stayed
382,1,Female,21 to 30,Single,Diploma or secondary,From 5 to 10 years,Less than 5 years,Food production sector,Sales,Salesman,Less than 5000 SAR,2,Yes,No,No,Yes,No,No,I did not receive any training,No,I do not travel for work,High,Yes,High,Easy,Close,Difficult,Yes,Yes,Yes,No,High,Very satisfied,No,21 to 30,Less than 5000 SAR,Left
383,1,Female,21 to 30,Married,Diploma or secondary,Less than 5 years,Less than 5 years,Communications and IT sector,Customers service,Customer services representative,Less than 5000 SAR,0,Yes,Yes,Yes,Yes,No,No,I did not receive any training,No,I do not travel for work,Low,No,Medium,Medium,Far,Easy,Yes,No,No,No,High,Satisfied,Yes,21 to 30,Less than 5000 SAR,Left
384,1,Female,31 to 40,Single,Bachelor's,From 5 to 10 years,From 5 to 10 years,Tourism sector,Accounting,Accountant,Less than 5000 SAR,2,Yes,No,No,I don't have overtime,No,No,I did not receive any training,No,I do not travel for work,Low,No,Low,Difficult,Far,Medium,No,Yes,No,No,Low,Not satisfied,Yes,31 to 40,Less than 5000 SAR,Left
385,0,Female,21 to 30,Single,Diploma or secondary,Less than 5 years,Less than 5 years,Food production sector,Sales,Salesman,Less than 5000 SAR,1,Yes,Yes,No,No,Yes,Yes,I did not receive any training,Yes,I do not travel for work,Medium,Yes,Medium,Medium,Close,Medium,Sometimes,No,Yes,No,Medium,Satisfied,No,21 to 30,Less than 5000 SAR,Stayed
386,1,Female,41 to 50,Married,Bachelor's,Less than 5 years,Less than 5 years,Medical sector,Administration,Administrative manager,Less than 5000 SAR,0,No,No,Yes,No,No,No,I did not receive any training,No,I do not travel for work,Low,No,Low,Difficult,Far,Easy,Yes,Sometimes,No,No,Medium,Not satisfied,No,41 to 50,Less than 5000 SAR,Left
387,1,Female,31 to 40,Married,Bachelor's,From 5 to 10 years,Less than 5 years,Education sector,Teaching,Teacher,Less than 5000 SAR,0,Yes,No,Yes,No,No,No,From 1 to 3 training programs,No,I do not travel for work,Low,No,Medium,Medium,Close,Easy,Sometimes,Yes,No,No,Medium,Satisfied,Yes,31 to 40,Less than 5000 SAR,Left
388,1,Male,31 to 40,Single,Bachelor's,From 5 to 10 years,Less than 5 years,Energy sector,Processes,Engineer,From 11000 to 15000 S.R,2,Yes,No,No,I don't have overtime,No,No,I did not receive any training,No,I do not travel for work,Medium,No,Low,Medium,Far,Medium,No,No,No,No,High,Satisfied,Yes,31 to 40,From 11000 to 15000 S.R,Left
389,0,Female,31 to 40,Married,Bachelor's,Less than 5 years,Less than 5 years,Food production sector,Processes,Data entry operator,Less than 5000 SAR,0,Yes,No,No,I don't have overtime,No,No,From 1 to 3 training programs,No,I do not travel for work,Low,No,Low,Difficult,Close,Medium,No,No,No,No,Low,Not satisfied,No,31 to 40,Less than 5000 SAR,Stayed
390,0,Female,31 to 40,Married,Diploma or secondary,Less than 5 years,Less than 5 years,Food production sector,Customers service,Receptionist,Less than 5000 SAR,0,Yes,No,No,I don't have overtime,No,No,From 1 to 3 training programs,Yes,I do not travel for work,Low,Yes,Medium,Difficult,Close,Medium,Sometimes,Sometimes,Yes,No,Medium,Satisfied,No,31 to 40,Less than 5000 SAR,Stayed
391,1,Male,31 to 40,Single,Bachelor's,From 5 to 10 years,Less than 5 years,Energy sector,Processes,Electrical engineer,From 11000 to 15000 S.R,2,Yes,Yes,Yes,Yes,Yes,No,I did not receive any training,No,I do not travel for work,Medium,Yes,High,Medium,Far,Medium,Sometimes,Sometimes,No,No,High,Satisfied,No,31 to 40,From 11000 to 15000 S.R,Left
392,0,Female,31 to 40,Married,Bachelor's,Less than 5 years,Less than 5 years,Medical sector,Patient Affairs,Doctor,Less than 5000 SAR,0,No,No,Yes,No,No,No,From 1 to 3 training programs,Yes,I do not travel for work,High,Yes,High,Medium,Close,Medium,Sometimes,Sometimes,Yes,No,Medium,Satisfied,Yes,31 to 40,Less than 5000 SAR,Stayed
393,1,Male,31 to 40,Married,Bachelor's,From 5 to 10 years,Less than 5 years,Energy sector,Processes,Electrical engineer,From 5000 to 10000 S.R,2,Yes,No,No,Yes,No,No,I did not receive any training,No,I do not travel for work,Medium,No,Low,Medium,Far,Difficult,Yes,Yes,No,No,Low,Satisfied,Yes,31 to 40,From 5000 to 10000 S.R,Left
394,1,Female,31 to 40,Single,Bachelor's,From 5 to 10 years,Less than 5 years,Financial sector,Customers service,Customer services representative,From 5000 to 10000 S.R,2,Yes,No,No,I don't have overtime,No,No,From 4 to 6 training programs,Yes,Travel rarely,Medium,Yes,High,Medium,Medium,Easy,Sometimes,Yes,Yes,No,High,Satisfied,Yes,31 to 40,From 5000 to 10000 S.R,Left
395,1,Male,31 to 40,Married,Bachelor's,From 5 to 10 years,Less than 5 years,Education sector,Technical support,Engineer,From 5000 to 10000 S.R,1,Yes,No,No,I don't have overtime,No,No,I did not receive any training,No,I do not travel for work,Low,No,Low,Medium,Far,Medium,Yes,Yes,No,No,Low,Not satisfied,No,31 to 40,From 5000 to 10000 S.R,Left
396,1,Male,31 to 40,Married,Bachelor's,From 5 to 10 years,Less than 5 years,Energy sector,Processes,Electrical engineer,From 11000 to 15000 S.R,1,No,No,Yes,Yes,No,No,From 1 to 3 training programs,Yes,I do not travel for work,Low,No,Medium,Medium,Close,Easy,Sometimes,Sometimes,Yes,No,Low,Not satisfied,Yes,31 to 40,From 11000 to 15000 S.R,Left
397,1,Male,21 to 30,Single,Bachelor's,Less than 5 years,Less than 5 years,Education sector,Teaching,Teacher,Less than 5000 SAR,0,No,No,No,I don't have overtime,No,No,I did not receive any training,No,I do not travel for work,Low,No,Low,Medium,Far,Medium,Yes,Sometimes,No,No,Low,Not satisfied,No,21 to 30,Less than 5000 SAR,Left
398,1,Male,31 to 40,Married,Bachelor's,From 5 to 10 years,Less than 5 years,Industry sector,Processes,Civil engineer,From 11000 to 15000 S.R,1,Yes,No,No,I don't have overtime,No,No,From 1 to 3 training programs,Yes,Travel rarely,Low,No,Medium,Easy,Far,Medium,Yes,Sometimes,Yes,No,Medium,Satisfied,Yes,31 to 40,From 11000 to 15000 S.R,Left
399,1,Female,31 to 40,Married,Bachelor's,From 5 to 10 years,Less than 5 years,Education sector,Teaching,Teacher,Less than 5000 SAR,0,Yes,No,No,I don't have overtime,No,No,From 1 to 3 training programs,No,I do not travel for work,Low,No,Medium,Medium,Medium,Medium,Yes,Yes,No,No,Medium,Satisfied,No,31 to 40,Less than 5000 SAR,Left
400,0,Female,31 to 40,Married,Bachelor's,Less than 5 years,Less than 5 years,Education sector,Teaching,Teacher,Less than 5000 SAR,0,Yes,No,No,I don't have overtime,No,No,I did not receive any training,No,I do not travel for work,Low,No,Low,Medium,Medium,Medium,Yes,Yes,No,No,Medium,Not satisfied,No,31 to 40,Less than 5000 SAR,Stayed
401,0,Female,31 to 40,Married,Diploma or secondary,Less than 5 years,Less than 5 years,Medical sector,HR,HR Specialist,Less than 5000 SAR,0,No,No,No,I don't have overtime,Yes,Yes,I did not receive any training,No,I do not travel for work,Low,Yes,Medium,Medium,Medium,Easy,No,Sometimes,Yes,No,Medium,Satisfied,No,31 to 40,Less than 5000 SAR,Stayed
402,0,Female,31 to 40,Single,Bachelor's,From 5 to 10 years,From 5 to 10 years,Education sector,Administration,Administrative manager,Less than 5000 SAR,1,No,No,Yes,Yes,Yes,Yes,From 1 to 3 training programs,Yes,I do not travel for work,High,Yes,High,Easy,Medium,Easy,Sometimes,No,Yes,No,Medium,Satisfied,No,31 to 40,Less than 5000 SAR,Stayed
403,1,Female,31 to 40,Married,Bachelor's,From 11 to 15 years,Less than 5 years,Financial sector,Marketing,Marketing Specialist,Less than 5000 SAR,2,Yes,No,No,No,No,No,From 1 to 3 training programs,Yes,Travel rarely,Low,No,Low,Medium,Medium,Medium,No,No,No,No,Medium,Not satisfied,Yes,31 to 40,Less than 5000 SAR,Left
404,1,Female,31 to 40,Married,Bachelor's,From 5 to 10 years,Less than 5 years,Education sector,Teaching,Teacher,Less than 5000 SAR,0,Yes,No,No,I don't have overtime,No,No,I did not receive any training,No,I do not travel for work,Low,Yes,High,Medium,Close,Difficult,Yes,Sometimes,No,Yes,Medium,Satisfied,No,31 to 40,Less than 5000 SAR,Left
405,1,Male,41 to 50,Married,Master's,From 5 to 10 years,From 5 to 10 years,Energy sector,Processes,Electrical engineer,From 16000 to 20000 S.R,2,Yes,Yes,Yes,Yes,No,No,From 1 to 3 training programs,No,Travel rarely,Medium,No,Low,Medium,Close,Easy,No,Yes,Yes,No,Medium,Satisfied,No,41 to 50,From 16000 to 20000 S.R,Left
407,0,Female,31 to 40,Married,Bachelor's,From 5 to 10 years,From 5 to 10 years,Financial sector,Processes,Business partners,From 11000 to 15000 S.R,2,Yes,No,No,I don't have overtime,Yes,No,From 1 to 3 training programs,Yes,Travel rarely,Low,No,Medium,Medium,Medium,Medium,Sometimes,Sometimes,No,No,Medium,Satisfied,No,31 to 40,From 11000 to 15000 S.R,Stayed
408,1,Male,41 to 50,Married,Bachelor's,From 16 to 20 years,Less than 5 years,Communications and IT sector,Information technology,Project manager,S.R 31000 - and more,3,Yes,Yes,No,I don't have overtime,No,No,From 4 to 6 training programs,Yes,I do not travel for work,Medium,No,High,Medium,Medium,Medium,No,Yes,No,No,Medium,Satisfied,Yes,41 to 50,S.R 31000 - and more,Left
409,1,Male,31 to 40,Married,Bachelor's,From 16 to 20 years,Less than 5 years,Transport sector,Training,Trainer,Less than 5000 SAR,2,Yes,No,Yes,Yes,No,No,From 1 to 3 training programs,Yes,I do not travel for work,Medium,No,Medium,Medium,Close,Easy,No,No,Yes,No,Medium,Satisfied,Yes,31 to 40,Less than 5000 SAR,Left
410,1,Male,41 to 50,Married,Diploma or secondary,From 16 to 20 years,Less than 5 years,Economic sector,Information technology,IT specialist,From 5000 to 10000 S.R,2,Yes,No,No,I don't have overtime,No,No,I did not receive any training,No,I do not travel for work,Low,Yes,High,Medium,Medium,Difficult,Yes,Yes,Yes,No,Medium,Not satisfied,Yes,41 to 50,From 5000 to 10000 S.R,Left
411,1,Male,41 to 50,Married,Master's,From 16 to 20 years,From 11 to 15 years,Financial sector,Accounting,Reports Manager,From 5000 to 10000 S.R,3,Yes,Yes,Yes,Yes,No,No,From 7 training programs to more,Yes,Travel rarely,High,Yes,Medium,Medium,Close,Difficult,Yes,Yes,Yes,No,High,Very satisfied,Yes,41 to 50,From 5000 to 10000 S.R,Left
412,1,Male,41 to 50,Married,Bachelor's,From 16 to 20 years,Less than 5 years,Industry sector,Safety & Security,Engineer,From 26000 to 30000 S.R,2,Yes,Yes,Yes,Yes,Yes,Yes,From 7 training programs to more,Yes,Travel frequently,Medium,Yes,High,Medium,Far,Medium,Sometimes,Sometimes,Yes,No,Medium,Satisfied,Yes,41 to 50,From 26000 to 30000 S.R,Left
413,1,Male,41 to 50,Married,Bachelor's,From 21 to 25 years,Less than 5 years,Food production sector,Sales,Sales executive,From 5000 to 10000 S.R,2,Yes,Yes,Yes,No,No,No,I did not receive any training,No,Travel frequently,Low,No,Medium,Difficult,Far,Difficult,Yes,Yes,Yes,No,Low,Satisfied,Yes,41 to 50,From 5000 to 10000 S.R,Left
414,0,Male,41 to 50,Married,Master's,Less than 5 years,Less than 5 years,Tourism sector,Administration,Administrative manager,S.R 31000 - and more,2,Yes,Yes,Yes,Yes,No,Yes,From 1 to 3 training programs,Yes,Travel rarely,Medium,Yes,Medium,Medium,Far,Medium,Yes,Yes,Yes,No,Medium,Satisfied,Yes,41 to 50,S.R 31000 - and more,Stayed
415,0,Male,41 to 50,Married,Bachelor's,Less than 5 years,Less than 5 years,Transport sector,Administration,Administrative manager,S.R 31000 - and more,2,Yes,Yes,Yes,Yes,Yes,Yes,From 1 to 3 training programs,Yes,Travel frequently,High,Yes,High,Medium,Medium,Medium,Sometimes,Sometimes,Yes,No,High,Very satisfied,Yes,41 to 50,S.R 31000 - and more,Stayed
416,1,Male,41 to 50,Married,Diploma or secondary,From 21 to 25 years,From 5 to 10 years,Transport sector,Administration,Administrative manager,From 11000 to 15000 S.R,0,No,No,Yes,No,No,No,I did not receive any training,No,Travel frequently,Medium,Yes,Medium,Medium,Medium,Medium,Yes,Yes,No,No,Medium,Satisfied,Yes,41 to 50,From 11000 to 15000 S.R,Left
417,1,Male,41 to 50,Married,Ph.D,From 11 to 15 years,From 11 to 15 years,Education sector,Teaching,Lecturer,From 5000 to 10000 S.R,2,Yes,No,Yes,Yes,No,Yes,From 4 to 6 training programs,Yes,Travel rarely,Medium,Yes,Medium,Medium,Far,Medium,Sometimes,Sometimes,Yes,No,Medium,Satisfied,Yes,41 to 50,From 5000 to 10000 S.R,Left
418,1,Female,21 to 30,Married,Master's,Less than 5 years,Less than 5 years,Education sector,Teaching,Trainer,Less than 5000 SAR,2,No,No,Yes,No,No,No,I did not receive any training,No,I do not travel for work,Low,No,Low,Easy,Close,Medium,Sometimes,Yes,Yes,No,Medium,Very satisfied,Yes,21 to 30,Less than 5000 SAR,Left
419,1,Male,31 to 40,Married,Diploma or secondary,From 5 to 10 years,From 5 to 10 years,Economic sector,Sales,Supervisor,From 5000 to 10000 S.R,0,Yes,Yes,Yes,No,No,No,From 1 to 3 training programs,Yes,Travel rarely,Medium,No,Medium,Easy,Medium,Difficult,No,Yes,No,No,Medium,Satisfied,No,31 to 40,From 5000 to 10000 S.R,Left
420,0,Male,31 to 40,Married,Bachelor's,From 5 to 10 years,From 5 to 10 years,Industry sector,Processes,Civil engineer,From 5000 to 10000 S.R,0,Yes,No,No,I don't have overtime,No,No,I did not receive any training,No,I do not travel for work,Medium,No,Medium,Medium,Medium,Medium,No,No,No,No,Medium,Very satisfied,No,31 to 40,From 5000 to 10000 S.R,Stayed
421,0,Male,31 to 40,Single,Diploma or secondary,From 5 to 10 years,From 5 to 10 years,Economic sector,Administration,Administrative manager,From 11000 to 15000 S.R,4,Yes,Yes,Yes,Yes,No,No,From 1 to 3 training programs,Yes,Travel frequently,Medium,Yes,Medium,Easy,Medium,Easy,Sometimes,Sometimes,Yes,No,Medium,Satisfied,Yes,31 to 40,From 11000 to 15000 S.R,Stayed
422,0,Female,21 to 30,Single,Diploma or secondary,Less than 5 years,Less than 5 years,Food production sector,Sales,Salesman,Less than 5000 SAR,1,Yes,No,No,I don't have overtime,Yes,Yes,From 1 to 3 training programs,Yes,I do not travel for work,High,Yes,High,Easy,Medium,Easy,Sometimes,No,Yes,No,High,Very satisfied,No,21 to 30,Less than 5000 SAR,Stayed
423,1,Female,21 to 30,Single,Diploma or secondary,Less than 5 years,Less than 5 years,Food production sector,Sales,Salesman,Less than 5000 SAR,3,Yes,No,Yes,Yes,Yes,No,From 1 to 3 training programs,Yes,I do not travel for work,Medium,Yes,High,Easy,Medium,Medium,Sometimes,Sometimes,Yes,No,Medium,Satisfied,Yes,21 to 30,Less than 5000 SAR,Left
424,0,Female,21 to 30,Married,Bachelor's,Less than 5 years,Less than 5 years,Food production sector,Sales,Sales representative,Less than 5000 SAR,2,Yes,Yes,No,Yes,No,No,I did not receive any training,No,I do not travel for work,Low,Yes,Medium,Difficult,Medium,Medium,Sometimes,Sometimes,No,No,Medium,Satisfied,No,21 to 30,Less than 5000 SAR,Stayed
425,0,Female,31 to 40,Married,Diploma or secondary,Less than 5 years,Less than 5 years,Economic sector,Sales,Salesman,Less than 5000 SAR,2,Yes,Yes,Yes,Yes,Yes,No,From 7 training programs to more,Yes,I do not travel for work,Low,No,Low,Difficult,Medium,Medium,Yes,Yes,No,No,Low,Not satisfied,Yes,31 to 40,Less than 5000 SAR,Stayed
426,1,Female,31 to 40,Divorced,Diploma or secondary,From 5 to 10 years,Less than 5 years,Food production sector,Marketing,Marketing Specialist,Less than 5000 SAR,1,Yes,No,No,I don't have overtime,No,No,I did not receive any training,No,I do not travel for work,Low,Yes,Low,Medium,Close,Difficult,Yes,Yes,No,No,Medium,Very satisfied,Yes,31 to 40,Less than 5000 SAR,Left
427,1,Male,21 to 30,Single,Diploma or secondary,From 5 to 10 years,Less than 5 years,Financial sector,Sales,Salesman,Less than 5000 SAR,0,No,No,Yes,Yes,No,No,From 1 to 3 training programs,Yes,I do not travel for work,Medium,No,Medium,Medium,Medium,Medium,Yes,Yes,Yes,No,Medium,Satisfied,Yes,21 to 30,Less than 5000 SAR,Left
428,1,Female,21 to 30,Married,Diploma or secondary,Less than 5 years,Less than 5 years,Food production sector,Sales,Salesman,Less than 5000 SAR,0,No,No,Yes,Yes,No,No,I did not receive any training,No,I do not travel for work,Low,No,Low,Difficult,Close,Medium,Yes,Yes,No,Yes,Low,Not satisfied,Yes,21 to 30,Less than 5000 SAR,Left
429,0,Female,41 to 50,Married,Diploma or secondary,Less than 5 years,Less than 5 years,Food production sector,Safety & Security,Security and safety specialist,Less than 5000 SAR,0,No,No,No,No,No,Yes,I did not receive any training,No,I do not travel for work,Medium,Yes,High,Easy,Close,Easy,Sometimes,Yes,Yes,No,High,Very satisfied,Yes,41 to 50,Less than 5000 SAR,Stayed
430,1,Female,31 to 40,Single,Bachelor's,Less than 5 years,Less than 5 years,Industry sector,Production,Production supervisor,Less than 5000 SAR,1,No,No,No,I don't have overtime,No,No,I did not receive any training,No,I do not travel for work,Low,No,Low,Easy,Medium,Medium,Sometimes,Sometimes,No,No,Low,Not satisfied,Yes,31 to 40,Less than 5000 SAR,Left
431,1,Female,21 to 30,Single,Diploma or secondary,Less than 5 years,Less than 5 years,Food production sector,Sales,Supervisor,Less than 5000 SAR,2,Yes,Yes,No,I don't have overtime,Yes,Yes,From 1 to 3 training programs,Yes,I do not travel for work,Medium,Yes,Medium,Medium,Far,Medium,Yes,Yes,No,No,High,Satisfied,Yes,21 to 30,Less than 5000 SAR,Left
432,1,Female,21 to 30,Single,Bachelor's,Less than 5 years,Less than 5 years,Food production sector,Sales,Sales representative,Less than 5000 SAR,2,Yes,No,Yes,Yes,No,No,From 1 to 3 training programs,No,Travel rarely,Low,No,Low,Medium,Medium,Difficult,Sometimes,Sometimes,No,No,Medium,Not satisfied,Yes,21 to 30,Less than 5000 SAR,Left
433,1,Female,41 to 50,Divorced,Bachelor's,From 5 to 10 years,Less than 5 years,Food production sector,Sales,Salesman,From 5000 to 10000 S.R,3,Yes,Yes,Yes,Yes,Yes,No,From 7 training programs to more,Yes,I do not travel for work,Low,Yes,High,Medium,Close,Easy,Sometimes,Sometimes,No,No,Medium,Satisfied,Yes,41 to 50,From 5000 to 10000 S.R,Left
434,0,Female,21 to 30,Married,Diploma or secondary,From 5 to 10 years,From 5 to 10 years,Food production sector,Sales,Consultant,From 5000 to 10000 S.R,2,Yes,Yes,No,I don't have overtime,No,No,From 7 training programs to more,Yes,I do not travel for work,High,Yes,High,Medium,Close,Medium,Sometimes,Sometimes,No,No,Medium,Satisfied,No,21 to 30,From 5000 to 10000 S.R,Stayed
435,1,Female,21 to 30,Divorced,Diploma or secondary,From 5 to 10 years,From 5 to 10 years,Food production sector,Sales,Supervisor,From 5000 to 10000 S.R,3,Yes,Yes,Yes,Yes,No,No,From 7 training programs to more,Yes,I do not travel for work,Medium,Yes,Medium,Medium,Medium,Difficult,Sometimes,Sometimes,No,No,High,Satisfied,No,21 to 30,From 5000 to 10000 S.R,Left
436,1,Female,21 to 30,Single,Diploma or secondary,From 5 to 10 years,Less than 5 years,Media sector,Sales,Salesman,Less than 5000 SAR,2,Yes,Yes,Yes,Yes,Yes,Yes,From 1 to 3 training programs,Yes,I do not travel for work,Medium,No,Medium,Medium,Close,Medium,Sometimes,No,Yes,Yes,Medium,Satisfied,Yes,21 to 30,Less than 5000 SAR,Left
437,0,Female,21 to 30,Married,Bachelor's,From 5 to 10 years,From 5 to 10 years,Energy sector,Accounting,Accountant,Less than 5000 SAR,2,Yes,Yes,Yes,Yes,Yes,Yes,From 4 to 6 training programs,Yes,I do not travel for work,High,Yes,Medium,Easy,Close,Easy,Yes,Sometimes,Yes,No,Medium,Very satisfied,No,21 to 30,Less than 5000 SAR,Stayed
438,0,Female,21 to 30,Single,Bachelor's,From 5 to 10 years,From 5 to 10 years,Food production sector,Production,Production supervisor,From 5000 to 10000 S.R,2,Yes,Yes,No,Yes,Yes,Yes,From 1 to 3 training programs,Yes,I do not travel for work,Medium,Yes,Medium,Medium,Medium,Medium,Yes,Yes,No,No,Medium,Satisfied,No,21 to 30,From 5000 to 10000 S.R,Stayed
439,1,Female,21 to 30,Single,Bachelor's,Less than 5 years,Less than 5 years,"Environment, Water, and Agriculture sector",Accounting,Accountant,Less than 5000 SAR,0,Yes,No,No,I don't have overtime,No,No,I did not receive any training,No,I do not travel for work,Medium,No,Medium,Medium,Medium,Medium,Sometimes,Yes,No,No,Low,Satisfied,Yes,21 to 30,Less than 5000 SAR,Left
440,1,Male,31 to 40,Married,Diploma or secondary,From 16 to 20 years,Less than 5 years,Industry sector,Sales,Supervisor,Less than 5000 SAR,2,No,Yes,Yes,Yes,No,No,From 1 to 3 training programs,Yes,I do not travel for work,Medium,No,Medium,Medium,Far,Medium,Yes,Yes,No,No,Medium,Satisfied,Yes,31 to 40,Less than 5000 SAR,Left
441,0,Male,21 to 30,Single,Bachelor's,Less than 5 years,Less than 5 years,Medical sector,Patient Affairs,Nutrition specialist,From 5000 to 10000 S.R,0,No,No,Yes,Yes,No,No,I did not receive any training,No,I do not travel for work,Low,No,Medium,Difficult,Medium,Difficult,Sometimes,Yes,No,No,Low,Not satisfied,No,21 to 30,From 5000 to 10000 S.R,Stayed
442,0,Male,41 to 50,Married,Bachelor's,From 11 to 15 years,From 11 to 15 years,Education sector,Accounting,Accountant,Less than 5000 SAR,2,Yes,Yes,Yes,Yes,No,No,I did not receive any training,No,I do not travel for work,Low,No,High,Difficult,Far,Medium,Yes,Yes,No,No,Medium,Satisfied,Yes,41 to 50,Less than 5000 SAR,Stayed
443,0,Female,21 to 30,Married,Bachelor's,From 5 to 10 years,From 5 to 10 years,Education sector,Teaching,Teacher,From 5000 to 10000 S.R,0,Yes,No,No,I don't have overtime,Yes,Yes,From 4 to 6 training programs,Yes,I do not travel for work,High,Yes,Medium,Medium,Close,Easy,No,No,Yes,No,High,Very satisfied,No,21 to 30,From 5000 to 10000 S.R,Stayed
444,1,Male,31 to 40,Married,Bachelor's,From 11 to 15 years,Less than 5 years,Medical sector,Patient Affairs,Nurse,From 5000 to 10000 S.R,2,Yes,Yes,No,I don't have overtime,Yes,Yes,From 4 to 6 training programs,Yes,I do not travel for work,Medium,Yes,Medium,Medium,Medium,Difficult,Yes,No,Yes,Yes,High,Satisfied,Yes,31 to 40,From 5000 to 10000 S.R,Left
445,0,Female,21 to 30,Single,Master's,Less than 5 years,Less than 5 years,Financial sector,Customers service,Customer services representative,From 5000 to 10000 S.R,1,Yes,Yes,Yes,Yes,Yes,Yes,From 7 training programs to more,Yes,I do not travel for work,High,Yes,High,Easy,Medium,Medium,No,Sometimes,Yes,No,High,Very satisfied,No,21 to 30,From 5000 to 10000 S.R,Stayed
446,1,Male,41 to 50,Married,Master's,From 11 to 15 years,From 5 to 10 years,Financial sector,Processes,Head of treasury,From 26000 to 30000 S.R,3,Yes,Yes,Yes,Yes,Yes,Yes,From 7 training programs to more,Yes,Travel rarely,High,Yes,High,Easy,Far,Difficult,Yes,Sometimes,No,Yes,High,Satisfied,Yes,41 to 50,From 26000 to 30000 S.R,Left
447,0,Female,31 to 40,Married,Bachelor's,From 5 to 10 years,From 5 to 10 years,Financial sector,Accounting,Accountant,From 11000 to 15000 S.R,2,Yes,Yes,Yes,Yes,Yes,Yes,From 7 training programs to more,Yes,Travel rarely,High,Yes,High,Easy,Medium,Medium,Sometimes,No,Yes,No,High,Very satisfied,No,31 to 40,From 11000 to 15000 S.R,Stayed
448,0,Female,21 to 30,Married,Bachelor's,Less than 5 years,Less than 5 years,Financial sector,Processes,Financial Analyst,From 11000 to 15000 S.R,3,Yes,Yes,Yes,Yes,Yes,Yes,From 4 to 6 training programs,Yes,Travel rarely,High,Yes,High,Medium,Medium,Medium,Sometimes,No,Yes,No,High,Satisfied,No,21 to 30,From 11000 to 15000 S.R,Stayed
449,1,Female,31 to 40,Married,Diploma or secondary,From 5 to 10 years,From 5 to 10 years,Financial sector,Administration,Secretariat,From 5000 to 10000 S.R,1,Yes,No,No,I don't have overtime,No,No,I did not receive any training,No,I do not travel for work,Low,No,Low,Medium,Close,Difficult,Sometimes,Sometimes,No,No,Low,Not satisfied,Yes,31 to 40,From 5000 to 10000 S.R,Left
450,0,Female,21 to 30,Married,Diploma or secondary,From 5 to 10 years,From 5 to 10 years,Financial sector,Processes,Scribe,From 5000 to 10000 S.R,2,Yes,No,No,I don't have overtime,Yes,Yes,From 4 to 6 training programs,Yes,Travel rarely,High,Yes,High,Medium,Medium,Medium,Sometimes,Sometimes,Yes,No,High,Satisfied,No,21 to 30,From 5000 to 10000 S.R,Stayed
451,0,Male,21 to 30,Single,Diploma or secondary,Less than 5 years,Less than 5 years,Financial sector,Customers service,Customer services representative,From 5000 to 10000 S.R,0,Yes,No,No,I don't have overtime,Yes,Yes,From 1 to 3 training programs,Yes,I do not travel for work,Medium,Yes,Medium,Medium,Close,Medium,Sometimes,Sometimes,No,No,Medium,Satisfied,Yes,21 to 30,From 5000 to 10000 S.R,Stayed
452,0,Female,31 to 40,Married,Master's,From 11 to 15 years,From 11 to 15 years,Financial sector,Administration,Administrative manager,From 16000 to 20000 S.R,2,Yes,Yes,Yes,Yes,Yes,Yes,From 4 to 6 training programs,Yes,Travel rarely,High,Yes,High,Easy,Medium,Medium,Sometimes,Sometimes,Yes,No,High,Very satisfied,No,31 to 40,From 16000 to 20000 S.R,Stayed
453,0,Male,31 to 40,Married,Master's,From 5 to 10 years,From 5 to 10 years,Financial sector,Sales,Admin accountant,From 16000 to 20000 S.R,2,Yes,Yes,Yes,Yes,Yes,Yes,From 4 to 6 training programs,Yes,Travel rarely,High,Yes,High,Medium,Close,Medium,No,No,Yes,No,Medium,Satisfied,Yes,31 to 40,From 16000 to 20000 S.R,Stayed
454,0,Male,21 to 30,Single,Diploma or secondary,Less than 5 years,Less than 5 years,Medical sector,Customers service,Receptionist,From 5000 to 10000 S.R,1,Yes,No,No,I don't have overtime,Yes,Yes,From 1 to 3 training programs,Yes,I do not travel for work,High,Yes,High,Easy,Close,Medium,Sometimes,Sometimes,No,Yes,Medium,Satisfied,Yes,21 to 30,From 5000 to 10000 S.R,Stayed
455,0,Male,31 to 40,Married,Diploma or secondary,From 11 to 15 years,From 11 to 15 years,Medical sector,Safety & Security,Security and safety specialist,From 5000 to 10000 S.R,1,Yes,No,No,I don't have overtime,Yes,Yes,I did not receive any training,No,I do not travel for work,High,Yes,High,Medium,Medium,Medium,Sometimes,Sometimes,Yes,No,High,Satisfied,No,31 to 40,From 5000 to 10000 S.R,Stayed
456,1,Male,31 to 40,Married,Master's,From 5 to 10 years,Less than 5 years,Energy sector,HR,Coordinator,From 5000 to 10000 S.R,0,No,No,No,I don't have overtime,No,No,I did not receive any training,No,Travel rarely,Medium,No,Medium,Medium,Medium,Medium,Sometimes,Sometimes,No,No,Medium,Not satisfied,Yes,31 to 40,From 5000 to 10000 S.R,Left
457,0,Female,31 to 40,Married,Master's,From 5 to 10 years,From 5 to 10 years,Financial sector,Banking operations,Banking operations,From 11000 to 15000 S.R,2,Yes,No,No,I don't have overtime,Yes,Yes,From 4 to 6 training programs,Yes,I do not travel for work,Medium,Yes,High,Easy,Medium,Medium,Sometimes,Sometimes,Yes,No,High,Satisfied,No,31 to 40,From 11000 to 15000 S.R,Stayed
458,1,Male,41 to 50,Married,Diploma or secondary,From 11 to 15 years,From 5 to 10 years,Financial sector,HR,Coordinator,From 5000 to 10000 S.R,0,No,No,No,I don't have overtime,No,No,I did not receive any training,No,I do not travel for work,Medium,Yes,Medium,Medium,Medium,Medium,Sometimes,Sometimes,No,No,Low,Not satisfied,Yes,41 to 50,From 5000 to 10000 S.R,Left
459,0,Female,31 to 40,Married,Bachelor's,Less than 5 years,Less than 5 years,Medical sector,Customers service,Receptionist,From 5000 to 10000 S.R,0,Yes,No,No,I don't have overtime,Yes,Yes,From 4 to 6 training programs,Yes,I do not travel for work,High,Yes,High,Easy,Close,Medium,Sometimes,Sometimes,Yes,No,Medium,Satisfied,No,31 to 40,From 5000 to 10000 S.R,Stayed
460,0,Female,21 to 30,Single,Master's,Less than 5 years,Less than 5 years,Medical sector,Administration,HR Specialist,From 5000 to 10000 S.R,2,Yes,Yes,Yes,Yes,Yes,Yes,From 4 to 6 training programs,Yes,Travel rarely,High,Yes,High,Medium,Medium,Medium,No,No,Yes,No,High,Very satisfied,No,21 to 30,From 5000 to 10000 S.R,Stayed
461,1,Female,21 to 30,Married,Bachelor's,Less than 5 years,Less than 5 years,Media sector,Processes,Project manager,Less than 5000 SAR,0,No,No,Yes,No,No,No,From 4 to 6 training programs,Yes,I do not travel for work,Medium,Yes,Medium,Medium,Close,Medium,Yes,Yes,No,No,Low,Not satisfied,No,21 to 30,Less than 5000 SAR,Left
462,1,Male,41 to 50,Married,Master's,Less than 5 years,Less than 5 years,Financial sector,Accounting,Admin accountant,From 5000 to 10000 S.R,0,No,No,Yes,No,No,No,I did not receive any training,No,I do not travel for work,Low,No,High,Difficult,Medium,Difficult,Yes,Yes,No,No,Low,Not satisfied,Yes,41 to 50,From 5000 to 10000 S.R,Left
463,1,Male,21 to 30,Married,Bachelor's,From 5 to 10 years,From 5 to 10 years,Food production sector,Processes,Operations Supervisor,From 5000 to 10000 S.R,2,Yes,No,Yes,No,No,No,I did not receive any training,No,I do not travel for work,Medium,Yes,High,Difficult,Medium,Medium,Yes,Yes,No,No,Low,Not satisfied,Yes,21 to 30,From 5000 to 10000 S.R,Left
464,1,Male,41 to 50,Divorced,Diploma or secondary,From 5 to 10 years,From 5 to 10 years,Tourism sector,Customers service,Customer services representative,From 5000 to 10000 S.R,2,Yes,Yes,No,Yes,No,No,From 1 to 3 training programs,No,I do not travel for work,Low,No,High,Easy,Medium,Difficult,Sometimes,No,No,No,Low,Very satisfied,Yes,41 to 50,From 5000 to 10000 S.R,Left
465,1,Male,21 to 30,Single,Bachelor's,Less than 5 years,Less than 5 years,Financial sector,Accounting,Accountant,From 11000 to 15000 S.R,2,Yes,No,Yes,No,No,No,I did not receive any training,No,I do not travel for work,Medium,Yes,Medium,Medium,Medium,Medium,Sometimes,Sometimes,Yes,No,High,Satisfied,Yes,21 to 30,From 11000 to 15000 S.R,Left
466,1,Male,41 to 50,Married,Bachelor's,From 16 to 20 years,Less than 5 years,Financial sector,Accounting,Accountant,From 5000 to 10000 S.R,2,Yes,No,Yes,Yes,No,No,From 4 to 6 training programs,Yes,Travel rarely,High,No,Medium,Difficult,Medium,Medium,Yes,Yes,No,No,Medium,Satisfied,Yes,41 to 50,From 5000 to 10000 S.R,Left
467,1,Female,21 to 30,Single,Bachelor's,From 5 to 10 years,Less than 5 years,Industry sector,Accounting,Accountant,From 5000 to 10000 S.R,2,Yes,No,No,No,No,No,I did not receive any training,No,I do not travel for work,Low,Yes,High,Difficult,Medium,Difficult,Yes,Yes,No,No,Low,Not satisfied,Yes,21 to 30,From 5000 to 10000 S.R,Left
468,0,Male,31 to 40,Married,Diploma or secondary,From 5 to 10 years,From 5 to 10 years,Food production sector,Customers service,Receptionist,From 5000 to 10000 S.R,1,Yes,No,No,I don't have overtime,Yes,Yes,From 1 to 3 training programs,Yes,I do not travel for work,High,Yes,High,Medium,Close,Medium,No,No,Yes,Yes,High,Very satisfied,No,31 to 40,From 5000 to 10000 S.R,Stayed
469,1,Male,21 to 30,Single,Diploma or secondary,From 5 to 10 years,Less than 5 years,"Environment, Water, and Agriculture sector",Safety & Security,Security and safety specialist,From 5000 to 10000 S.R,0,No,No,No,I don't have overtime,No,Yes,I did not receive any training,No,I do not travel for work,Medium,Yes,Medium,Medium,Medium,Medium,Sometimes,Sometimes,No,No,Medium,Not satisfied,Yes,21 to 30,From 5000 to 10000 S.R,Left
470,0,Female,41 to 50,Married,Bachelor's,From 5 to 10 years,From 5 to 10 years,Food production sector,Sales,Sales executive,From 5000 to 10000 S.R,1,Yes,Yes,No,I don't have overtime,Yes,Yes,From 4 to 6 training programs,Yes,Travel frequently,High,Yes,High,Medium,Medium,Medium,No,No,Yes,No,High,Very satisfied,No,41 to 50,From 5000 to 10000 S.R,Stayed
471,0,Male,31 to 40,Married,Bachelor's,From 5 to 10 years,From 5 to 10 years,Food production sector,Administration,Supervisor,From 11000 to 15000 S.R,1,Yes,Yes,Yes,Yes,Yes,Yes,From 4 to 6 training programs,Yes,Travel rarely,Medium,Yes,High,Medium,Close,Easy,No,No,Yes,No,Medium,Satisfied,No,31 to 40,From 11000 to 15000 S.R,Stayed
472,0,Female,31 to 40,Married,Bachelor's,Less than 5 years,Less than 5 years,Financial sector,Banking operations,Banking operations,From 5000 to 10000 S.R,2,Yes,Yes,Yes,I don't have overtime,Yes,Yes,From 4 to 6 training programs,Yes,I do not travel for work,High,Yes,High,Medium,Medium,Medium,Yes,Sometimes,No,No,High,Satisfied,No,31 to 40,From 5000 to 10000 S.R,Stayed
473,0,Male,21 to 30,Single,Bachelor's,Less than 5 years,Less than 5 years,Food production sector,HR,Supervisor,From 11000 to 15000 S.R,2,Yes,Yes,No,I don't have overtime,Yes,Yes,From 7 training programs to more,Yes,Travel rarely,Medium,Yes,High,Medium,Close,Medium,No,No,Yes,No,High,Very satisfied,No,21 to 30,From 11000 to 15000 S.R,Stayed
474,0,Male,31 to 40,Married,Bachelor's,From 5 to 10 years,From 5 to 10 years,Food production sector,Administration,Supervisor,From 11000 to 15000 S.R,2,Yes,Yes,No,I don't have overtime,Yes,Yes,From 1 to 3 training programs,Yes,Travel rarely,High,Yes,Medium,Medium,Medium,Medium,No,No,Yes,No,High,Very satisfied,No,31 to 40,From 11000 to 15000 S.R,Stayed
475,0,Female,21 to 30,Single,Bachelor's,Less than 5 years,Less than 5 years,Food production sector,Sales,Sales representative,Less than 5000 SAR,2,No,No,No,No,Yes,Yes,From 1 to 3 training programs,Yes,Travel rarely,High,Yes,High,Medium,Medium,Medium,No,No,No,No,Medium,Satisfied,Yes,21 to 30,Less than 5000 SAR,Stayed
476,0,Male,21 to 30,Single,Bachelor's,From 5 to 10 years,From 5 to 10 years,Food production sector,Administration,Supervisor,From 11000 to 15000 S.R,2,Yes,Yes,Yes,Yes,Yes,Yes,From 7 training programs to more,Yes,Travel rarely,High,Yes,High,Medium,Close,Medium,No,No,Yes,No,High,Very satisfied,No,21 to 30,From 11000 to 15000 S.R,Stayed
477,1,Female,21 to 30,Single,Bachelor's,From 5 to 10 years,Less than 5 years,Food production sector,Sales,Sales representative,Less than 5000 SAR,2,No,No,Yes,No,No,No,From 1 to 3 training programs,Yes,Travel rarely,Medium,Yes,Medium,Medium,Far,Medium,Yes,Yes,No,No,Medium,Not satisfied,Yes,21 to 30,Less than 5000 SAR,Left
478,0,Male,21 to 30,Single,Diploma or secondary,Less than 5 years,Less than 5 years,Food production sector,Production,Production supervisor,Less than 5000 SAR,2,No,Yes,Yes,Yes,Yes,Yes,From 1 to 3 training programs,Yes,I do not travel for work,Medium,Yes,Medium,Medium,Medium,Medium,No,No,Yes,No,Medium,Satisfied,No,21 to 30,Less than 5000 SAR,Stayed
479,0,Male,31 to 40,Married,Bachelor's,From 5 to 10 years,From 5 to 10 years,Food production sector,Administration,Supervisor,From 11000 to 15000 S.R,2,Yes,Yes,Yes,Yes,Yes,Yes,From 7 training programs to more,Yes,Travel rarely,High,Yes,High,Medium,Close,Easy,No,No,No,No,High,Very satisfied,No,31 to 40,From 11000 to 15000 S.R,Stayed
480,0,Male,21 to 30,Single,Diploma or secondary,From 5 to 10 years,From 5 to 10 years,Food production sector,Production,Production supervisor,From 5000 to 10000 S.R,2,Yes,No,No,I don't have overtime,No,No,I did not receive any training,No,I do not travel for work,Medium,No,Medium,Medium,Far,Difficult,Yes,Yes,No,No,Medium,Not satisfied,Yes,21 to 30,From 5000 to 10000 S.R,Stayed
481,1,Male,21 to 30,Single,Diploma or secondary,Less than 5 years,Less than 5 years,Food production sector,Processes,Electrical engineer,Less than 5000 SAR,2,No,No,Yes,Yes,No,No,From 4 to 6 training programs,Yes,Travel rarely,Medium,Yes,Medium,Medium,Far,Difficult,Sometimes,Sometimes,No,No,Medium,Not satisfied,Yes,21 to 30,Less than 5000 SAR,Left
482,1,Male,21 to 30,Single,Diploma or secondary,From 5 to 10 years,From 5 to 10 years,Food production sector,Processes,Electrical engineer,Less than 5000 SAR,2,Yes,No,Yes,Yes,No,No,From 4 to 6 training programs,Yes,I do not travel for work,Low,Yes,Low,Medium,Close,Difficult,Yes,Yes,No,No,High,Not satisfied,Yes,21 to 30,Less than 5000 SAR,Left
483,0,Male,31 to 40,Married,Diploma or secondary,From 11 to 15 years,From 11 to 15 years,Food production sector,Processes,Driver,Less than 5000 SAR,2,No,Yes,Yes,Yes,No,No,From 1 to 3 training programs,Yes,I do not travel for work,High,Yes,High,Medium,Close,Medium,Sometimes,Sometimes,No,No,Medium,Satisfied,No,31 to 40,Less than 5000 SAR,Stayed
484,0,Male,21 to 30,Single,Diploma or secondary,Less than 5 years,Less than 5 years,Food production sector,Processes,Driver,Less than 5000 SAR,2,No,No,No,I don't have overtime,No,No,I did not receive any training,No,I do not travel for work,High,Yes,Medium,Medium,Close,Medium,Sometimes,Sometimes,No,No,Medium,Satisfied,No,21 to 30,Less than 5000 SAR,Stayed
485,1,Male,31 to 40,Married,Diploma or secondary,From 5 to 10 years,From 5 to 10 years,Food production sector,Safety & Security,Security and safety specialist,Less than 5000 SAR,2,No,No,No,I don't have overtime,No,No,I did not receive any training,No,I do not travel for work,High,Yes,Medium,Difficult,Close,Medium,Sometimes,Sometimes,No,No,High,Not satisfied,No,31 to 40,Less than 5000 SAR,Left
486,0,Male,21 to 30,Single,Diploma or secondary,Less than 5 years,Less than 5 years,Food production sector,Processes,Manger assistant,Less than 5000 SAR,2,Yes,No,No,I don't have overtime,No,No,From 1 to 3 training programs,Yes,I do not travel for work,High,Yes,Medium,Easy,Close,Medium,Sometimes,Sometimes,No,No,Medium,Satisfied,No,21 to 30,Less than 5000 SAR,Stayed
487,0,Male,21 to 30,Single,Diploma or secondary,Less than 5 years,Less than 5 years,Food production sector,Marketing,Marketing Specialist,Less than 5000 SAR,2,Yes,Yes,Yes,Yes,Yes,Yes,From 4 to 6 training programs,Yes,I do not travel for work,High,Yes,High,Medium,Medium,Medium,No,No,Yes,No,High,Very satisfied,No,21 to 30,Less than 5000 SAR,Stayed
488,0,Male,31 to 40,Married,Diploma or secondary,From 5 to 10 years,From 5 to 10 years,Food production sector,Technical support,IT specialist,Less than 5000 SAR,2,No,No,No,I don't have overtime,No,No,I did not receive any training,No,I do not travel for work,Low,Yes,Low,Difficult,Close,Easy,Sometimes,Sometimes,No,No,Low,Not satisfied,No,31 to 40,Less than 5000 SAR,Stayed
489,1,Male,21 to 30,Married,Bachelor's,From 5 to 10 years,Less than 5 years,Communications and IT sector,Marketing,Marketing Specialist,From 5000 to 10000 S.R,2,Yes,Yes,No,I don't have overtime,Yes,Yes,From 1 to 3 training programs,Yes,Travel rarely,Medium,Yes,Medium,Medium,Close,Easy,Sometimes,Sometimes,Yes,No,Medium,Satisfied,Yes,21 to 30,From 5000 to 10000 S.R,Left
490,0,Female,21 to 30,Single,Bachelor's,Less than 5 years,Less than 5 years,Medical sector,Customers service,Customer services representative,Less than 5000 SAR,0,No,Yes,Yes,No,No,No,From 1 to 3 training programs,Yes,I do not travel for work,Medium,Yes,Low,Difficult,Medium,Medium,Sometimes,Sometimes,No,No,Medium,Satisfied,No,21 to 30,Less than 5000 SAR,Stayed
491,1,Male,31 to 40,Married,Bachelor's,From 5 to 10 years,From 5 to 10 years,Tourism sector,Relations,Relations manager,From 5000 to 10000 S.R,3,Yes,Yes,No,I don't have overtime,Yes,Yes,I did not receive any training,No,Travel frequently,High,Yes,Medium,Easy,Far,Easy,No,No,Yes,No,Medium,Satisfied,Yes,31 to 40,From 5000 to 10000 S.R,Left
492,1,Female,21 to 30,Married,Bachelor's,From 5 to 10 years,Less than 5 years,Financial sector,Sales,Sales executive,From 5000 to 10000 S.R,1,Yes,Yes,No,I don't have overtime,Yes,Yes,From 4 to 6 training programs,Yes,I do not travel for work,Medium,Yes,Medium,Medium,Far,Medium,No,Sometimes,Yes,No,Medium,Satisfied,Yes,21 to 30,From 5000 to 10000 S.R,Left
493,1,Female,21 to 30,Single,Diploma or secondary,Less than 5 years,Less than 5 years,Education sector,Teaching,Trainer,Less than 5000 SAR,0,No,No,No,I don't have overtime,No,No,I did not receive any training,No,I do not travel for work,Medium,Yes,Low,Difficult,Medium,Easy,Yes,Yes,No,No,Low,Not satisfied,No,21 to 30,Less than 5000 SAR,Left
494,0,Male,21 to 30,Single,Bachelor's,Less than 5 years,Less than 5 years,Communications and IT sector,Sales,Sales executive,From 5000 to 10000 S.R,1,Yes,Yes,No,I don't have overtime,Yes,Yes,From 4 to 6 training programs,Yes,I do not travel for work,High,Yes,High,Medium,Medium,Easy,No,Sometimes,Yes,No,High,Satisfied,No,21 to 30,From 5000 to 10000 S.R,Stayed
495,1,Male,31 to 40,Married,Master's,From 5 to 10 years,Less than 5 years,Financial sector,HR,HR Specialist,From 11000 to 15000 S.R,2,Yes,Yes,No,I don't have overtime,Yes,Yes,From 1 to 3 training programs,Yes,Travel rarely,High,Yes,High,Easy,Medium,Medium,No,Sometimes,Yes,Yes,High,Very satisfied,Yes,31 to 40,From 11000 to 15000 S.R,Left
496,1,Female,31 to 40,Married,Master's,From 5 to 10 years,From 5 to 10 years,Education sector,Teaching,Teacher,From 5000 to 10000 S.R,3,No,No,No,I don't have overtime,Yes,No,From 1 to 3 training programs,Yes,I do not travel for work,Medium,Yes,Medium,Medium,Medium,Medium,Yes,Yes,Yes,No,Medium,Satisfied,Yes,31 to 40,From 5000 to 10000 S.R,Left
497,1,Female,21 to 30,Single,Bachelor's,From 5 to 10 years,Less than 5 years,Energy sector,Marketing,Marketing Specialist,From 5000 to 10000 S.R,2,Yes,Yes,No,I don't have overtime,Yes,Yes,From 1 to 3 training programs,Yes,I do not travel for work,Medium,Yes,Medium,Easy,Medium,Medium,No,Sometimes,Yes,No,Medium,Satisfied,Yes,21 to 30,From 5000 to 10000 S.R,Left
498,1,Male,21 to 30,Single,Diploma or secondary,From 5 to 10 years,Less than 5 years,Transport sector,Processes,Chemical Engineer,From 5000 to 10000 S.R,0,Yes,Yes,Yes,Yes,Yes,Yes,From 1 to 3 training programs,Yes,Travel rarely,High,Yes,Medium,Medium,Medium,Medium,No,Sometimes,Yes,No,High,Satisfied,No,21 to 30,From 5000 to 10000 S.R,Left
499,1,Male,21 to 30,Married,Bachelor's,Less than 5 years,Less than 5 years,"Environment, Water, and Agriculture sector",Safety & Security,Security and safety specialist,Less than 5000 SAR,0,No,No,Yes,Yes,No,No,From 1 to 3 training programs,Yes,I do not travel for work,Medium,Yes,Medium,Difficult,Far,Difficult,Yes,Yes,No,No,Low,Not satisfied,Yes,21 to 30,Less than 5000 SAR,Left
500,1,Female,21 to 30,Single,Diploma or secondary,Less than 5 years,Less than 5 years,Communications and IT sector,Customers service,Customer services representative,Less than 5000 SAR,0,Yes,No,No,I don't have overtime,No,No,I did not receive any training,No,I do not travel for work,Medium,Yes,Medium,Medium,Medium,Difficult,Sometimes,Sometimes,No,No,Medium,Satisfied,Yes,21 to 30,Less than 5000 SAR,Left
501,1,Female,31 to 40,Married,Master's,From 5 to 10 years,From 5 to 10 years,Medical sector,Administration,Administrative manager,From 16000 to 20000 S.R,3,Yes,Yes,No,I don't have overtime,Yes,Yes,From 1 to 3 training programs,Yes,Travel frequently,High,Yes,High,Easy,Medium,Medium,Sometimes,Sometimes,Yes,No,High,Very satisfied,Yes,31 to 40,From 16000 to 20000 S.R,Left
502,0,Male,21 to 30,Single,Bachelor's,Less than 5 years,Less than 5 years,Tourism sector,Administration,Manger assistant,From 5000 to 10000 S.R,2,Yes,Yes,Yes,I don't have overtime,No,Yes,From 1 to 3 training programs,Yes,I do not travel for work,Medium,Yes,High,Medium,Medium,Medium,Sometimes,Sometimes,Yes,No,High,Satisfied,Yes,21 to 30,From 5000 to 10000 S.R,Stayed
503,1,Male,31 to 40,Married,Bachelor's,From 5 to 10 years,Less than 5 years,Food production sector,Administration,Manger assistant,From 5000 to 10000 S.R,1,Yes,No,No,I don't have overtime,Yes,Yes,I did not receive any training,No,I do not travel for work,High,Yes,High,Medium,Close,Easy,Sometimes,Sometimes,Yes,No,High,Satisfied,Yes,31 to 40,From 5000 to 10000 S.R,Left
504,0,Female,21 to 30,Single,Bachelor's,Less than 5 years,Less than 5 years,Education sector,Administration,Manger assistant,Less than 5000 SAR,0,No,No,No,I don't have overtime,No,No,I did not receive any training,No,I do not travel for work,Low,Yes,Medium,Medium,Medium,Easy,Sometimes,Yes,No,No,Low,Satisfied,No,21 to 30,Less than 5000 SAR,Stayed
505,1,Male,41 to 50,Divorced,Master's,From 11 to 15 years,From 5 to 10 years,Energy sector,HR,Hiring specialist,From 11000 to 15000 S.R,2,Yes,Yes,No,I don't have overtime,Yes,Yes,From 7 training programs to more,Yes,Travel rarely,High,Yes,High,Medium,Far,Difficult,No,Yes,No,No,High,Satisfied,Yes,41 to 50,From 11000 to 15000 S.R,Left
506,1,Female,21 to 30,Married,Bachelor's,From 5 to 10 years,Less than 5 years,Communications and IT sector,Processes,Purchase specialist,From 5000 to 10000 S.R,0,Yes,Yes,No,I don't have overtime,Yes,Yes,From 4 to 6 training programs,Yes,I do not travel for work,Medium,Yes,Medium,Medium,Medium,Medium,No,No,Yes,No,Medium,Very satisfied,Yes,21 to 30,From 5000 to 10000 S.R,Left
507,0,Male,21 to 30,Single,Diploma or secondary,Less than 5 years,Less than 5 years,Tourism sector,Customers service,Customer services representative,From 5000 to 10000 S.R,0,Yes,No,No,I don't have overtime,Yes,Yes,From 4 to 6 training programs,Yes,Travel rarely,High,Yes,High,Medium,Medium,Medium,Sometimes,Sometimes,No,No,High,Satisfied,Yes,21 to 30,From 5000 to 10000 S.R,Stayed
508,1,Female,31 to 40,Married,Bachelor's,From 5 to 10 years,Less than 5 years,Financial sector,Relations,Relationships Specialist,From 5000 to 10000 S.R,1,Yes,Yes,No,I don't have overtime,Yes,Yes,From 1 to 3 training programs,Yes,I do not travel for work,Medium,Yes,Medium,Easy,Medium,Medium,Sometimes,Sometimes,Yes,Yes,Medium,Satisfied,Yes,31 to 40,From 5000 to 10000 S.R,Left
509,1,Male,31 to 40,Single,Bachelor's,From 5 to 10 years,Less than 5 years,Financial sector,HR,Hiring specialist,From 5000 to 10000 S.R,1,Yes,Yes,Yes,Yes,Yes,Yes,From 1 to 3 training programs,Yes,I do not travel for work,High,Yes,Medium,Medium,Medium,Medium,No,Sometimes,Yes,No,High,Very satisfied,Yes,31 to 40,From 5000 to 10000 S.R,Left
510,1,Female,21 to 30,Single,Bachelor's,From 5 to 10 years,Less than 5 years,Medical sector,Administration,Marketing Specialist,From 5000 to 10000 S.R,1,Yes,Yes,No,I don't have overtime,Yes,No,From 1 to 3 training programs,Yes,I do not travel for work,High,Yes,Medium,Medium,Medium,Medium,Yes,Sometimes,No,No,High,Satisfied,Yes,21 to 30,From 5000 to 10000 S.R,Left
511,0,Male,41 to 50,Married,Ph.D,From 16 to 20 years,From 16 to 20 years,Medical sector,Patient Affairs,Doctor,S.R 31000 - and more,4,Yes,Yes,No,I don't have overtime,Yes,Yes,From 7 training programs to more,Yes,I do not travel for work,High,Yes,High,Medium,Medium,Medium,Sometimes,No,Yes,No,High,Very satisfied,No,41 to 50,S.R 31000 - and more,Stayed
512,0,Female,31 to 40,Married,Ph.D,From 5 to 10 years,From 5 to 10 years,Medical sector,Patient Affairs,Doctor,S.R 31000 - and more,4,Yes,Yes,Yes,Yes,Yes,Yes,From 4 to 6 training programs,Yes,I do not travel for work,High,Yes,Medium,Medium,Medium,Difficult,Sometimes,Sometimes,Yes,No,Medium,Satisfied,No,31 to 40,S.R 31000 - and more,Stayed
513,0,Male,21 to 30,Married,Ph.D,Less than 5 years,Less than 5 years,Medical sector,Processes,Operations Supervisor,From 5000 to 10000 S.R,4,Yes,Yes,Yes,Yes,Yes,Yes,From 4 to 6 training programs,Yes,Travel rarely,Medium,Yes,High,Medium,Far,Medium,Sometimes,No,Yes,No,High,Satisfied,Yes,21 to 30,From 5000 to 10000 S.R,Stayed
514,0,Female,31 to 40,Single,Ph.D,From 5 to 10 years,From 5 to 10 years,Medical sector,Administration,Administrative manager,From 16000 to 20000 S.R,4,Yes,Yes,Yes,Yes,Yes,Yes,From 7 training programs to more,Yes,Travel rarely,High,Yes,High,Easy,Close,Easy,Sometimes,No,Yes,No,High,Very satisfied,Yes,31 to 40,From 16000 to 20000 S.R,Stayed
515,0,Female,31 to 40,Married,Master's,From 11 to 15 years,From 11 to 15 years,Medical sector,Patient Affairs,Nurse,From 5000 to 10000 S.R,4,Yes,Yes,No,I don't have overtime,Yes,Yes,From 7 training programs to more,Yes,I do not travel for work,High,Yes,High,Medium,Far,Medium,No,No,Yes,No,High,Very satisfied,No,31 to 40,From 5000 to 10000 S.R,Stayed
516,0,Female,41 to 50,Married,Ph.D,From 16 to 20 years,From 16 to 20 years,Medical sector,Administration,Supervisor,From 16000 to 20000 S.R,4,Yes,Yes,Yes,Yes,Yes,Yes,From 7 training programs to more,Yes,I do not travel for work,High,Yes,High,Medium,Medium,Easy,Sometimes,Sometimes,Yes,No,High,Very satisfied,No,41 to 50,From 16000 to 20000 S.R,Stayed
517,0,Male,21 to 30,Single,Bachelor's,From 5 to 10 years,From 5 to 10 years,Medical sector,Patient Affairs,Nurse,From 5000 to 10000 S.R,4,Yes,Yes,Yes,Yes,Yes,Yes,From 4 to 6 training programs,Yes,Travel rarely,High,Yes,High,Medium,Medium,Medium,No,No,Yes,No,High,Very satisfied,Yes,21 to 30,From 5000 to 10000 S.R,Stayed
518,0,Male,31 to 40,Married,Bachelor's,From 5 to 10 years,From 5 to 10 years,Medical sector,Patient Affairs,Doctor,From 11000 to 15000 S.R,4,Yes,Yes,Yes,Yes,Yes,Yes,From 7 training programs to more,Yes,I do not travel for work,High,Yes,Medium,Medium,Close,Easy,Sometimes,No,Yes,No,Medium,Very satisfied,No,31 to 40,From 11000 to 15000 S.R,Stayed
519,0,Female,21 to 30,Single,Diploma or secondary,Less than 5 years,Less than 5 years,Medical sector,Patient Affairs,Doctor,From 5000 to 10000 S.R,4,Yes,Yes,Yes,No,No,Yes,From 1 to 3 training programs,Yes,I do not travel for work,High,Yes,High,Easy,Close,Easy,Sometimes,No,Yes,No,Medium,Satisfied,No,21 to 30,From 5000 to 10000 S.R,Stayed
520,0,Female,21 to 30,Married,Master's,Less than 5 years,Less than 5 years,Medical sector,Patient Affairs,Pharmacist,From 11000 to 15000 S.R,4,Yes,Yes,Yes,Yes,Yes,Yes,From 1 to 3 training programs,Yes,Travel rarely,High,Yes,High,Difficult,Far,Medium,Sometimes,Sometimes,No,No,High,Satisfied,Yes,21 to 30,From 11000 to 15000 S.R,Stayed
521,1,Male,31 to 40,Married,Master's,From 5 to 10 years,From 5 to 10 years,Medical sector,Patient Affairs,Nutrition specialist,From 11000 to 15000 S.R,3,Yes,Yes,No,I don't have overtime,No,No,From 4 to 6 training programs,Yes,I do not travel for work,Medium,No,Low,Easy,Close,Easy,Sometimes,Sometimes,No,No,Medium,Not satisfied,Yes,31 to 40,From 11000 to 15000 S.R,Left
522,1,Male,31 to 40,Married,Bachelor's,From 5 to 10 years,Less than 5 years,Transport sector,Processes,Operations Supervisor,From 5000 to 10000 S.R,0,Yes,Yes,No,I don't have overtime,No,No,From 1 to 3 training programs,Yes,I do not travel for work,Medium,Yes,Medium,Medium,Medium,Medium,Sometimes,Sometimes,No,No,Medium,Satisfied,Yes,31 to 40,From 5000 to 10000 S.R,Left
523,0,Female,31 to 40,Married,Bachelor's,From 5 to 10 years,From 5 to 10 years,Tourism sector,Administration,Manger assistant,From 5000 to 10000 S.R,1,Yes,Yes,No,I don't have overtime,Yes,Yes,From 1 to 3 training programs,Yes,I do not travel for work,High,Yes,High,Easy,Far,Easy,Sometimes,Sometimes,Yes,No,Medium,Very satisfied,No,31 to 40,From 5000 to 10000 S.R,Stayed
524,1,Female,21 to 30,Single,Diploma or secondary,Less than 5 years,Less than 5 years,Tourism sector,Technical support,Supervisor,Less than 5000 SAR,0,Yes,Yes,Yes,Yes,No,No,I did not receive any training,No,I do not travel for work,High,Yes,Medium,Medium,Medium,Medium,Sometimes,Sometimes,No,No,Medium,Satisfied,No,21 to 30,Less than 5000 SAR,Left
525,1,Male,21 to 30,Married,Master's,From 5 to 10 years,Less than 5 years,Financial sector,Sales,Sales executive,From 5000 to 10000 S.R,2,Yes,Yes,No,I don't have overtime,Yes,Yes,From 1 to 3 training programs,Yes,Travel rarely,Medium,Yes,Medium,Medium,Medium,Easy,No,Sometimes,Yes,No,Medium,Satisfied,Yes,21 to 30,From 5000 to 10000 S.R,Left
526,1,Female,21 to 30,Single,Bachelor's,Less than 5 years,Less than 5 years,Medical sector,Customers service,Customer services representative,Less than 5000 SAR,0,Yes,Yes,No,I don't have overtime,No,No,From 1 to 3 training programs,No,I do not travel for work,Medium,Yes,Medium,Medium,Medium,Medium,Sometimes,Sometimes,No,No,Medium,Satisfied,No,21 to 30,Less than 5000 SAR,Left
527,0,Female,21 to 30,Single,Bachelor's,Less than 5 years,Less than 5 years,Tourism sector,Administration,Manger assistant,Less than 5000 SAR,1,Yes,No,No,No,Yes,No,From 1 to 3 training programs,Yes,I do not travel for work,Medium,Yes,Medium,Medium,Medium,Medium,Sometimes,Sometimes,Yes,No,Medium,Satisfied,Yes,21 to 30,Less than 5000 SAR,Stayed
528,1,Male,31 to 40,Married,Master's,From 5 to 10 years,Less than 5 years,Financial sector,Treasury,Head of treasury,From 16000 to 20000 S.R,2,Yes,Yes,No,I don't have overtime,Yes,Yes,From 4 to 6 training programs,Yes,Travel rarely,High,Yes,High,Medium,Medium,Medium,Sometimes,Sometimes,Yes,Yes,High,Very satisfied,Yes,31 to 40,From 16000 to 20000 S.R,Left
529,1,Female,31 to 40,Married,Master's,From 5 to 10 years,Less than 5 years,Education sector,Teaching,Teacher,From 5000 to 10000 S.R,0,Yes,No,No,I don't have overtime,No,No,From 4 to 6 training programs,Yes,I do not travel for work,Medium,Yes,Medium,Medium,Medium,Medium,Sometimes,No,No,No,Medium,Satisfied,No,31 to 40,From 5000 to 10000 S.R,Left
530,1,Male,21 to 30,Single,Diploma or secondary,From 5 to 10 years,Less than 5 years,Food production sector,Safety & Security,Security and safety specialist,Less than 5000 SAR,0,Yes,No,No,I don't have overtime,No,Yes,I did not receive any training,No,I do not travel for work,Medium,Yes,Medium,Medium,Medium,Medium,Sometimes,Sometimes,No,No,Medium,Satisfied,No,21 to 30,Less than 5000 SAR,Left
531,1,Female,31 to 40,Married,Bachelor's,From 5 to 10 years,Less than 5 years,Energy sector,HR,Hiring specialist,From 5000 to 10000 S.R,1,Yes,No,No,I don't have overtime,Yes,Yes,From 1 to 3 training programs,No,I do not travel for work,Medium,Yes,Medium,Medium,Medium,Medium,No,No,Yes,Yes,Medium,Satisfied,No,31 to 40,From 5000 to 10000 S.R,Left
532,1,Male,31 to 40,Married,Master's,From 11 to 15 years,From 5 to 10 years,Medical sector,Patient Affairs,Doctor,From 16000 to 20000 S.R,3,Yes,Yes,Yes,Yes,Yes,Yes,From 7 training programs to more,Yes,Travel frequently,High,Yes,High,Medium,Medium,Difficult,Sometimes,Sometimes,Yes,Yes,High,Very satisfied,Yes,31 to 40,From 16000 to 20000 S.R,Left
533,1,Female,21 to 30,Single,Bachelor's,From 5 to 10 years,Less than 5 years,Communications and IT sector,Relations,Relationships Specialist,From 5000 to 10000 S.R,1,Yes,Yes,Yes,Yes,Yes,Yes,From 1 to 3 training programs,Yes,I do not travel for work,Medium,Yes,High,Medium,Medium,Medium,Sometimes,Sometimes,No,No,Medium,Satisfied,Yes,21 to 30,From 5000 to 10000 S.R,Left
534,0,Female,21 to 30,Single,Diploma or secondary,Less than 5 years,Less than 5 years,Education sector,Administration,Manger assistant,Less than 5000 SAR,0,Yes,No,No,I don't have overtime,No,No,From 4 to 6 training programs,Yes,I do not travel for work,Medium,Yes,Medium,Medium,Medium,Medium,Yes,Yes,No,No,Low,Satisfied,No,21 to 30,Less than 5000 SAR,Stayed
535,1,Male,21 to 30,Married,Master's,From 5 to 10 years,Less than 5 years,"Environment, Water, and Agriculture sector",Accounting,Accountant,From 5000 to 10000 S.R,1,Yes,No,No,I don't have overtime,No,Yes,From 1 to 3 training programs,Yes,I do not travel for work,Medium,Yes,Medium,Medium,Medium,Medium,Yes,Yes,No,No,Medium,Satisfied,Yes,21 to 30,From 5000 to 10000 S.R,Left
536,1,Female,31 to 40,Single,Master's,From 5 to 10 years,From 5 to 10 years,Education sector,Teaching,Lecturer,From 5000 to 10000 S.R,1,No,No,No,I don't have overtime,No,No,From 1 to 3 training programs,Yes,I do not travel for work,Medium,Yes,Medium,Difficult,Far,Medium,Yes,Yes,Yes,No,Medium,Satisfied,Yes,31 to 40,From 5000 to 10000 S.R,Left
537,1,Male,21 to 30,Married,Bachelor's,From 5 to 10 years,Less than 5 years,Transport sector,Relations,Relations manager,From 5000 to 10000 S.R,1,Yes,Yes,No,I don't have overtime,Yes,Yes,I did not receive any training,No,I do not travel for work,Medium,Yes,Medium,Medium,Medium,Medium,Sometimes,Sometimes,Yes,No,Medium,Satisfied,Yes,21 to 30,From 5000 to 10000 S.R,Left
538,1,Male,31 to 40,Married,Bachelor's,From 5 to 10 years,Less than 5 years,Food production sector,HR,Hiring specialist,From 11000 to 15000 S.R,2,Yes,No,No,I don't have overtime,Yes,Yes,From 1 to 3 training programs,Yes,I do not travel for work,High,Yes,High,Medium,Close,Medium,Sometimes,Sometimes,Yes,No,High,Very satisfied,Yes,31 to 40,From 11000 to 15000 S.R,Left
539,1,Female,21 to 30,Single,Bachelor's,From 5 to 10 years,Less than 5 years,Medical sector,Customers service,Customer services representative,Less than 5000 SAR,0,Yes,No,No,I don't have overtime,No,Yes,I did not receive any training,No,I do not travel for work,Medium,Yes,Medium,Medium,Medium,Medium,Sometimes,Sometimes,No,No,Medium,Satisfied,Yes,21 to 30,Less than 5000 SAR,Left
540,1,Male,31 to 40,Married,Master's,From 5 to 10 years,Less than 5 years,Communications and IT sector,Sales,Sales executive,From 5000 to 10000 S.R,1,Yes,Yes,No,I don't have overtime,No,Yes,From 4 to 6 training programs,Yes,I do not travel for work,Medium,Yes,Medium,Medium,Medium,Medium,No,Sometimes,No,No,Medium,Satisfied,Yes,31 to 40,From 5000 to 10000 S.R,Left
541,1,Female,21 to 30,Married,Diploma or secondary,Less than 5 years,Less than 5 years,Energy sector,Accounting,Accountant,From 5000 to 10000 S.R,0,Yes,Yes,No,I don't have overtime,No,Yes,From 1 to 3 training programs,Yes,I do not travel for work,Medium,Yes,Medium,Easy,Close,Medium,No,Sometimes,No,No,Medium,Satisfied,Yes,21 to 30,From 5000 to 10000 S.R,Left
542,1,Male,21 to 30,Single,Diploma or secondary,Less than 5 years,Less than 5 years,Financial sector,Sales,Sales representative,From 5000 to 10000 S.R,1,Yes,No,No,No,Yes,Yes,From 1 to 3 training programs,Yes,I do not travel for work,High,Yes,Medium,Medium,Close,Medium,No,Sometimes,No,Yes,High,Satisfied,Yes,21 to 30,From 5000 to 10000 S.R,Left
543,0,Female,21 to 30,Single,Diploma or secondary,Less than 5 years,Less than 5 years,Financial sector,Sales,Sales representative,From 5000 to 10000 S.R,2,No,No,No,I don't have overtime,No,No,From 1 to 3 training programs,Yes,I do not travel for work,High,Yes,High,Medium,Medium,Medium,Sometimes,Sometimes,No,No,High,Not satisfied,Yes,21 to 30,From 5000 to 10000 S.R,Stayed
544,1,Male,31 to 40,Married,Diploma or secondary,From 11 to 15 years,Less than 5 years,Financial sector,Safety & Security,Security and safety specialist,Less than 5000 SAR,1,No,No,No,I don't have overtime,Yes,No,I did not receive any training,No,I do not travel for work,High,Yes,High,Medium,Medium,Easy,Yes,No,No,Yes,High,Satisfied,No,31 to 40,Less than 5000 SAR,Left
545,0,Female,31 to 40,Married,Bachelor's,From 5 to 10 years,From 5 to 10 years,Financial sector,Sales,Sales executive,From 5000 to 10000 S.R,2,Yes,Yes,Yes,Yes,Yes,Yes,From 7 training programs to more,Yes,I do not travel for work,High,Yes,High,Medium,Medium,Easy,Sometimes,No,Yes,No,High,Very satisfied,No,31 to 40,From 5000 to 10000 S.R,Stayed
546,1,Male,41 to 50,Married,Diploma or secondary,From 5 to 10 years,From 5 to 10 years,Financial sector,Sales,Sales representative,Less than 5000 SAR,2,Yes,Yes,Yes,Yes,Yes,Yes,From 1 to 3 training programs,Yes,I do not travel for work,High,Yes,High,Medium,Far,Difficult,No,Sometimes,No,No,High,Satisfied,Yes,41 to 50,Less than 5000 SAR,Left
547,0,Female,21 to 30,Single,Bachelor's,From 5 to 10 years,From 5 to 10 years,Financial sector,Customers service,Receptionist,From 5000 to 10000 S.R,3,Yes,Yes,Yes,Yes,Yes,Yes,From 7 training programs to more,Yes,Travel rarely,High,No,High,Medium,Close,Easy,Sometimes,No,Yes,No,High,Very satisfied,No,21 to 30,From 5000 to 10000 S.R,Stayed
548,1,Male,31 to 40,Married,Bachelor's,From 11 to 15 years,From 5 to 10 years,Financial sector,Administration,Administrative manager,From 5000 to 10000 S.R,3,Yes,Yes,Yes,Yes,Yes,Yes,From 1 to 3 training programs,Yes,I do not travel for work,High,Yes,High,Easy,Far,Difficult,Yes,Yes,No,Yes,High,Not satisfied,Yes,31 to 40,From 5000 to 10000 S.R,Left
549,0,Female,31 to 40,Married,Bachelor's,From 5 to 10 years,From 5 to 10 years,Financial sector,Marketing,Marketing Specialist,From 5000 to 10000 S.R,3,Yes,Yes,Yes,Yes,Yes,Yes,From 7 training programs to more,Yes,I do not travel for work,High,Yes,High,Medium,Medium,Medium,Sometimes,No,Yes,No,High,Very satisfied,Yes,31 to 40,From 5000 to 10000 S.R,Stayed
550,0,Female,21 to 30,Single,Master's,From 5 to 10 years,From 5 to 10 years,Financial sector,Processes,Operations Supervisor,From 5000 to 10000 S.R,3,Yes,Yes,Yes,Yes,Yes,Yes,From 7 training programs to more,Yes,I do not travel for work,High,Yes,High,Easy,Medium,Easy,Sometimes,No,Yes,Yes,High,Very satisfied,No,21 to 30,From 5000 to 10000 S.R,Stayed
551,0,Male,31 to 40,Married,Master's,From 5 to 10 years,From 5 to 10 years,Financial sector,Sales,Sales executive,From 5000 to 10000 S.R,4,Yes,Yes,Yes,Yes,Yes,Yes,From 4 to 6 training programs,Yes,Travel frequently,High,Yes,High,Easy,Close,Easy,No,No,Yes,No,High,Satisfied,No,31 to 40,From 5000 to 10000 S.R,Stayed
552,1,Male,41 to 50,Married,Ph.D,From 11 to 15 years,From 5 to 10 years,Financial sector,Accounting,Financial Analyst,From 11000 to 15000 S.R,4,Yes,Yes,Yes,Yes,Yes,Yes,From 1 to 3 training programs,Yes,I do not travel for work,High,Yes,High,Medium,Far,Difficult,Sometimes,No,Yes,No,High,Very satisfied,Yes,41 to 50,From 11000 to 15000 S.R,Left
553,0,Female,21 to 30,Single,Bachelor's,Less than 5 years,Less than 5 years,Financial sector,Sales,Sales representative,From 5000 to 10000 S.R,3,Yes,Yes,Yes,Yes,Yes,Yes,From 1 to 3 training programs,Yes,I do not travel for work,High,Yes,High,Medium,Medium,Medium,No,No,Yes,No,Medium,Very satisfied,No,21 to 30,From 5000 to 10000 S.R,Stayed
554,0,Male,31 to 40,Married,Master's,From 5 to 10 years,From 5 to 10 years,Financial sector,Administration,Financial Manager,From 11000 to 15000 S.R,4,Yes,Yes,Yes,Yes,Yes,Yes,From 4 to 6 training programs,Yes,Travel rarely,High,Yes,High,Medium,Medium,Medium,No,No,Yes,No,Medium,Satisfied,No,31 to 40,From 11000 to 15000 S.R,Stayed
555,0,Female,41 to 50,Married,Master's,From 16 to 20 years,From 16 to 20 years,Financial sector,Treasury,Administrative manager,From 16000 to 20000 S.R,2,Yes,Yes,No,I don't have overtime,Yes,Yes,From 4 to 6 training programs,Yes,I do not travel for work,High,Yes,High,Medium,Medium,Easy,No,No,Yes,No,High,Satisfied,No,41 to 50,From 16000 to 20000 S.R,Stayed
556,0,Male,31 to 40,Married,Master's,From 5 to 10 years,From 5 to 10 years,Financial sector,Processes,Operations Supervisor,From 16000 to 20000 S.R,4,Yes,Yes,Yes,Yes,Yes,Yes,From 7 training programs to more,Yes,Travel rarely,High,Yes,Medium,Medium,Medium,Medium,No,No,Yes,Yes,Medium,Very satisfied,Yes,31 to 40,From 16000 to 20000 S.R,Stayed
557,0,Male,41 to 50,Married,Ph.D,From 16 to 20 years,From 16 to 20 years,Financial sector,Information technology,IT specialist,From 5000 to 10000 S.R,4,Yes,Yes,Yes,Yes,Yes,Yes,From 7 training programs to more,Yes,I do not travel for work,High,Yes,High,Medium,Medium,Medium,No,No,Yes,Yes,High,Very satisfied,No,41 to 50,From 5000 to 10000 S.R,Stayed
558,0,Female,41 to 50,Married,Master's,From 11 to 15 years,From 11 to 15 years,Financial sector,Accounting,Financial Analyst,From 5000 to 10000 S.R,4,Yes,Yes,Yes,Yes,Yes,Yes,From 1 to 3 training programs,Yes,Travel rarely,High,Yes,High,Medium,Close,Easy,Sometimes,Sometimes,Yes,No,Medium,Satisfied,Yes,41 to 50,From 5000 to 10000 S.R,Stayed
559,0,Female,31 to 40,Married,Ph.D,From 11 to 15 years,From 11 to 15 years,Financial sector,Relations,Relations manager,From 5000 to 10000 S.R,4,Yes,Yes,Yes,Yes,Yes,Yes,From 7 training programs to more,Yes,Travel frequently,High,Yes,High,Easy,Close,Easy,Sometimes,No,Yes,Yes,High,Very satisfied,Yes,31 to 40,From 5000 to 10000 S.R,Stayed
560,0,Male,31 to 40,Married,Ph.D,From 16 to 20 years,From 16 to 20 years,Financial sector,Processes,Head of treasury,From 26000 to 30000 S.R,4,Yes,Yes,Yes,Yes,Yes,Yes,From 1 to 3 training programs,Yes,I do not travel for work,High,Yes,High,Easy,Medium,Medium,No,Sometimes,Yes,Yes,Medium,Very satisfied,No,31 to 40,From 26000 to 30000 S.R,Stayed
561,0,Male,51 to 60,Married,Ph.D,From 21 to 25 years,From 21 to 25 years,Financial sector,Administration,Administrative manager,S.R 31000 - and more,4,Yes,Yes,Yes,Yes,Yes,Yes,From 7 training programs to more,Yes,Travel frequently,High,Yes,High,Medium,Far,Medium,No,No,Yes,Yes,High,Very satisfied,No,51 to 60,S.R 31000 - and more,Stayed
562,0,Male,41 to 50,Married,Ph.D,From 16 to 20 years,From 16 to 20 years,Financial sector,Administration,Financial Manager,S.R 31000 - and more,4,Yes,Yes,Yes,Yes,Yes,Yes,From 7 training programs to more,Yes,Travel frequently,High,Yes,High,Medium,Medium,Medium,Sometimes,No,Yes,Yes,High,Very satisfied,No,41 to 50,S.R 31000 - and more,Stayed
563,0,Female,31 to 40,Married,Master's,From 11 to 15 years,From 11 to 15 years,"Environment, Water, and Agriculture sector",Administration,Administrative manager,From 5000 to 10000 S.R,4,Yes,Yes,Yes,Yes,Yes,Yes,From 4 to 6 training programs,Yes,I do not travel for work,High,Yes,Low,Easy,Close,Easy,No,No,No,No,Medium,Satisfied,No,31 to 40,From 5000 to 10000 S.R,Stayed
564,0,Female,41 to 50,Married,Ph.D,From 11 to 15 years,From 11 to 15 years,Medical sector,Patient Affairs,Doctor,From 11000 to 15000 S.R,3,Yes,Yes,Yes,Yes,Yes,Yes,From 4 to 6 training programs,Yes,I do not travel for work,High,Yes,Medium,Medium,Medium,Medium,No,No,Yes,Yes,High,Very satisfied,Yes,41 to 50,From 11000 to 15000 S.R,Stayed
565,0,Male,21 to 30,Single,Diploma or secondary,Less than 5 years,Less than 5 years,Transport sector,Processes,Warehouse officer,Less than 5000 SAR,0,No,No,Yes,Yes,No,No,From 1 to 3 training programs,Yes,I do not travel for work,High,Yes,High,Medium,Medium,Easy,Sometimes,Sometimes,No,No,Medium,Satisfied,No,21 to 30,Less than 5000 SAR,Stayed
566,0,Male,21 to 30,Single,Diploma or secondary,From 5 to 10 years,From 5 to 10 years,Transport sector,Sales,Salesman,Less than 5000 SAR,0,Yes,No,No,I don't have overtime,Yes,Yes,From 4 to 6 training programs,Yes,I do not travel for work,High,Yes,Medium,Medium,Medium,Difficult,No,No,No,No,Medium,Satisfied,No,21 to 30,Less than 5000 SAR,Stayed
567,0,Male,21 to 30,Single,Diploma or secondary,Less than 5 years,Less than 5 years,Transport sector,Relations,Coordinator,Less than 5000 SAR,0,Yes,No,Yes,Yes,No,No,From 1 to 3 training programs,Yes,I do not travel for work,Medium,Yes,Medium,Difficult,Medium,Medium,Sometimes,Sometimes,No,No,Medium,Satisfied,No,21 to 30,Less than 5000 SAR,Stayed
568,0,Male,21 to 30,Married,Bachelor's,From 5 to 10 years,From 5 to 10 years,Transport sector,Relations,Relations manager,Less than 5000 SAR,0,Yes,No,No,I don't have overtime,Yes,Yes,From 4 to 6 training programs,Yes,Travel rarely,High,Yes,Medium,Medium,Medium,Medium,No,No,No,Yes,Medium,Satisfied,Yes,21 to 30,Less than 5000 SAR,Stayed
569,1,Male,21 to 30,Single,Bachelor's,From 5 to 10 years,Less than 5 years,Financial sector,Administration,Financial Manager,From 11000 to 15000 S.R,2,Yes,Yes,No,I don't have overtime,Yes,Yes,From 1 to 3 training programs,Yes,I do not travel for work,High,Yes,Medium,Easy,Far,Medium,Sometimes,Sometimes,Yes,No,Medium,Satisfied,Yes,21 to 30,From 11000 to 15000 S.R,Left
570,1,Female,31 to 40,Married,Bachelor's,From 5 to 10 years,From 5 to 10 years,Medical sector,Administration,Administrative manager,From 11000 to 15000 S.R,1,Yes,Yes,Yes,Yes,Yes,Yes,From 4 to 6 training programs,Yes,Travel rarely,High,Yes,Medium,Medium,Close,Medium,Sometimes,Sometimes,Yes,No,Medium,Satisfied,Yes,31 to 40,From 11000 to 15000 S.R,Left
571,1,Female,21 to 30,Single,Diploma or secondary,Less than 5 years,Less than 5 years,Communications and IT sector,Customers service,Customer services representative,From 5000 to 10000 S.R,0,Yes,Yes,Yes,No,No,No,From 1 to 3 training programs,Yes,I do not travel for work,Medium,Yes,Medium,Medium,Close,Medium,Sometimes,Sometimes,Yes,No,Medium,Satisfied,Yes,21 to 30,From 5000 to 10000 S.R,Left
572,0,Male,21 to 30,Single,Bachelor's,Less than 5 years,Less than 5 years,Financial sector,Sales,Sales executive,From 5000 to 10000 S.R,1,Yes,No,No,I don't have overtime,Yes,No,From 1 to 3 training programs,Yes,Travel rarely,Medium,Yes,Medium,Difficult,Medium,Easy,No,Sometimes,No,No,Medium,Satisfied,No,21 to 30,From 5000 to 10000 S.R,Stayed
573,1,Male,21 to 30,Single,Diploma or secondary,From 5 to 10 years,Less than 5 years,Food production sector,Technical support,IT specialist,From 5000 to 10000 S.R,1,Yes,No,Yes,No,No,No,From 1 to 3 training programs,Yes,Travel rarely,Medium,Yes,Medium,Difficult,Medium,Medium,No,Sometimes,No,No,Medium,Satisfied,Yes,21 to 30,From 5000 to 10000 S.R,Left
574,1,Female,21 to 30,Married,Bachelor's,From 5 to 10 years,Less than 5 years,Communications and IT sector,Sales,Sales executive,From 5000 to 10000 S.R,0,Yes,Yes,Yes,Yes,No,No,From 1 to 3 training programs,Yes,Travel rarely,Medium,Yes,Medium,Difficult,Far,Medium,Sometimes,Sometimes,Yes,No,Medium,Satisfied,Yes,21 to 30,From 5000 to 10000 S.R,Left
575,1,Male,31 to 40,Married,Bachelor's,From 5 to 10 years,Less than 5 years,Tourism sector,Accounting,Admin accountant,From 11000 to 15000 S.R,1,Yes,Yes,No,I don't have overtime,Yes,Yes,From 4 to 6 training programs,Yes,Travel rarely,Medium,Yes,High,Medium,Medium,Easy,No,Sometimes,Yes,No,Medium,Satisfied,Yes,31 to 40,From 11000 to 15000 S.R,Left
576,1,Female,21 to 30,Married,Bachelor's,Less than 5 years,Less than 5 years,Education sector,Administration,Manger assistant,Less than 5000 SAR,0,No,No,No,I don't have overtime,No,No,I did not receive any training,No,I do not travel for work,Low,No,Low,Difficult,Far,Medium,Yes,Yes,No,No,Low,Not satisfied,No,21 to 30,Less than 5000 SAR,Left
577,1,Male,31 to 40,Married,Master's,From 5 to 10 years,Less than 5 years,Energy sector,Relations,Relations manager,From 5000 to 10000 S.R,2,Yes,Yes,No,I don't have overtime,Yes,Yes,From 4 to 6 training programs,Yes,I do not travel for work,High,Yes,Medium,Medium,Close,Medium,Sometimes,Sometimes,No,No,Medium,Satisfied,Yes,31 to 40,From 5000 to 10000 S.R,Left
578,1,Female,31 to 40,Married,Bachelor's,From 5 to 10 years,Less than 5 years,Education sector,Teaching,Teacher,From 5000 to 10000 S.R,1,No,No,No,I don't have overtime,No,No,From 7 training programs to more,No,I do not travel for work,Medium,Yes,Medium,Difficult,Medium,Medium,Sometimes,Sometimes,No,No,Medium,Satisfied,Yes,31 to 40,From 5000 to 10000 S.R,Left
579,1,Female,21 to 30,Married,Bachelor's,Less than 5 years,Less than 5 years,Medical sector,Customers service,Customer services representative,Less than 5000 SAR,1,Yes,No,No,I don't have overtime,No,No,From 1 to 3 training programs,Yes,I do not travel for work,High,Yes,Medium,Medium,Close,Medium,Sometimes,Sometimes,No,No,Medium,Satisfied,Yes,21 to 30,Less than 5000 SAR,Left
580,1,Male,31 to 40,Married,Master's,From 5 to 10 years,From 5 to 10 years,Financial sector,HR,Hiring specialist,From 11000 to 15000 S.R,1,Yes,Yes,No,I don't have overtime,Yes,Yes,From 4 to 6 training programs,Yes,Travel rarely,Medium,Yes,Medium,Medium,Close,Medium,No,Sometimes,Yes,No,Medium,Satisfied,Yes,31 to 40,From 11000 to 15000 S.R,Left
581,1,Female,31 to 40,Married,Master's,From 5 to 10 years,From 5 to 10 years,Education sector,Teaching,Lecturer,From 5000 to 10000 S.R,1,No,No,No,I don't have overtime,No,No,From 4 to 6 training programs,Yes,I do not travel for work,Medium,Yes,Medium,Difficult,Medium,Medium,Sometimes,Sometimes,No,No,Medium,Satisfied,Yes,31 to 40,From 5000 to 10000 S.R,Left
582,1,Male,21 to 30,Single,Bachelor's,From 5 to 10 years,Less than 5 years,Medical sector,Accounting,Accountant,From 5000 to 10000 S.R,2,Yes,No,No,I don't have overtime,No,Yes,From 1 to 3 training programs,Yes,I do not travel for work,Medium,Yes,Medium,Difficult,Medium,Medium,Sometimes,Sometimes,No,No,Medium,Satisfied,Yes,21 to 30,From 5000 to 10000 S.R,Left
583,1,Female,21 to 30,Single,Bachelor's,From 5 to 10 years,Less than 5 years,Food production sector,Sales,Relationships Specialist,From 5000 to 10000 S.R,2,Yes,No,No,I don't have overtime,Yes,Yes,From 4 to 6 training programs,Yes,I do not travel for work,Medium,Yes,High,Medium,Medium,Medium,No,No,No,No,Medium,Satisfied,Yes,21 to 30,From 5000 to 10000 S.R,Left
584,1,Female,31 to 40,Divorced,Bachelor's,From 5 to 10 years,From 5 to 10 years,"Environment, Water, and Agriculture sector",HR,Hiring specialist,From 11000 to 15000 S.R,1,Yes,No,No,I don't have overtime,Yes,Yes,From 1 to 3 training programs,Yes,Travel rarely,Medium,Yes,High,Medium,Close,Medium,No,Sometimes,Yes,No,Medium,Satisfied,No,31 to 40,From 11000 to 15000 S.R,Left
585,0,Male,21 to 30,Single,Diploma or secondary,Less than 5 years,Less than 5 years,Medical sector,Administration,Manger assistant,Less than 5000 SAR,0,Yes,No,Yes,Yes,No,No,From 4 to 6 training programs,Yes,I do not travel for work,Medium,Yes,Medium,Medium,Close,Difficult,No,Sometimes,No,No,Medium,Satisfied,No,21 to 30,Less than 5000 SAR,Stayed
586,1,Male,41 to 50,Married,Ph.D,From 11 to 15 years,From 5 to 10 years,Medical sector,Patient Affairs,Doctor,From 16000 to 20000 S.R,4,Yes,Yes,Yes,Yes,Yes,Yes,From 7 training programs to more,Yes,Travel frequently,High,Yes,High,Medium,Medium,Medium,Yes,Yes,Yes,Yes,High,Very satisfied,Yes,41 to 50,From 16000 to 20000 S.R,Left
587,1,Male,31 to 40,Married,Bachelor's,From 5 to 10 years,From 5 to 10 years,"Environment, Water, and Agriculture sector",Sales,Purchase specialist,From 11000 to 15000 S.R,1,Yes,No,No,I don't have overtime,Yes,Yes,From 1 to 3 training programs,Yes,Travel rarely,Medium,Yes,Medium,Difficult,Medium,Medium,Sometimes,Sometimes,Yes,No,Medium,Satisfied,Yes,31 to 40,From 11000 to 15000 S.R,Left
588,1,Male,21 to 30,Married,Bachelor's,From 5 to 10 years,From 5 to 10 years,Food production sector,Sales,Sales executive,From 5000 to 10000 S.R,1,Yes,No,No,I don't have overtime,No,No,From 1 to 3 training programs,Yes,Travel rarely,Medium,No,Medium,Difficult,Close,Medium,No,No,Yes,No,Medium,Satisfied,Yes,21 to 30,From 5000 to 10000 S.R,Left
589,0,Male,31 to 40,Married,Bachelor's,From 5 to 10 years,From 5 to 10 years,Food production sector,Administration,Supervisor,From 11000 to 15000 S.R,4,Yes,Yes,Yes,Yes,Yes,Yes,From 4 to 6 training programs,Yes,Travel frequently,High,Yes,High,Medium,Medium,Medium,No,No,Yes,No,Medium,Satisfied,No,31 to 40,From 11000 to 15000 S.R,Stayed
590,0,Male,21 to 30,Married,Diploma or secondary,From 11 to 15 years,From 11 to 15 years,Food production sector,Administration,Supervisor,From 5000 to 10000 S.R,4,Yes,Yes,Yes,Yes,Yes,Yes,From 4 to 6 training programs,Yes,Travel rarely,High,Yes,High,Medium,Medium,Medium,No,No,Yes,No,Medium,Satisfied,No,21 to 30,From 5000 to 10000 S.R,Stayed
591,0,Male,31 to 40,Married,Diploma or secondary,Less than 5 years,Less than 5 years,Food production sector,Sales,Sales representative,Less than 5000 SAR,3,Yes,Yes,Yes,Yes,Yes,Yes,From 4 to 6 training programs,Yes,I do not travel for work,Medium,Yes,High,Difficult,Medium,Difficult,No,No,Yes,No,High,Satisfied,No,31 to 40,Less than 5000 SAR,Stayed
592,0,Male,31 to 40,Married,Diploma or secondary,From 5 to 10 years,From 5 to 10 years,Food production sector,Sales,Sales representative,Less than 5000 SAR,3,Yes,Yes,Yes,Yes,Yes,Yes,From 4 to 6 training programs,Yes,Travel frequently,High,Yes,High,Easy,Close,Easy,Sometimes,No,Yes,Yes,Medium,Satisfied,Yes,31 to 40,Less than 5000 SAR,Stayed
593,0,Male,31 to 40,Married,Diploma or secondary,Less than 5 years,Less than 5 years,Food production sector,Production,Production supervisor,Less than 5000 SAR,3,Yes,Yes,Yes,Yes,Yes,Yes,From 1 to 3 training programs,Yes,Travel rarely,High,Yes,Medium,Easy,Close,Easy,No,No,Yes,No,High,Very satisfied,Yes,31 to 40,Less than 5000 SAR,Stayed
594,0,Male,31 to 40,Married,Diploma or secondary,Less than 5 years,Less than 5 years,Food production sector,Technical support,Mechanical engineer,Less than 5000 SAR,3,Yes,Yes,Yes,Yes,Yes,Yes,From 7 training programs to more,Yes,Travel frequently,High,Yes,Medium,Easy,Medium,Medium,Yes,No,Yes,Yes,Medium,Satisfied,No,31 to 40,Less than 5000 SAR,Stayed
595,0,Male,31 to 40,Single,Diploma or secondary,From 5 to 10 years,From 5 to 10 years,Food production sector,Technical support,Electrical engineer,Less than 5000 SAR,3,Yes,Yes,Yes,Yes,Yes,Yes,From 4 to 6 training programs,Yes,Travel frequently,High,Yes,High,Medium,Close,Easy,Yes,No,Yes,Yes,Medium,Very satisfied,No,31 to 40,Less than 5000 SAR,Stayed
596,0,Male,41 to 50,Married,Diploma or secondary,From 11 to 15 years,From 11 to 15 years,Food production sector,Processes,Driver,Less than 5000 SAR,3,Yes,No,Yes,Yes,Yes,Yes,From 4 to 6 training programs,Yes,Travel frequently,High,Yes,High,Medium,Medium,Medium,No,Yes,Yes,Yes,Medium,Satisfied,Yes,41 to 50,Less than 5000 SAR,Stayed
597,0,Male,31 to 40,Single,Bachelor's,From 5 to 10 years,From 5 to 10 years,Education sector,Teaching,Teacher,From 5000 to 10000 S.R,2,Yes,Yes,Yes,Yes,Yes,Yes,From 1 to 3 training programs,Yes,I do not travel for work,High,Yes,High,Medium,Medium,Medium,Yes,No,Yes,No,High,Very satisfied,Yes,31 to 40,From 5000 to 10000 S.R,Stayed
598,0,Female,21 to 30,Single,Bachelor's,Less than 5 years,Less than 5 years,Education sector,Teaching,Teacher,Less than 5000 SAR,0,Yes,Yes,No,I don't have overtime,Yes,Yes,From 1 to 3 training programs,Yes,I do not travel for work,High,Yes,High,Easy,Far,Medium,No,No,Yes,No,Medium,Satisfied,No,21 to 30,Less than 5000 SAR,Stayed
599,1,Male,31 to 40,Married,Bachelor's,From 5 to 10 years,From 5 to 10 years,Financial sector,HR,HR Specialist,From 5000 to 10000 S.R,1,Yes,Yes,No,I don't have overtime,Yes,Yes,From 1 to 3 training programs,Yes,Travel rarely,Medium,Yes,Medium,Medium,Close,Easy,No,No,Yes,No,Medium,Satisfied,Yes,31 to 40,From 5000 to 10000 S.R,Left
600,1,Female,21 to 30,Single,Bachelor's,Less than 5 years,Less than 5 years,Medical sector,Relations,Relationships Specialist,From 5000 to 10000 S.R,1,Yes,No,No,I don't have overtime,No,No,From 1 to 3 training programs,Yes,I do not travel for work,Medium,Yes,Medium,Difficult,Medium,Easy,Sometimes,Sometimes,Yes,No,Medium,Satisfied,Yes,21 to 30,From 5000 to 10000 S.R,Left
601,1,Female,31 to 40,Married,Bachelor's,From 5 to 10 years,Less than 5 years,Education sector,Administration,Manger assistant,From 5000 to 10000 S.R,1,No,No,No,I don't have overtime,No,No,From 1 to 3 training programs,Yes,Travel rarely,High,Yes,Medium,Medium,Close,Medium,Sometimes,Sometimes,Yes,No,Medium,Satisfied,Yes,31 to 40,From 5000 to 10000 S.R,Left
602,1,Male,21 to 30,Married,Bachelor's,From 5 to 10 years,Less than 5 years,Food production sector,Sales,Purchase specialist,From 5000 to 10000 S.R,1,Yes,Yes,No,I don't have overtime,Yes,Yes,From 1 to 3 training programs,Yes,Travel rarely,Medium,Yes,Medium,Medium,Close,Medium,No,No,Yes,Yes,Medium,Satisfied,Yes,21 to 30,From 5000 to 10000 S.R,Left
603,1,Female,21 to 30,Married,Master's,From 5 to 10 years,Less than 5 years,Tourism sector,HR,Hiring specialist,From 5000 to 10000 S.R,1,Yes,Yes,No,I don't have overtime,Yes,Yes,From 1 to 3 training programs,Yes,I do not travel for work,Medium,Yes,High,Difficult,Medium,Medium,No,No,Yes,No,Medium,Satisfied,Yes,21 to 30,From 5000 to 10000 S.R,Left
604,1,Male,31 to 40,Married,Master's,From 5 to 10 years,Less than 5 years,Energy sector,Administration,Administrative manager,From 11000 to 15000 S.R,1,Yes,Yes,Yes,Yes,Yes,Yes,From 1 to 3 training programs,Yes,Travel frequently,High,Yes,High,Easy,Far,Difficult,Yes,Yes,Yes,Yes,High,Very satisfied,Yes,31 to 40,From 11000 to 15000 S.R,Left
605,1,Male,21 to 30,Single,Bachelor's,Less than 5 years,Less than 5 years,Communications and IT sector,Sales,Sales executive,From 5000 to 10000 S.R,1,Yes,Yes,Yes,No,Yes,Yes,From 1 to 3 training programs,No,I do not travel for work,Medium,Yes,Medium,Medium,Close,Medium,No,No,Yes,Yes,Medium,Satisfied,Yes,21 to 30,From 5000 to 10000 S.R,Left
606,1,Male,31 to 40,Married,Master's,From 5 to 10 years,Less than 5 years,Transport sector,Processes,Operations Supervisor,From 11000 to 15000 S.R,1,Yes,Yes,Yes,No,Yes,Yes,From 4 to 6 training programs,Yes,Travel rarely,High,Yes,Medium,Medium,Far,Difficult,Sometimes,Sometimes,No,Yes,Medium,Satisfied,Yes,31 to 40,From 11000 to 15000 S.R,Left
607,1,Female,21 to 30,Single,Bachelor's,Less than 5 years,Less than 5 years,Communications and IT sector,Customers service,Customer services representative,Less than 5000 SAR,0,Yes,No,No,I don't have overtime,No,No,From 1 to 3 training programs,Yes,I do not travel for work,Medium,Yes,High,Difficult,Far,Difficult,No,No,Yes,No,High,Satisfied,Yes,21 to 30,Less than 5000 SAR,Left
608,1,Male,31 to 40,Married,Master's,From 5 to 10 years,From 5 to 10 years,Energy sector,Marketing,Marketing Specialist,From 5000 to 10000 S.R,1,Yes,No,No,I don't have overtime,Yes,Yes,From 1 to 3 training programs,Yes,I do not travel for work,High,Yes,High,Difficult,Medium,Medium,Yes,Yes,Yes,No,Medium,Satisfied,Yes,31 to 40,From 5000 to 10000 S.R,Left
609,1,Male,31 to 40,Married,Bachelor's,From 5 to 10 years,From 5 to 10 years,"Environment, Water, and Agriculture sector",HR,Hiring specialist,From 11000 to 15000 S.R,2,Yes,No,No,I don't have overtime,No,No,From 1 to 3 training programs,Yes,I do not travel for work,High,Yes,Medium,Medium,Medium,Medium,No,No,Yes,No,Medium,Satisfied,Yes,31 to 40,From 11000 to 15000 S.R,Left
610,1,Female,21 to 30,Single,Bachelor's,From 5 to 10 years,Less than 5 years,Communications and IT sector,Technical support,IT specialist,From 5000 to 10000 S.R,1,Yes,No,No,I don't have overtime,Yes,No,From 4 to 6 training programs,Yes,I do not travel for work,Medium,Yes,Medium,Medium,Far,Difficult,Yes,Yes,No,No,Medium,Satisfied,Yes,21 to 30,From 5000 to 10000 S.R,Left
611,1,Female,21 to 30,Single,Bachelor's,Less than 5 years,Less than 5 years,Communications and IT sector,Customers service,Customer services representative,Less than 5000 SAR,0,Yes,No,Yes,No,No,No,From 1 to 3 training programs,Yes,I do not travel for work,Medium,No,Medium,Difficult,Close,Medium,No,No,No,No,Medium,Satisfied,Yes,21 to 30,Less than 5000 SAR,Left
612,1,Male,21 to 30,Single,Bachelor's,Less than 5 years,Less than 5 years,Medical sector,Customers service,Customer services representative,Less than 5000 SAR,0,Yes,No,Yes,No,No,No,From 1 to 3 training programs,Yes,I do not travel for work,Medium,Yes,Medium,Medium,Close,Medium,No,No,No,No,Medium,Satisfied,Yes,21 to 30,Less than 5000 SAR,Left
613,1,Female,31 to 40,Married,Bachelor's,From 5 to 10 years,From 5 to 10 years,Tourism sector,Relations,Relationships Specialist,From 5000 to 10000 S.R,1,Yes,No,No,I don't have overtime,No,No,From 4 to 6 training programs,Yes,I do not travel for work,Low,Yes,High,Medium,Far,Medium,No,No,No,No,Medium,Satisfied,Yes,31 to 40,From 5000 to 10000 S.R,Left
614,1,Male,31 to 40,Married,Bachelor's,From 5 to 10 years,From 5 to 10 years,Transport sector,Marketing,Marketing Specialist,From 5000 to 10000 S.R,2,Yes,No,No,I don't have overtime,No,No,From 1 to 3 training programs,Yes,I do not travel for work,Medium,Yes,High,Difficult,Far,Difficult,Yes,Yes,No,No,Medium,Satisfied,Yes,31 to 40,From 5000 to 10000 S.R,Left
615,1,Female,21 to 30,Married,Bachelor's,From 5 to 10 years,Less than 5 years,Media sector,HR,Hiring specialist,From 11000 to 15000 S.R,1,Yes,Yes,Yes,Yes,Yes,Yes,From 1 to 3 training programs,Yes,I do not travel for work,High,Yes,High,Medium,Medium,Easy,No,No,Yes,Yes,High,Satisfied,Yes,21 to 30,From 11000 to 15000 S.R,Left
616,1,Female,21 to 30,Married,Bachelor's,From 5 to 10 years,From 5 to 10 years,Communications and IT sector,Sales,Sales executive,From 5000 to 10000 S.R,1,Yes,No,No,I don't have overtime,No,No,From 1 to 3 training programs,Yes,I do not travel for work,Medium,Yes,High,Difficult,Medium,Medium,No,No,Yes,No,Medium,Satisfied,Yes,21 to 30,From 5000 to 10000 S.R,Left
617,1,Male,31 to 40,Married,Master's,From 5 to 10 years,From 5 to 10 years,Financial sector,Administration,Financial Manager,From 11000 to 15000 S.R,1,Yes,Yes,Yes,Yes,No,No,From 1 to 3 training programs,Yes,Travel rarely,High,Yes,High,Medium,Far,Difficult,No,No,No,No,Medium,Satisfied,Yes,31 to 40,From 11000 to 15000 S.R,Left
618,1,Male,31 to 40,Single,Bachelor's,From 5 to 10 years,Less than 5 years,Food production sector,Relations,Relationships Specialist,From 5000 to 10000 S.R,2,Yes,No,No,I don't have overtime,No,No,From 1 to 3 training programs,Yes,Travel rarely,High,Yes,Medium,Medium,Medium,Medium,No,No,No,Yes,Medium,Satisfied,Yes,31 to 40,From 5000 to 10000 S.R,Left
619,0,Male,21 to 30,Single,Diploma or secondary,Less than 5 years,Less than 5 years,Transport sector,Processes,Data entry operator,Less than 5000 SAR,2,Yes,Yes,Yes,Yes,Yes,Yes,From 1 to 3 training programs,Yes,I do not travel for work,High,Yes,High,Medium,Medium,Medium,No,No,Yes,No,High,Very satisfied,Yes,21 to 30,Less than 5000 SAR,Stayed
620,0,Male,21 to 30,Single,Diploma or secondary,Less than 5 years,Less than 5 years,Transport sector,Sales,Purchase specialist,Less than 5000 SAR,2,Yes,Yes,Yes,Yes,Yes,Yes,From 1 to 3 training programs,Yes,Travel frequently,High,Yes,High,Medium,Close,Easy,Sometimes,Sometimes,Yes,No,Medium,Very satisfied,No,21 to 30,Less than 5000 SAR,Stayed
621,0,Male,21 to 30,Divorced,Diploma or secondary,From 5 to 10 years,From 5 to 10 years,Transport sector,Technical support,Engineer,From 11000 to 15000 S.R,2,Yes,Yes,Yes,Yes,Yes,Yes,From 7 training programs to more,Yes,I do not travel for work,High,Yes,High,Medium,Medium,Medium,Sometimes,Sometimes,Yes,Yes,Medium,Satisfied,Yes,21 to 30,From 11000 to 15000 S.R,Stayed
622,0,Male,21 to 30,Single,Diploma or secondary,From 5 to 10 years,From 5 to 10 years,Transport sector,Information technology,IT specialist,Less than 5000 SAR,2,Yes,Yes,Yes,Yes,Yes,Yes,From 4 to 6 training programs,Yes,Travel rarely,Medium,Yes,High,Medium,Medium,Easy,No,No,Yes,No,Medium,Satisfied,No,21 to 30,Less than 5000 SAR,Stayed
623,0,Male,21 to 30,Married,Diploma or secondary,Less than 5 years,Less than 5 years,Transport sector,Processes,Warehouse officer,Less than 5000 SAR,2,Yes,Yes,Yes,No,Yes,Yes,From 1 to 3 training programs,Yes,Travel rarely,Medium,Yes,Medium,Medium,Far,Difficult,Yes,Yes,No,Yes,Medium,Not satisfied,Yes,21 to 30,Less than 5000 SAR,Stayed
624,0,Male,21 to 30,Married,Diploma or secondary,From 5 to 10 years,From 5 to 10 years,Transport sector,Customers service,Customer services representative,From 5000 to 10000 S.R,2,Yes,Yes,Yes,Yes,Yes,Yes,From 1 to 3 training programs,Yes,I do not travel for work,High,Yes,Medium,Medium,Medium,Medium,Sometimes,Sometimes,No,No,Medium,Satisfied,No,21 to 30,From 5000 to 10000 S.R,Stayed
625,0,Female,31 to 40,Married,Bachelor's,From 5 to 10 years,From 5 to 10 years,Education sector,Teaching,Teacher,From 5000 to 10000 S.R,2,Yes,Yes,No,No,Yes,Yes,From 1 to 3 training programs,Yes,I do not travel for work,Medium,Yes,High,Medium,Close,Easy,Sometimes,Sometimes,Yes,No,Medium,Satisfied,No,31 to 40,From 5000 to 10000 S.R,Stayed
626,0,Male,21 to 30,Married,Master's,Less than 5 years,Less than 5 years,Medical sector,Customers service,Receptionist,From 5000 to 10000 S.R,2,Yes,Yes,Yes,Yes,Yes,Yes,From 1 to 3 training programs,Yes,I do not travel for work,High,Yes,High,Easy,Close,Easy,Sometimes,Sometimes,Yes,No,Medium,Satisfied,No,21 to 30,From 5000 to 10000 S.R,Stayed
627,0,Male,31 to 40,Married,Ph.D,From 11 to 15 years,From 11 to 15 years,Medical sector,Administration,Administrative manager,From 11000 to 15000 S.R,3,Yes,Yes,Yes,Yes,Yes,Yes,From 4 to 6 training programs,Yes,I do not travel for work,High,Yes,High,Medium,Close,Easy,Sometimes,No,Yes,Yes,High,Very satisfied,No,31 to 40,From 11000 to 15000 S.R,Stayed
628,0,Female,31 to 40,Married,Master's,From 5 to 10 years,From 5 to 10 years,Education sector,Administration,Administrative manager,From 5000 to 10000 S.R,2,Yes,Yes,Yes,No,Yes,Yes,From 7 training programs to more,Yes,I do not travel for work,High,Yes,High,Medium,Medium,Medium,No,No,Yes,No,Medium,Satisfied,Yes,31 to 40,From 5000 to 10000 S.R,Stayed
629,1,Male,31 to 40,Married,Bachelor's,From 5 to 10 years,Less than 5 years,Food production sector,HR,Hiring specialist,From 11000 to 15000 S.R,2,Yes,Yes,No,I don't have overtime,Yes,Yes,From 1 to 3 training programs,Yes,I do not travel for work,High,No,Low,Medium,Close,Difficult,Yes,Sometimes,No,Yes,Medium,Satisfied,Yes,31 to 40,From 11000 to 15000 S.R,Left
630,1,Female,21 to 30,Married,Bachelor's,From 5 to 10 years,Less than 5 years,Communications and IT sector,Technical support,IT specialist,From 5000 to 10000 S.R,1,Yes,No,Yes,No,No,No,From 1 to 3 training programs,Yes,I do not travel for work,Medium,Yes,Medium,Difficult,Medium,Medium,Sometimes,Sometimes,No,No,Medium,Satisfied,Yes,21 to 30,From 5000 to 10000 S.R,Left
631,1,Male,21 to 30,Single,Diploma or secondary,From 5 to 10 years,From 5 to 10 years,Communications and IT sector,Customers service,Customer services representative,From 5000 to 10000 S.R,0,Yes,Yes,No,I don't have overtime,Yes,No,From 4 to 6 training programs,Yes,I do not travel for work,Medium,No,Medium,Medium,Close,Difficult,Sometimes,Sometimes,Yes,No,Medium,Satisfied,No,21 to 30,From 5000 to 10000 S.R,Left
632,1,Female,31 to 40,Married,Bachelor's,From 5 to 10 years,From 5 to 10 years,Economic sector,Administration,Manger assistant,From 5000 to 10000 S.R,1,Yes,No,No,I don't have overtime,No,No,From 4 to 6 training programs,Yes,I do not travel for work,Medium,Yes,Low,Difficult,Close,Medium,No,Sometimes,No,No,Medium,Satisfied,No,31 to 40,From 5000 to 10000 S.R,Left
633,1,Female,21 to 30,Married,Bachelor's,From 5 to 10 years,Less than 5 years,Medical sector,Relations,Relationships Specialist,From 5000 to 10000 S.R,1,Yes,No,No,I don't have overtime,No,No,From 1 to 3 training programs,No,I do not travel for work,Medium,No,Low,Difficult,Close,Easy,No,Sometimes,No,No,Medium,Not satisfied,No,21 to 30,From 5000 to 10000 S.R,Left
634,1,Female,21 to 30,Single,Bachelor's,From 5 to 10 years,Less than 5 years,"Environment, Water, and Agriculture sector",Administration,Manger assistant,From 5000 to 10000 S.R,1,Yes,No,No,No,No,No,From 4 to 6 training programs,Yes,I do not travel for work,Medium,Yes,Medium,Medium,Medium,Medium,Sometimes,Sometimes,No,No,Medium,Satisfied,No,21 to 30,From 5000 to 10000 S.R,Left
635,1,Male,31 to 40,Married,Bachelor's,From 5 to 10 years,From 5 to 10 years,Financial sector,Administration,Administrative manager,From 11000 to 15000 S.R,2,Yes,No,No,I don't have overtime,Yes,Yes,From 4 to 6 training programs,Yes,Travel rarely,Medium,Yes,High,Easy,Far,Medium,No,No,Yes,No,Medium,Satisfied,Yes,31 to 40,From 11000 to 15000 S.R,Left
636,1,Female,21 to 30,Married,Bachelor's,From 5 to 10 years,Less than 5 years,Communications and IT sector,Sales,Sales executive,From 5000 to 10000 S.R,1,Yes,No,No,I don't have overtime,No,No,From 1 to 3 training programs,Yes,I do not travel for work,Medium,Yes,Medium,Medium,Far,Difficult,Yes,Sometimes,Yes,Yes,Medium,Satisfied,Yes,21 to 30,From 5000 to 10000 S.R,Left
637,1,Male,31 to 40,Married,Bachelor's,From 5 to 10 years,From 5 to 10 years,Transport sector,Processes,Purchase specialist,From 11000 to 15000 S.R,2,Yes,Yes,Yes,Yes,No,No,From 1 to 3 training programs,Yes,Travel rarely,Medium,Yes,Medium,Difficult,Far,Difficult,Yes,Yes,No,No,High,Satisfied,Yes,31 to 40,From 11000 to 15000 S.R,Left
638,1,Female,21 to 30,Single,Bachelor's,From 5 to 10 years,Less than 5 years,Communications and IT sector,Marketing,Marketing Specialist,From 11000 to 15000 S.R,1,Yes,Yes,No,I don't have overtime,Yes,Yes,From 4 to 6 training programs,Yes,Travel rarely,High,Yes,Medium,Difficult,Medium,Medium,Sometimes,Sometimes,No,No,Medium,Satisfied,Yes,21 to 30,From 11000 to 15000 S.R,Left
639,1,Male,21 to 30,Single,Bachelor's,From 5 to 10 years,Less than 5 years,Medical sector,Customers service,Customer services representative,From 5000 to 10000 S.R,0,Yes,No,No,I don't have overtime,No,No,From 4 to 6 training programs,Yes,I do not travel for work,Medium,Yes,Medium,Difficult,Medium,Medium,No,No,No,No,Medium,Satisfied,Yes,21 to 30,From 5000 to 10000 S.R,Left
640,1,Female,21 to 30,Married,Bachelor's,From 5 to 10 years,Less than 5 years,Medical sector,Relations,Relationships Specialist,From 5000 to 10000 S.R,1,Yes,No,No,I don't have overtime,Yes,No,From 4 to 6 training programs,Yes,I do not travel for work,Medium,Yes,Medium,Medium,Close,Medium,No,No,No,No,Medium,Satisfied,Yes,21 to 30,From 5000 to 10000 S.R,Left
641,1,Female,21 to 30,Single,Bachelor's,From 5 to 10 years,Less than 5 years,Medical sector,Customers service,Customer services representative,From 5000 to 10000 S.R,0,Yes,No,No,I don't have overtime,No,No,From 4 to 6 training programs,Yes,I do not travel for work,Medium,Yes,Medium,Difficult,Far,Difficult,Yes,Sometimes,No,No,Medium,Satisfied,Yes,21 to 30,From 5000 to 10000 S.R,Left
642,0,Male,21 to 30,Single,Bachelor's,Less than 5 years,Less than 5 years,Economic sector,Administration,Manger assistant,From 5000 to 10000 S.R,1,Yes,Yes,No,I don't have overtime,Yes,No,From 1 to 3 training programs,Yes,I do not travel for work,High,Yes,Medium,Difficult,Medium,Medium,No,No,Yes,Yes,Medium,Satisfied,Yes,21 to 30,From 5000 to 10000 S.R,Stayed
643,1,Male,31 to 40,Married,Bachelor's,From 5 to 10 years,From 5 to 10 years,"Environment, Water, and Agriculture sector",Processes,Purchase specialist,From 11000 to 15000 S.R,1,Yes,No,No,I don't have overtime,No,No,From 4 to 6 training programs,Yes,Travel rarely,Medium,Yes,High,Medium,Medium,Medium,No,No,No,Yes,Medium,Satisfied,Yes,31 to 40,From 11000 to 15000 S.R,Left
644,1,Male,31 to 40,Married,Bachelor's,From 5 to 10 years,Less than 5 years,Economic sector,Processes,Operations Supervisor,From 5000 to 10000 S.R,0,Yes,No,Yes,Yes,No,No,From 4 to 6 training programs,Yes,I do not travel for work,Medium,Yes,Medium,Medium,Close,Medium,No,Sometimes,No,No,Medium,Satisfied,Yes,31 to 40,From 5000 to 10000 S.R,Left
645,1,Female,21 to 30,Single,Bachelor's,From 5 to 10 years,Less than 5 years,Medical sector,Accounting,Accountant,From 5000 to 10000 S.R,0,Yes,No,No,I don't have overtime,No,No,From 1 to 3 training programs,Yes,I do not travel for work,High,Yes,Medium,Medium,Close,Medium,No,No,No,No,Medium,Satisfied,Yes,21 to 30,From 5000 to 10000 S.R,Left
646,1,Male,31 to 40,Single,Bachelor's,From 5 to 10 years,Less than 5 years,Economic sector,Administration,Administrative manager,From 11000 to 15000 S.R,2,Yes,No,No,I don't have overtime,No,No,From 1 to 3 training programs,Yes,Travel rarely,Medium,No,Medium,Medium,Far,Medium,No,Sometimes,No,No,Medium,Satisfied,Yes,31 to 40,From 11000 to 15000 S.R,Left
647,1,Male,21 to 30,Married,Bachelor's,From 5 to 10 years,Less than 5 years,Energy sector,Processes,Operations Supervisor,From 11000 to 15000 S.R,1,Yes,No,No,I don't have overtime,No,Yes,From 1 to 3 training programs,Yes,I do not travel for work,Medium,Yes,Medium,Medium,Close,Medium,No,Sometimes,No,Yes,High,Satisfied,No,21 to 30,From 11000 to 15000 S.R,Left
648,1,Male,31 to 40,Single,Master's,From 5 to 10 years,From 5 to 10 years,Medical sector,Administration,Administrative manager,From 11000 to 15000 S.R,1,Yes,Yes,Yes,Yes,Yes,Yes,From 1 to 3 training programs,Yes,I do not travel for work,Medium,Yes,Medium,Medium,Close,Medium,No,Sometimes,Yes,No,Medium,Satisfied,Yes,31 to 40,From 11000 to 15000 S.R,Left
649,1,Female,21 to 30,Single,Bachelor's,Less than 5 years,Less than 5 years,Communications and IT sector,Customers service,Customer services representative,From 5000 to 10000 S.R,1,Yes,No,No,I don't have overtime,No,No,From 4 to 6 training programs,Yes,I do not travel for work,Medium,No,Medium,Medium,Medium,Medium,No,No,Yes,Yes,Medium,Satisfied,Yes,21 to 30,From 5000 to 10000 S.R,Left
650,1,Male,21 to 30,Single,Bachelor's,From 5 to 10 years,Less than 5 years,Economic sector,Administration,Secretariat,From 5000 to 10000 S.R,0,Yes,No,No,I don't have overtime,No,No,I did not receive any training,No,Travel rarely,Medium,Yes,High,Difficult,Medium,Medium,No,No,Yes,Yes,High,Satisfied,Yes,21 to 30,From 5000 to 10000 S.R,Left
651,0,Male,21 to 30,Married,Bachelor's,From 5 to 10 years,From 5 to 10 years,Economic sector,Administration,Administrative manager,From 11000 to 15000 S.R,1,Yes,No,No,I don't have overtime,Yes,Yes,From 1 to 3 training programs,Yes,Travel frequently,High,Yes,High,Medium,Close,Medium,Sometimes,Sometimes,Yes,No,High,Very satisfied,No,21 to 30,From 11000 to 15000 S.R,Stayed
652,0,Female,41 to 50,Married,Bachelor's,From 5 to 10 years,From 5 to 10 years,Economic sector,Administration,Administrative manager,From 5000 to 10000 S.R,0,Yes,No,No,I don't have overtime,Yes,Yes,I did not receive any training,No,I do not travel for work,Low,Yes,Low,Medium,Medium,Medium,No,No,Yes,No,Medium,Satisfied,Yes,41 to 50,From 5000 to 10000 S.R,Stayed
653,0,Female,31 to 40,Married,Bachelor's,From 11 to 15 years,From 11 to 15 years,Industry sector,Relations,Relationships Specialist,From 5000 to 10000 S.R,2,Yes,Yes,No,I don't have overtime,Yes,Yes,From 4 to 6 training programs,Yes,Travel rarely,High,Yes,High,Medium,Close,Medium,No,Sometimes,Yes,No,High,Very satisfied,No,31 to 40,From 5000 to 10000 S.R,Stayed
654,1,Male,31 to 40,Divorced,Bachelor's,From 5 to 10 years,From 5 to 10 years,Economic sector,Processes,Scribe,From 5000 to 10000 S.R,1,No,No,Yes,Yes,No,No,I did not receive any training,No,I do not travel for work,Medium,No,Medium,Difficult,Close,Medium,Sometimes,Sometimes,No,No,Low,Not satisfied,Yes,31 to 40,From 5000 to 10000 S.R,Left
655,0,Male,31 to 40,Married,Bachelor's,From 11 to 15 years,From 11 to 15 years,Transport sector,Administration,Administrative manager,From 11000 to 15000 S.R,1,Yes,Yes,Yes,Yes,Yes,Yes,I did not receive any training,Yes,Travel rarely,High,Yes,High,Medium,Medium,Medium,Sometimes,Sometimes,Yes,No,Medium,Satisfied,Yes,31 to 40,From 11000 to 15000 S.R,Stayed
656,0,Male,31 to 40,Married,Bachelor's,From 5 to 10 years,From 5 to 10 years,Industry sector,Administration,Administrative manager,From 5000 to 10000 S.R,1,Yes,Yes,Yes,Yes,Yes,Yes,From 1 to 3 training programs,Yes,Travel rarely,High,Yes,High,Medium,Close,Easy,No,Yes,Yes,No,High,Very satisfied,No,31 to 40,From 5000 to 10000 S.R,Stayed
657,0,Male,31 to 40,Single,Bachelor's,From 11 to 15 years,From 11 to 15 years,Industry sector,Processes,Data entry operator,From 11000 to 15000 S.R,1,No,Yes,No,Yes,Yes,Yes,I did not receive any training,No,I do not travel for work,Medium,Yes,Medium,Medium,Medium,Medium,Sometimes,Yes,Yes,No,Medium,Satisfied,No,31 to 40,From 11000 to 15000 S.R,Stayed
658,0,Male,21 to 30,Married,Bachelor's,Less than 5 years,Less than 5 years,Transport sector,Administration,Scribe,From 5000 to 10000 S.R,1,No,No,No,I don't have overtime,No,No,From 1 to 3 training programs,Yes,I do not travel for work,Low,No,Medium,Medium,Medium,Medium,No,No,No,Yes,Medium,Satisfied,No,21 to 30,From 5000 to 10000 S.R,Stayed
659,0,Male,41 to 50,Married,Bachelor's,From 11 to 15 years,From 11 to 15 years,Education sector,Teaching,Teacher,From 5000 to 10000 S.R,1,No,No,No,I don't have overtime,Yes,Yes,From 1 to 3 training programs,No,I do not travel for work,Medium,No,Medium,Medium,Close,Medium,Sometimes,Sometimes,Yes,No,Medium,Very satisfied,No,41 to 50,From 5000 to 10000 S.R,Stayed
660,0,Male,41 to 50,Single,Bachelor's,From 5 to 10 years,From 5 to 10 years,Industry sector,Sales,Consultant,From 5000 to 10000 S.R,1,No,No,Yes,Yes,No,Yes,I did not receive any training,No,I do not travel for work,Medium,Yes,High,Medium,Medium,Medium,Yes,Sometimes,Yes,No,Medium,Satisfied,No,41 to 50,From 5000 to 10000 S.R,Stayed
661,0,Male,21 to 30,Single,Diploma or secondary,Less than 5 years,Less than 5 years,Transport sector,Administration,Supervisor,Less than 5000 SAR,4,Yes,Yes,Yes,Yes,Yes,Yes,From 1 to 3 training programs,Yes,Travel rarely,Medium,Yes,High,Medium,Medium,Easy,Sometimes,No,Yes,No,High,Very satisfied,No,21 to 30,Less than 5000 SAR,Stayed
662,0,Male,31 to 40,Married,Master's,From 5 to 10 years,From 5 to 10 years,Financial sector,Administration,Financial Manager,Less than 5000 SAR,1,No,No,No,I don't have overtime,Yes,Yes,I did not receive any training,No,I do not travel for work,Medium,Yes,High,Medium,Close,Easy,No,No,Yes,No,Medium,Satisfied,Yes,31 to 40,Less than 5000 SAR,Stayed
663,0,Male,21 to 30,Single,Bachelor's,Less than 5 years,Less than 5 years,Medical sector,Patient Affairs,Doctor,S.R 31000 - and more,3,Yes,Yes,Yes,Yes,Yes,Yes,From 1 to 3 training programs,Yes,Travel frequently,High,Yes,High,Medium,Far,Difficult,Yes,No,No,No,Medium,Satisfied,No,21 to 30,S.R 31000 - and more,Stayed
664,0,Male,21 to 30,Single,Diploma or secondary,Less than 5 years,Less than 5 years,Transport sector,Administration,Supervisor,Less than 5000 SAR,4,Yes,Yes,Yes,Yes,Yes,Yes,From 1 to 3 training programs,Yes,Travel rarely,High,Yes,High,Medium,Medium,Medium,No,No,Yes,No,High,Very satisfied,No,21 to 30,Less than 5000 SAR,Stayed
665,1,Male,41 to 50,Married,Bachelor's,Less than 5 years,Less than 5 years,Medical sector,Relations,Relations manager,From 5000 to 10000 S.R,2,Yes,No,No,No,No,No,I did not receive any training,No,Travel frequently,Low,No,Low,Medium,Medium,Medium,Sometimes,Sometimes,No,No,Medium,Not satisfied,Yes,41 to 50,From 5000 to 10000 S.R,Left
666,0,Male,41 to 50,Married,Bachelor's,From 31 to 35 years,From 31 to 35 years,Transport sector,Administration,Administrative manager,S.R 31000 - and more,0,Yes,No,No,I don't have overtime,Yes,Yes,From 7 training programs to more,Yes,Travel rarely,High,Yes,High,Difficult,Medium,Easy,No,No,Yes,No,High,Satisfied,No,41 to 50,S.R 31000 - and more,Stayed
667,0,Male,31 to 40,Married,Bachelor's,From 16 to 20 years,From 16 to 20 years,Education sector,Teaching,Teacher,From 5000 to 10000 S.R,0,No,No,No,No,Yes,No,I did not receive any training,No,I do not travel for work,Low,No,Low,Easy,Close,Easy,Sometimes,Sometimes,No,No,Low,Not satisfied,No,31 to 40,From 5000 to 10000 S.R,Stayed
668,0,Male,31 to 40,Married,Bachelor's,From 5 to 10 years,From 5 to 10 years,Education sector,Teaching,Teacher,From 5000 to 10000 S.R,0,No,No,No,No,No,No,I did not receive any training,No,I do not travel for work,Low,No,Low,Medium,Medium,Easy,No,Sometimes,Yes,No,Medium,Satisfied,No,31 to 40,From 5000 to 10000 S.R,Stayed
669,0,Male,31 to 40,Married,Bachelor's,From 11 to 15 years,From 11 to 15 years,Education sector,Teaching,Teacher,From 5000 to 10000 S.R,1,No,No,No,I don't have overtime,No,No,From 1 to 3 training programs,Yes,I do not travel for work,Low,No,Medium,Medium,Medium,Medium,Yes,Sometimes,No,No,Medium,Satisfied,No,31 to 40,From 5000 to 10000 S.R,Stayed
670,1,Male,21 to 30,Single,Bachelor's,From 5 to 10 years,Less than 5 years,Food production sector,Technical support,Engineer,From 5000 to 10000 S.R,2,Yes,No,No,No,No,No,I did not receive any training,No,I do not travel for work,Low,No,Low,Difficult,Close,Medium,No,Sometimes,No,No,Low,Satisfied,Yes,21 to 30,From 5000 to 10000 S.R,Left
671,0,Male,31 to 40,Married,Bachelor's,Less than 5 years,Less than 5 years,Economic sector,HR,Scribe,Less than 5000 SAR,0,Yes,Yes,Yes,Yes,Yes,Yes,From 1 to 3 training programs,Yes,Travel frequently,Medium,Yes,High,Medium,Far,Medium,Yes,Yes,Yes,Yes,High,Very satisfied,Yes,31 to 40,Less than 5000 SAR,Stayed
672,0,Female,51 to 60,Married,Diploma or secondary,From 31 to 35 years,From 31 to 35 years,Education sector,Teaching,Teacher,From 5000 to 10000 S.R,1,No,No,No,I don't have overtime,No,No,From 1 to 3 training programs,Yes,I do not travel for work,Low,Yes,Medium,Easy,Medium,Easy,Sometimes,Sometimes,Yes,Yes,High,Satisfied,Yes,51 to 60,From 5000 to 10000 S.R,Stayed
673,1,Male,21 to 30,Divorced,Bachelor's,Less than 5 years,Less than 5 years,Energy sector,Processes,Electrical engineer,From 16000 to 20000 S.R,0,No,No,No,No,No,No,From 1 to 3 training programs,No,Travel frequently,Low,No,Low,Easy,Close,Easy,Sometimes,Sometimes,No,No,Low,Satisfied,Yes,21 to 30,From 16000 to 20000 S.R,Left
674,0,Male,21 to 30,Single,Master's,Less than 5 years,Less than 5 years,Energy sector,Information technology,IT specialist,From 11000 to 15000 S.R,2,Yes,No,Yes,Yes,No,No,I did not receive any training,No,I do not travel for work,Low,Yes,High,Medium,Medium,Difficult,Sometimes,Yes,No,No,Medium,Satisfied,Yes,21 to 30,From 11000 to 15000 S.R,Stayed
675,0,Female,41 to 50,Married,Bachelor's,From 16 to 20 years,From 16 to 20 years,Education sector,Teaching,Teacher,From 5000 to 10000 S.R,0,No,No,No,I don't have overtime,Yes,No,From 7 training programs to more,Yes,I do not travel for work,Low,Yes,High,Medium,Medium,Medium,Yes,Sometimes,Yes,No,Medium,Satisfied,No,41 to 50,From 5000 to 10000 S.R,Stayed
676,1,Male,31 to 40,Married,Bachelor's,From 16 to 20 years,Less than 5 years,Communications and IT sector,Customers service,Customer services representative,From 5000 to 10000 S.R,2,Yes,Yes,Yes,Yes,No,No,From 7 training programs to more,Yes,Travel rarely,Low,No,Low,Difficult,Medium,Medium,Yes,Yes,No,No,Medium,Not satisfied,No,31 to 40,From 5000 to 10000 S.R,Left
677,0,Male,31 to 40,Divorced,Bachelor's,Less than 5 years,Less than 5 years,Education sector,Teaching,Teacher,Less than 5000 SAR,0,No,No,Yes,No,Yes,No,I did not receive any training,No,I do not travel for work,Low,Yes,Medium,Difficult,Close,Medium,Sometimes,No,Yes,No,Medium,Satisfied,Yes,31 to 40,Less than 5000 SAR,Stayed
678,0,Male,31 to 40,Married,Bachelor's,From 5 to 10 years,From 5 to 10 years,Food production sector,Administration,Administrative manager,From 5000 to 10000 S.R,2,Yes,Yes,No,I don't have overtime,Yes,Yes,From 1 to 3 training programs,Yes,Travel rarely,High,Yes,High,Easy,Close,Medium,Sometimes,No,Yes,No,High,Very satisfied,No,31 to 40,From 5000 to 10000 S.R,Stayed
679,0,Female,21 to 30,Married,Bachelor's,From 5 to 10 years,From 5 to 10 years,Education sector,Teaching,Teacher,Less than 5000 SAR,0,Yes,No,No,I don't have overtime,No,No,I did not receive any training,Yes,I do not travel for work,Low,No,Medium,Medium,Far,Medium,Yes,Yes,No,No,Medium,Satisfied,No,21 to 30,Less than 5000 SAR,Stayed
680,0,Male,31 to 40,Married,Diploma or secondary,From 11 to 15 years,From 11 to 15 years,Medical sector,Patient Affairs,Nurse,Less than 5000 SAR,1,No,No,No,No,No,No,From 1 to 3 training programs,Yes,Travel rarely,Low,No,Medium,Medium,Medium,Medium,Sometimes,Sometimes,Yes,No,Medium,Satisfied,No,31 to 40,Less than 5000 SAR,Stayed
681,1,Male,31 to 40,Married,Master's,From 16 to 20 years,Less than 5 years,Food production sector,Administration,Manger assistant,Less than 5000 SAR,0,No,No,No,I don't have overtime,Yes,No,From 1 to 3 training programs,Yes,I do not travel for work,Low,No,Medium,Difficult,Close,Medium,No,No,No,No,Medium,Not satisfied,No,31 to 40,Less than 5000 SAR,Left
682,0,Female,21 to 30,Single,Master's,Less than 5 years,Less than 5 years,Education sector,Administration,Manger assistant,Less than 5000 SAR,0,No,No,No,No,No,No,From 1 to 3 training programs,No,I do not travel for work,Low,No,Medium,Medium,Medium,Difficult,Yes,Yes,No,No,Medium,Satisfied,Yes,21 to 30,Less than 5000 SAR,Stayed
683,0,Female,41 to 50,Married,Bachelor's,From 16 to 20 years,From 16 to 20 years,Education sector,Teaching,Teacher,Less than 5000 SAR,1,No,No,No,I don't have overtime,Yes,No,From 4 to 6 training programs,Yes,I do not travel for work,Medium,Yes,Medium,Easy,Close,Medium,Yes,Sometimes,Yes,No,Medium,Satisfied,No,41 to 50,Less than 5000 SAR,Stayed
684,0,Male,41 to 50,Married,Ph.D,Less than 5 years,Less than 5 years,Education sector,Teaching,Teacher,Less than 5000 SAR,1,No,No,No,I don't have overtime,No,No,From 4 to 6 training programs,No,I do not travel for work,Low,No,Low,Difficult,Medium,Easy,Yes,Yes,No,No,Low,Not satisfied,Yes,41 to 50,Less than 5000 SAR,Stayed
685,1,Female,31 to 40,Single,Bachelor's,From 5 to 10 years,Less than 5 years,Education sector,Safety & Security,Security and safety specialist,Less than 5000 SAR,0,No,No,Yes,No,No,No,I did not receive any training,No,I do not travel for work,Low,No,Low,Medium,Medium,Difficult,Yes,Yes,No,No,Low,Not satisfied,No,31 to 40,Less than 5000 SAR,Left
686,0,Male,21 to 30,Single,Bachelor's,Less than 5 years,Less than 5 years,Education sector,Information technology,IT specialist,From 11000 to 15000 S.R,3,Yes,Yes,Yes,Yes,Yes,Yes,From 4 to 6 training programs,Yes,Travel rarely,Medium,Yes,Medium,Medium,Close,Difficult,No,No,Yes,No,High,Very satisfied,Yes,21 to 30,From 11000 to 15000 S.R,Stayed
687,1,Female,31 to 40,Single,Diploma or secondary,Less than 5 years,Less than 5 years,Engineering consulting companies,Customers service,Customer services representative,Less than 5000 SAR,0,Yes,Yes,Yes,Yes,No,No,I did not receive any training,No,I do not travel for work,Low,No,Low,Medium,Far,Medium,Yes,Yes,No,Yes,Medium,Not satisfied,Yes,31 to 40,Less than 5000 SAR,Left
688,0,Female,21 to 30,Single,Master's,Less than 5 years,Less than 5 years,Education sector,Teaching,Teacher,Less than 5000 SAR,0,Yes,No,No,I don't have overtime,No,No,From 1 to 3 training programs,No,I do not travel for work,Low,No,Low,Medium,Medium,Difficult,Yes,Yes,No,No,Low,Not satisfied,No,21 to 30,Less than 5000 SAR,Stayed
689,0,Male,31 to 40,Single,Bachelor's,From 11 to 15 years,From 11 to 15 years,Financial sector,HR,HR Specialist,From 11000 to 15000 S.R,1,No,Yes,No,I don't have overtime,Yes,Yes,I did not receive any training,No,I do not travel for work,Medium,Yes,Medium,Medium,Close,Medium,Sometimes,Yes,Yes,No,Medium,Satisfied,No,31 to 40,From 11000 to 15000 S.R,Stayed
690,0,Male,41 to 50,Single,Diploma or secondary,From 11 to 15 years,From 11 to 15 years,Financial sector,Processes,Data entry operator,From 11000 to 15000 S.R,0,No,Yes,Yes,Yes,Yes,Yes,I did not receive any training,No,I do not travel for work,Medium,Yes,Medium,Medium,Medium,Medium,Sometimes,Sometimes,Yes,No,Medium,Satisfied,No,41 to 50,From 11000 to 15000 S.R,Stayed
691,0,Male,31 to 40,Married,Master's,From 11 to 15 years,From 11 to 15 years,Education sector,Administration,Manger assistant,From 11000 to 15000 S.R,1,No,No,No,No,No,No,From 1 to 3 training programs,No,I do not travel for work,Low,No,Low,Easy,Close,Medium,No,Yes,Yes,No,Low,Not satisfied,No,31 to 40,From 11000 to 15000 S.R,Stayed
692,0,Female,41 to 50,Married,Bachelor's,Less than 5 years,Less than 5 years,Education sector,Teaching,Teacher,Less than 5000 SAR,0,No,No,No,No,No,No,I did not receive any training,No,I do not travel for work,Low,No,Low,Medium,Medium,Medium,Yes,Yes,No,No,Low,Very satisfied,No,41 to 50,Less than 5000 SAR,Stayed
693,1,Female,41 to 50,Married,Bachelor's,From 11 to 15 years,Less than 5 years,Education sector,Administration,Supervisor,Less than 5000 SAR,0,Yes,No,Yes,No,No,Yes,From 4 to 6 training programs,Yes,I do not travel for work,Medium,Yes,High,Medium,Medium,Medium,Sometimes,Yes,No,No,High,Satisfied,Yes,41 to 50,Less than 5000 SAR,Left
694,0,Male,41 to 50,Married,Bachelor's,From 11 to 15 years,From 11 to 15 years,Education sector,Teaching,Teacher,Less than 5000 SAR,0,No,Yes,No,I don't have overtime,No,No,From 1 to 3 training programs,Yes,I do not travel for work,Low,Yes,High,Medium,Medium,Easy,Yes,Sometimes,Yes,Yes,High,Satisfied,No,41 to 50,Less than 5000 SAR,Stayed
695,0,Female,41 to 50,Married,Bachelor's,Less than 5 years,Less than 5 years,Education sector,Administration,Administrative manager,Less than 5000 SAR,0,No,No,No,I don't have overtime,Yes,No,I did not receive any training,No,I do not travel for work,Low,No,High,Medium,Close,Medium,No,Sometimes,No,No,Medium,Not satisfied,Yes,41 to 50,Less than 5000 SAR,Stayed
696,0,Female,31 to 40,Married,Bachelor's,From 5 to 10 years,From 5 to 10 years,Education sector,Teaching,Teacher,Less than 5000 SAR,0,No,No,No,I don't have overtime,No,No,From 1 to 3 training programs,Yes,I do not travel for work,Low,No,Medium,Difficult,Medium,Medium,Yes,Yes,No,No,Medium,Not satisfied,No,31 to 40,Less than 5000 SAR,Stayed
697,0,Female,21 to 30,Married,Bachelor's,From 26 to 30 years,From 26 to 30 years,Education sector,Administration,Manger assistant,From 11000 to 15000 S.R,0,No,No,No,I don't have overtime,No,No,From 4 to 6 training programs,Yes,I do not travel for work,Low,No,Medium,Medium,Far,Medium,Yes,Yes,Yes,Yes,Medium,Satisfied,No,21 to 30,From 11000 to 15000 S.R,Stayed
698,0,Female,41 to 50,Divorced,Bachelor's,From 26 to 30 years,From 26 to 30 years,Education sector,Administration,Administrative manager,From 16000 to 20000 S.R,0,No,No,No,I don't have overtime,No,No,From 4 to 6 training programs,Yes,Travel rarely,Medium,Yes,High,Easy,Close,Easy,No,Sometimes,Yes,No,High,Very satisfied,No,41 to 50,From 16000 to 20000 S.R,Stayed
699,1,Male,31 to 40,Married,Master's,From 11 to 15 years,Less than 5 years,Financial sector,Accounting,Accountant,From 5000 to 10000 S.R,0,Yes,No,No,I don't have overtime,No,No,From 1 to 3 training programs,No,I do not travel for work,Low,No,Low,Medium,Close,Medium,No,No,No,No,Medium,Satisfied,No,31 to 40,From 5000 to 10000 S.R,Left
700,0,Male,41 to 50,Married,Bachelor's,From 16 to 20 years,From 16 to 20 years,Education sector,Administration,Manger assistant,From 11000 to 15000 S.R,0,No,No,No,I don't have overtime,Yes,Yes,From 4 to 6 training programs,Yes,I do not travel for work,Low,Yes,High,Medium,Close,Easy,Sometimes,Sometimes,Yes,No,Medium,Satisfied,No,41 to 50,From 11000 to 15000 S.R,Stayed
701,0,Male,41 to 50,Married,Master's,From 21 to 25 years,From 21 to 25 years,Education sector,Teaching,Teacher,Less than 5000 SAR,0,No,No,No,No,Yes,No,From 4 to 6 training programs,No,I do not travel for work,Medium,Yes,Medium,Difficult,Close,Medium,No,No,No,No,Medium,Satisfied,No,41 to 50,Less than 5000 SAR,Stayed
702,0,Male,31 to 40,Married,Master's,Less than 5 years,Less than 5 years,Economic sector,Administration,Administrative manager,Less than 5000 SAR,0,No,No,No,I don't have overtime,No,No,From 4 to 6 training programs,No,I do not travel for work,Low,Yes,High,Medium,Medium,Medium,No,No,No,No,Medium,Satisfied,No,31 to 40,Less than 5000 SAR,Stayed
703,1,Female,31 to 40,Divorced,Bachelor's,From 16 to 20 years,Less than 5 years,Education sector,Teaching,Teacher,Less than 5000 SAR,0,No,No,No,Yes,No,No,From 1 to 3 training programs,Yes,I do not travel for work,Low,No,Low,Medium,Close,Medium,Sometimes,Yes,No,Yes,Low,Not satisfied,Yes,31 to 40,Less than 5000 SAR,Left
704,1,Male,21 to 30,Single,Bachelor's,Less than 5 years,Less than 5 years,Education sector,Teaching,Teacher,Less than 5000 SAR,0,No,No,No,I don't have overtime,No,No,From 1 to 3 training programs,No,Travel frequently,High,Yes,High,Difficult,Far,Difficult,No,Yes,Yes,No,High,Very satisfied,Yes,21 to 30,Less than 5000 SAR,Left
705,0,Male,31 to 40,Single,Bachelor's,From 11 to 15 years,From 11 to 15 years,Education sector,Administration,Administrative manager,From 5000 to 10000 S.R,0,No,No,No,I don't have overtime,No,No,I did not receive any training,No,I do not travel for work,Low,Yes,High,Easy,Medium,Easy,Sometimes,No,No,No,Medium,Satisfied,No,31 to 40,From 5000 to 10000 S.R,Stayed
706,1,Male,21 to 30,Single,Master's,Less than 5 years,Less than 5 years,Education sector,Administration,Administrative manager,From 5000 to 10000 S.R,0,No,No,No,No,No,No,I did not receive any training,No,Travel rarely,Low,No,Medium,Medium,Medium,Medium,Yes,Yes,No,No,Low,Not satisfied,Yes,21 to 30,From 5000 to 10000 S.R,Left
707,0,Male,41 to 50,Married,Bachelor's,From 5 to 10 years,From 5 to 10 years,Education sector,Teaching,Teacher,Less than 5000 SAR,2,Yes,No,No,I don't have overtime,Yes,Yes,From 4 to 6 training programs,Yes,I do not travel for work,High,Yes,High,Medium,Close,Easy,Sometimes,No,Yes,No,High,Very satisfied,Yes,41 to 50,Less than 5000 SAR,Stayed
708,0,Male,21 to 30,Single,Bachelor's,From 5 to 10 years,From 5 to 10 years,Education sector,Teaching,Teacher,Less than 5000 SAR,0,Yes,No,No,I don't have overtime,Yes,No,From 1 to 3 training programs,Yes,I do not travel for work,Medium,Yes,Medium,Medium,Medium,Medium,Sometimes,Sometimes,No,No,High,Satisfied,No,21 to 30,Less than 5000 SAR,Stayed
709,1,Male,31 to 40,Married,Bachelor's,From 11 to 15 years,Less than 5 years,Education sector,Teaching,Teacher,Less than 5000 SAR,2,Yes,No,Yes,No,No,No,From 4 to 6 training programs,Yes,Travel rarely,Medium,No,Medium,Easy,Medium,Difficult,Yes,Yes,No,Yes,Medium,Satisfied,Yes,31 to 40,Less than 5000 SAR,Left
710,0,Male,31 to 40,Married,Bachelor's,From 5 to 10 years,From 5 to 10 years,Education sector,Teaching,Teacher,Less than 5000 SAR,2,Yes,Yes,No,No,Yes,No,From 4 to 6 training programs,Yes,I do not travel for work,High,Yes,High,Easy,Close,Easy,No,No,Yes,No,High,Very satisfied,No,31 to 40,Less than 5000 SAR,Stayed
711,1,Male,31 to 40,Married,Master's,From 11 to 15 years,Less than 5 years,Transport sector,Customers service,Customer services representative,Less than 5000 SAR,1,Yes,No,No,No,No,No,From 4 to 6 training programs,Yes,I do not travel for work,Low,No,Low,Easy,Medium,Difficult,Yes,Yes,No,No,Low,Satisfied,Yes,31 to 40,Less than 5000 SAR,Left
712,0,Male,21 to 30,Married,Bachelor's,From 16 to 20 years,From 16 to 20 years,Education sector,Teaching,Teacher,Less than 5000 SAR,1,Yes,Yes,No,I don't have overtime,Yes,Yes,From 1 to 3 training programs,Yes,I do not travel for work,High,Yes,High,Easy,Close,Easy,Yes,No,Yes,No,Medium,Very satisfied,No,21 to 30,Less than 5000 SAR,Stayed
713,1,Male,21 to 30,Married,Bachelor's,Less than 5 years,Less than 5 years,Energy sector,Customers service,Customer services representative,Less than 5000 SAR,2,Yes,No,Yes,Yes,No,No,From 1 to 3 training programs,Yes,I do not travel for work,Low,No,Low,Medium,Far,Difficult,No,No,No,No,Low,Satisfied,No,21 to 30,Less than 5000 SAR,Left
714,0,Male,31 to 40,Married,Bachelor's,From 16 to 20 years,From 16 to 20 years,Education sector,Teaching,Teacher,From 5000 to 10000 S.R,1,No,No,No,I don't have overtime,No,No,From 4 to 6 training programs,Yes,I do not travel for work,Low,No,Low,Difficult,Medium,Difficult,Yes,Yes,No,No,Low,Not satisfied,No,31 to 40,From 5000 to 10000 S.R,Stayed
715,0,Male,41 to 50,Married,Bachelor's,From 5 to 10 years,From 5 to 10 years,Education sector,Teaching,Teacher,Less than 5000 SAR,0,Yes,No,No,I don't have overtime,No,No,From 1 to 3 training programs,Yes,I do not travel for work,High,Yes,High,Easy,Close,Easy,Sometimes,Sometimes,Yes,No,High,Very satisfied,Yes,41 to 50,Less than 5000 SAR,Stayed
716,0,Male,41 to 50,Married,Bachelor's,From 11 to 15 years,From 11 to 15 years,Education sector,Teaching,Teacher,Less than 5000 SAR,2,Yes,No,No,Yes,Yes,Yes,From 4 to 6 training programs,Yes,I do not travel for work,High,Yes,High,Easy,Close,Medium,Yes,No,Yes,No,High,Satisfied,No,41 to 50,Less than 5000 SAR,Stayed
717,1,Male,21 to 30,Single,Bachelor's,Less than 5 years,Less than 5 years,Education sector,Teaching,Teacher,Less than 5000 SAR,0,No,No,No,I don't have overtime,No,No,I did not receive any training,No,I do not travel for work,Low,No,Low,Medium,Medium,Medium,Sometimes,Sometimes,No,No,Medium,Not satisfied,No,21 to 30,Less than 5000 SAR,Left
718,0,Male,41 to 50,Married,Bachelor's,From 16 to 20 years,From 16 to 20 years,Education sector,Teaching,Teacher,Less than 5000 SAR,2,Yes,No,No,No,Yes,No,From 1 to 3 training programs,Yes,Travel rarely,Medium,Yes,High,Medium,Close,Easy,Sometimes,No,No,No,High,Satisfied,No,41 to 50,Less than 5000 SAR,Stayed
719,0,Male,31 to 40,Married,Bachelor's,From 5 to 10 years,From 5 to 10 years,Education sector,Administration,Administrative manager,From 5000 to 10000 S.R,0,Yes,No,No,I don't have overtime,No,No,From 1 to 3 training programs,Yes,I do not travel for work,Low,No,Medium,Easy,Medium,Medium,Yes,Yes,No,No,Medium,Satisfied,Yes,31 to 40,From 5000 to 10000 S.R,Stayed
720,0,Female,41 to 50,Married,Bachelor's,Less than 5 years,Less than 5 years,Education sector,Teaching,Trainer,Less than 5000 SAR,0,No,No,No,I don't have overtime,No,No,From 1 to 3 training programs,Yes,I do not travel for work,Medium,Yes,High,Medium,Far,Difficult,Sometimes,Sometimes,No,No,High,Very satisfied,Yes,41 to 50,Less than 5000 SAR,Stayed
721,0,Male,41 to 50,Married,Bachelor's,From 26 to 30 years,From 26 to 30 years,Education sector,Teaching,Teacher,Less than 5000 SAR,0,Yes,Yes,No,I don't have overtime,Yes,No,From 7 training programs to more,Yes,Travel frequently,Medium,Yes,High,Easy,Close,Easy,No,No,Yes,No,High,Very satisfied,No,41 to 50,Less than 5000 SAR,Stayed
722,0,Male,41 to 50,Married,Bachelor's,From 16 to 20 years,From 16 to 20 years,Education sector,Teaching,Teacher,Less than 5000 SAR,2,Yes,No,No,I don't have overtime,Yes,No,From 4 to 6 training programs,Yes,I do not travel for work,Medium,No,High,Easy,Close,Easy,No,No,No,No,Medium,Satisfied,No,41 to 50,Less than 5000 SAR,Stayed
723,0,Male,21 to 30,Married,Bachelor's,From 21 to 25 years,From 21 to 25 years,Education sector,Administration,Administrative manager,From 16000 to 20000 S.R,1,No,No,No,I don't have overtime,Yes,No,From 1 to 3 training programs,Yes,I do not travel for work,Low,Yes,High,Easy,Close,Easy,Sometimes,Yes,Yes,No,Medium,Very satisfied,No,21 to 30,From 16000 to 20000 S.R,Stayed
724,1,Female,21 to 30,Single,Bachelor's,Less than 5 years,Less than 5 years,Economic sector,Accounting,Accountant,Less than 5000 SAR,0,No,Yes,No,Yes,No,No,I did not receive any training,No,I do not travel for work,Low,No,Low,Difficult,Medium,Difficult,Sometimes,Yes,No,Yes,Low,Satisfied,Yes,21 to 30,Less than 5000 SAR,Left
725,0,Male,41 to 50,Married,Bachelor's,From 5 to 10 years,From 5 to 10 years,Education sector,Teaching,Teacher,Less than 5000 SAR,2,Yes,No,No,No,No,No,From 1 to 3 training programs,Yes,I do not travel for work,Medium,Yes,Medium,Medium,Close,Medium,Yes,Yes,No,No,Medium,Satisfied,No,41 to 50,Less than 5000 SAR,Stayed
726,1,Male,21 to 30,Married,Bachelor's,From 5 to 10 years,Less than 5 years,Education sector,Teaching,Teacher,From 5000 to 10000 S.R,0,Yes,No,No,I don't have overtime,No,No,From 1 to 3 training programs,No,I do not travel for work,Low,No,Low,Easy,Medium,Difficult,Yes,Yes,No,No,Medium,Not satisfied,No,21 to 30,From 5000 to 10000 S.R,Left
727,0,Male,41 to 50,Married,Bachelor's,From 16 to 20 years,From 16 to 20 years,Education sector,Teaching,Teacher,Less than 5000 SAR,0,Yes,No,Yes,Yes,Yes,No,From 7 training programs to more,Yes,Travel frequently,Low,No,Medium,Difficult,Medium,Medium,Yes,Yes,No,No,Medium,Satisfied,Yes,41 to 50,Less than 5000 SAR,Stayed
728,0,Male,21 to 30,Married,Bachelor's,From 21 to 25 years,From 21 to 25 years,Education sector,Teaching,Teacher,Less than 5000 SAR,0,Yes,No,Yes,No,No,No,From 1 to 3 training programs,Yes,I do not travel for work,Medium,No,High,Easy,Medium,Easy,Yes,No,Yes,No,Medium,Satisfied,No,21 to 30,Less than 5000 SAR,Stayed
729,1,Male,21 to 30,Single,Diploma or secondary,Less than 5 years,Less than 5 years,Food production sector,Sales,Sales executive,Less than 5000 SAR,0,No,No,Yes,Yes,No,No,I did not receive any training,No,I do not travel for work,Low,Yes,Medium,Medium,Close,Medium,Yes,Sometimes,No,No,High,Satisfied,No,21 to 30,Less than 5000 SAR,Left
730,0,Male,31 to 40,Married,Bachelor's,Less than 5 years,Less than 5 years,Education sector,Teaching,Teacher,Less than 5000 SAR,0,No,Yes,Yes,Yes,No,No,I did not receive any training,No,I do not travel for work,Low,Yes,Medium,Difficult,Far,Difficult,Yes,Yes,No,No,Low,Not satisfied,Yes,31 to 40,Less than 5000 SAR,Stayed
731,0,Male,41 to 50,Married,Bachelor's,Less than 5 years,Less than 5 years,Education sector,Teaching,Teacher,Less than 5000 SAR,1,Yes,No,No,I don't have overtime,No,No,From 1 to 3 training programs,Yes,I do not travel for work,Medium,No,High,Difficult,Medium,Medium,Yes,Yes,No,No,High,Satisfied,No,41 to 50,Less than 5000 SAR,Stayed
732,0,Male,41 to 50,Married,Bachelor's,From 5 to 10 years,From 5 to 10 years,Education sector,Teaching,Teacher,Less than 5000 SAR,0,No,No,No,I don't have overtime,No,No,I did not receive any training,No,I do not travel for work,Low,No,Low,Difficult,Medium,Difficult,Yes,Yes,No,Yes,Low,Not satisfied,Yes,41 to 50,Less than 5000 SAR,Stayed
733,1,Male,31 to 40,Married,Bachelor's,From 11 to 15 years,Less than 5 years,Communications and IT sector,Customers service,Customer services representative,Less than 5000 SAR,0,No,No,Yes,Yes,No,No,I did not receive any training,No,I do not travel for work,Low,No,Low,Medium,Far,Difficult,Yes,Yes,No,No,Low,Satisfied,No,31 to 40,Less than 5000 SAR,Left
734,0,Male,41 to 50,Married,Bachelor's,From 5 to 10 years,From 5 to 10 years,Education sector,Teaching,Teacher,Less than 5000 SAR,1,Yes,No,No,I don't have overtime,No,No,From 7 training programs to more,Yes,Travel rarely,Medium,No,Low,Difficult,Medium,Medium,Yes,Yes,No,No,Low,Not satisfied,Yes,41 to 50,Less than 5000 SAR,Stayed
735,0,Female,41 to 50,Married,Bachelor's,From 21 to 25 years,From 21 to 25 years,Education sector,Teaching,Teacher,Less than 5000 SAR,1,No,No,Yes,No,No,No,From 1 to 3 training programs,Yes,I do not travel for work,Medium,Yes,High,Medium,Medium,Easy,Sometimes,Sometimes,No,No,High,Satisfied,Yes,41 to 50,Less than 5000 SAR,Stayed
736,0,Female,41 to 50,Married,Bachelor's,From 26 to 30 years,From 26 to 30 years,Education sector,Teaching,Teacher,Less than 5000 SAR,1,No,Yes,No,I don't have overtime,Yes,Yes,From 7 training programs to more,Yes,I do not travel for work,High,Yes,High,Easy,Medium,Easy,Sometimes,No,Yes,No,High,Very satisfied,No,41 to 50,Less than 5000 SAR,Stayed
737,0,Male,21 to 30,Married,Bachelor's,From 21 to 25 years,From 21 to 25 years,Education sector,Teaching,Teacher,Less than 5000 SAR,0,Yes,No,No,I don't have overtime,No,No,From 1 to 3 training programs,Yes,I do not travel for work,Medium,No,High,Easy,Medium,Medium,Yes,Yes,No,No,Medium,Satisfied,No,21 to 30,Less than 5000 SAR,Stayed
738,0,Male,21 to 30,Married,Bachelor's,From 11 to 15 years,From 11 to 15 years,Education sector,Teaching,Teacher,Less than 5000 SAR,2,Yes,Yes,No,I don't have overtime,Yes,Yes,From 1 to 3 training programs,Yes,Travel rarely,High,Yes,High,Easy,Medium,Easy,No,No,Yes,No,High,Very satisfied,No,21 to 30,Less than 5000 SAR,Stayed
739,0,Female,41 to 50,Married,Bachelor's,From 11 to 15 years,From 11 to 15 years,Education sector,Teaching,Teacher,Less than 5000 SAR,0,No,No,No,I don't have overtime,Yes,Yes,I did not receive any training,No,I do not travel for work,Medium,Yes,Medium,Medium,Close,Medium,Yes,Yes,No,No,Medium,Satisfied,No,41 to 50,Less than 5000 SAR,Stayed
740,0,Male,41 to 50,Married,Bachelor's,From 21 to 25 years,From 21 to 25 years,Education sector,Teaching,Teacher,Less than 5000 SAR,2,Yes,Yes,No,No,Yes,Yes,From 1 to 3 training programs,Yes,I do not travel for work,Medium,Yes,High,Medium,Close,Medium,Sometimes,Sometimes,Yes,No,High,Satisfied,Yes,41 to 50,Less than 5000 SAR,Stayed
741,0,Male,21 to 30,Single,Diploma or secondary,Less than 5 years,Less than 5 years,Food production sector,Processes,Operations Supervisor,Less than 5000 SAR,3,Yes,Yes,Yes,Yes,Yes,Yes,I did not receive any training,No,I do not travel for work,Medium,Yes,High,Medium,Medium,Easy,No,No,No,Yes,Medium,Satisfied,No,21 to 30,Less than 5000 SAR,Stayed
742,0,Male,31 to 40,Married,Diploma or secondary,Less than 5 years,Less than 5 years,Food production sector,Processes,Quality Specialist,Less than 5000 SAR,3,Yes,No,No,No,No,Yes,I did not receive any training,No,I do not travel for work,High,Yes,Medium,Medium,Medium,Easy,Sometimes,Yes,No,Yes,Medium,Not satisfied,No,31 to 40,Less than 5000 SAR,Stayed
743,0,Female,31 to 40,Married,Master's,From 5 to 10 years,From 5 to 10 years,Education sector,Administration,Manger assistant,From 5000 to 10000 S.R,3,Yes,Yes,Yes,Yes,Yes,Yes,From 4 to 6 training programs,Yes,I do not travel for work,High,Yes,High,Medium,Medium,Medium,Sometimes,Sometimes,Yes,No,Medium,Satisfied,No,31 to 40,From 5000 to 10000 S.R,Stayed
744,0,Female,41 to 50,Married,Bachelor's,From 11 to 15 years,From 11 to 15 years,Education sector,Administration,Manger assistant,From 11000 to 15000 S.R,1,Yes,No,No,I don't have overtime,Yes,Yes,From 4 to 6 training programs,Yes,I do not travel for work,Medium,Yes,Medium,Medium,Medium,Medium,Yes,No,Yes,Yes,Low,Very satisfied,No,41 to 50,From 11000 to 15000 S.R,Stayed
745,0,Female,31 to 40,Married,Master's,From 5 to 10 years,From 5 to 10 years,Education sector,Teaching,Teacher,Less than 5000 SAR,0,No,Yes,No,No,No,No,From 7 training programs to more,Yes,Travel rarely,Low,Yes,Medium,Medium,Close,Medium,Yes,Yes,No,No,Medium,Satisfied,No,31 to 40,Less than 5000 SAR,Stayed
746,0,Male,21 to 30,Single,Diploma or secondary,Less than 5 years,Less than 5 years,Food production sector,Sales,Sales executive,From 5000 to 10000 S.R,2,Yes,Yes,Yes,Yes,No,No,From 1 to 3 training programs,Yes,Travel rarely,Medium,Yes,High,Easy,Medium,Difficult,Yes,Yes,Yes,No,Medium,Satisfied,Yes,21 to 30,From 5000 to 10000 S.R,Stayed
747,0,Female,41 to 50,Divorced,Diploma or secondary,From 11 to 15 years,From 11 to 15 years,Education sector,Administration,Manger assistant,From 5000 to 10000 S.R,1,Yes,No,No,No,Yes,No,From 7 training programs to more,Yes,I do not travel for work,High,Yes,High,Easy,Close,Easy,Sometimes,No,Yes,No,High,Very satisfied,No,41 to 50,From 5000 to 10000 S.R,Stayed
748,0,Male,31 to 40,Single,Bachelor's,Less than 5 years,Less than 5 years,Transport sector,Processes,Operations Supervisor,Less than 5000 SAR,0,Yes,No,No,I don't have overtime,No,No,I did not receive any training,No,I do not travel for work,Low,No,High,Medium,Close,Medium,Sometimes,Sometimes,No,No,Medium,Satisfied,No,31 to 40,Less than 5000 SAR,Stayed
749,0,Male,21 to 30,Divorced,Diploma or secondary,Less than 5 years,Less than 5 years,Transport sector,Processes,Data entry operator,Less than 5000 SAR,2,Yes,No,No,I don't have overtime,Yes,Yes,From 4 to 6 training programs,Yes,I do not travel for work,Medium,Yes,Medium,Medium,Close,Easy,Sometimes,Sometimes,Yes,No,Medium,Satisfied,No,21 to 30,Less than 5000 SAR,Stayed
750,0,Female,21 to 30,Single,Diploma or secondary,Less than 5 years,Less than 5 years,Transport sector,Sales,Purchase specialist,Less than 5000 SAR,3,Yes,Yes,Yes,Yes,Yes,Yes,From 7 training programs to more,Yes,Travel rarely,High,Yes,Medium,Easy,Close,Easy,Sometimes,Sometimes,No,No,Medium,Satisfied,Yes,21 to 30,Less than 5000 SAR,Stayed
751,0,Male,31 to 40,Married,Diploma or secondary,Less than 5 years,Less than 5 years,Transport sector,Technical support,Engineer,Less than 5000 SAR,3,Yes,Yes,Yes,Yes,Yes,Yes,From 1 to 3 training programs,Yes,Travel rarely,High,Yes,High,Medium,Far,Difficult,No,No,No,No,High,Satisfied,No,31 to 40,Less than 5000 SAR,Stayed
752,0,Female,21 to 30,Married,Diploma or secondary,From 5 to 10 years,From 5 to 10 years,Transport sector,Customers service,Customer services representative,Less than 5000 SAR,3,Yes,No,No,I don't have overtime,No,No,I did not receive any training,No,I do not travel for work,Low,No,Low,Difficult,Close,Difficult,Sometimes,Yes,No,No,Medium,Not satisfied,No,21 to 30,Less than 5000 SAR,Stayed
753,0,Male,31 to 40,Divorced,Diploma or secondary,From 5 to 10 years,From 5 to 10 years,Transport sector,Processes,Warehouse officer,Less than 5000 SAR,2,No,No,No,I don't have overtime,No,No,I did not receive any training,No,I do not travel for work,Low,No,Low,Difficult,Medium,Medium,Sometimes,Sometimes,No,Yes,Medium,Not satisfied,No,31 to 40,Less than 5000 SAR,Stayed
754,0,Female,31 to 40,Married,Bachelor's,From 5 to 10 years,From 5 to 10 years,Transport sector,Customers service,Customer services representative,From 5000 to 10000 S.R,3,Yes,Yes,Yes,Yes,Yes,Yes,From 7 training programs to more,Yes,I do not travel for work,High,Yes,High,Medium,Medium,Medium,Sometimes,No,Yes,No,High,Very satisfied,No,31 to 40,From 5000 to 10000 S.R,Stayed
755,0,Female,31 to 40,Married,Bachelor's,From 11 to 15 years,From 11 to 15 years,Transport sector,Administration,Supervisor,From 5000 to 10000 S.R,3,Yes,Yes,Yes,Yes,Yes,Yes,From 7 training programs to more,Yes,Travel rarely,High,Yes,High,Easy,Close,Easy,Sometimes,No,Yes,No,Medium,Very satisfied,No,31 to 40,From 5000 to 10000 S.R,Stayed
756,0,Male,21 to 30,Single,Diploma or secondary,From 5 to 10 years,From 5 to 10 years,Transport sector,Administration,Manger assistant,From 5000 to 10000 S.R,3,Yes,Yes,Yes,Yes,Yes,Yes,From 7 training programs to more,Yes,Travel frequently,High,Yes,High,Easy,Close,Easy,Sometimes,No,Yes,No,Medium,Very satisfied,No,21 to 30,From 5000 to 10000 S.R,Stayed
757,0,Male,21 to 30,Single,Diploma or secondary,From 5 to 10 years,From 5 to 10 years,Transport sector,Sales,Purchase specialist,From 5000 to 10000 S.R,3,Yes,Yes,Yes,No,Yes,Yes,I did not receive any training,No,I do not travel for work,Medium,No,Medium,Medium,Close,Easy,Sometimes,Sometimes,Yes,No,Medium,Satisfied,No,21 to 30,From 5000 to 10000 S.R,Stayed
758,0,Male,31 to 40,Married,Bachelor's,From 5 to 10 years,From 5 to 10 years,Education sector,Teaching,Teacher,Less than 5000 SAR,0,No,No,No,I don't have overtime,No,No,I did not receive any training,No,I do not travel for work,Low,No,Low,Medium,Close,Medium,Sometimes,Sometimes,No,No,Medium,Not satisfied,Yes,31 to 40,Less than 5000 SAR,Stayed
759,0,Male,31 to 40,Married,Bachelor's,From 5 to 10 years,From 5 to 10 years,Transport sector,Technical support,Engineer,From 5000 to 10000 S.R,3,Yes,Yes,Yes,Yes,Yes,Yes,From 1 to 3 training programs,Yes,Travel frequently,High,Yes,High,Medium,Medium,Easy,Sometimes,No,Yes,Yes,High,Very satisfied,No,31 to 40,From 5000 to 10000 S.R,Stayed
760,0,Male,31 to 40,Married,Bachelor's,From 11 to 15 years,From 11 to 15 years,Transport sector,Sales,Sales executive,From 5000 to 10000 S.R,3,Yes,Yes,Yes,Yes,Yes,Yes,From 4 to 6 training programs,Yes,Travel frequently,High,Yes,High,Easy,Medium,Medium,Yes,Yes,Yes,No,Medium,Very satisfied,Yes,31 to 40,From 5000 to 10000 S.R,Stayed
761,0,Male,31 to 40,Married,Bachelor's,Less than 5 years,Less than 5 years,Transport sector,Production,Production supervisor,From 5000 to 10000 S.R,3,Yes,Yes,Yes,Yes,Yes,Yes,From 1 to 3 training programs,Yes,I do not travel for work,High,Yes,High,Medium,Medium,Medium,Sometimes,No,Yes,Yes,Medium,Satisfied,No,31 to 40,From 5000 to 10000 S.R,Stayed
762,0,Female,31 to 40,Married,Bachelor's,From 5 to 10 years,From 5 to 10 years,Education sector,Administration,Administrative manager,From 5000 to 10000 S.R,0,Yes,No,No,I don't have overtime,Yes,Yes,From 7 training programs to more,Yes,I do not travel for work,Medium,Yes,High,Easy,Close,Easy,Sometimes,No,Yes,No,Medium,Satisfied,No,31 to 40,From 5000 to 10000 S.R,Stayed
763,0,Male,31 to 40,Married,Bachelor's,From 5 to 10 years,From 5 to 10 years,Transport sector,Administration,Supervisor,From 5000 to 10000 S.R,4,Yes,Yes,Yes,Yes,Yes,Yes,From 7 training programs to more,Yes,I do not travel for work,High,Yes,High,Easy,Close,Easy,Sometimes,No,Yes,Yes,Medium,Satisfied,Yes,31 to 40,From 5000 to 10000 S.R,Stayed
764,0,Female,31 to 40,Married,Bachelor's,From 5 to 10 years,From 5 to 10 years,Medical sector,Patient Affairs,Nurse,Less than 5000 SAR,4,Yes,Yes,Yes,Yes,Yes,Yes,From 4 to 6 training programs,Yes,I do not travel for work,High,Yes,High,Easy,Medium,Medium,No,Yes,Yes,Yes,Medium,Satisfied,Yes,31 to 40,Less than 5000 SAR,Stayed
765,0,Male,21 to 30,Married,Bachelor's,From 5 to 10 years,From 5 to 10 years,Transport sector,Technical support,Engineer,From 5000 to 10000 S.R,4,Yes,Yes,Yes,Yes,Yes,Yes,I did not receive any training,Yes,I do not travel for work,High,Yes,High,Medium,Medium,Medium,No,No,Yes,No,Medium,Very satisfied,No,21 to 30,From 5000 to 10000 S.R,Stayed
766,0,Male,31 to 40,Married,Bachelor's,From 16 to 20 years,From 16 to 20 years,Transport sector,Customers service,Customer services representative,From 5000 to 10000 S.R,3,Yes,Yes,Yes,Yes,Yes,Yes,From 1 to 3 training programs,Yes,I do not travel for work,High,Yes,High,Medium,Medium,Medium,No,Sometimes,Yes,Yes,Medium,Satisfied,No,31 to 40,From 5000 to 10000 S.R,Stayed
767,0,Female,21 to 30,Married,Bachelor's,From 5 to 10 years,From 5 to 10 years,Transport sector,Customers service,Receptionist,From 5000 to 10000 S.R,4,Yes,Yes,Yes,Yes,Yes,Yes,From 7 training programs to more,Yes,I do not travel for work,High,Yes,High,Easy,Close,Easy,Sometimes,No,Yes,No,Medium,Very satisfied,Yes,21 to 30,From 5000 to 10000 S.R,Stayed
768,0,Female,21 to 30,Single,Diploma or secondary,Less than 5 years,Less than 5 years,Transport sector,HR,Coordinator,From 5000 to 10000 S.R,4,Yes,Yes,Yes,Yes,Yes,Yes,From 1 to 3 training programs,Yes,I do not travel for work,High,Yes,High,Medium,Medium,Medium,Yes,No,Yes,No,Medium,Satisfied,No,21 to 30,From 5000 to 10000 S.R,Stayed
769,0,Male,21 to 30,Married,Bachelor's,From 5 to 10 years,From 5 to 10 years,Medical sector,Patient Affairs,Nurse,Less than 5000 SAR,3,Yes,Yes,Yes,I don't have overtime,Yes,Yes,From 1 to 3 training programs,Yes,I do not travel for work,High,Yes,High,Medium,Close,Easy,Sometimes,Sometimes,Yes,No,Medium,Very satisfied,No,21 to 30,Less than 5000 SAR,Stayed
770,0,Male,31 to 40,Married,Master's,From 5 to 10 years,From 5 to 10 years,Education sector,Teaching,Teacher,Less than 5000 SAR,0,Yes,Yes,No,I don't have overtime,Yes,Yes,From 7 training programs to more,Yes,I do not travel for work,Medium,Yes,High,Difficult,Close,Easy,Sometimes,No,Yes,No,Medium,Very satisfied,No,31 to 40,Less than 5000 SAR,Stayed
771,0,Female,21 to 30,Single,Bachelor's,Less than 5 years,Less than 5 years,Medical sector,Customers service,Receptionist,From 5000 to 10000 S.R,0,No,No,No,I don't have overtime,Yes,Yes,I did not receive any training,No,I do not travel for work,Medium,Yes,High,Medium,Medium,Medium,No,No,No,No,Low,Not satisfied,No,21 to 30,From 5000 to 10000 S.R,Stayed
772,0,Female,21 to 30,Married,Bachelor's,From 5 to 10 years,From 5 to 10 years,Medical sector,Patient Affairs,Nurse,Less than 5000 SAR,4,Yes,Yes,Yes,Yes,Yes,Yes,From 7 training programs to more,Yes,I do not travel for work,High,Yes,High,Medium,Medium,Medium,No,No,Yes,No,Medium,Very satisfied,Yes,21 to 30,Less than 5000 SAR,Stayed
773,0,Female,31 to 40,Married,Master's,From 5 to 10 years,From 5 to 10 years,Education sector,Administration,Administrative manager,From 5000 to 10000 S.R,0,Yes,No,No,I don't have overtime,Yes,Yes,From 7 training programs to more,Yes,I do not travel for work,Medium,Yes,High,Medium,Medium,Medium,No,No,Yes,Yes,High,Very satisfied,No,31 to 40,From 5000 to 10000 S.R,Stayed
774,0,Male,21 to 30,Married,Bachelor's,Less than 5 years,Less than 5 years,Medical sector,Administration,Administrative manager,From 5000 to 10000 S.R,3,Yes,Yes,Yes,Yes,Yes,Yes,From 7 training programs to more,Yes,Travel rarely,High,Yes,High,Medium,Medium,Medium,No,Sometimes,Yes,No,High,Very satisfied,No,21 to 30,From 5000 to 10000 S.R,Stayed
775,0,Female,21 to 30,Single,Bachelor's,Less than 5 years,Less than 5 years,Education sector,Teaching,Teacher,Less than 5000 SAR,0,No,No,No,I don't have overtime,Yes,No,From 7 training programs to more,Yes,I do not travel for work,Medium,Yes,High,Medium,Far,Medium,Yes,No,Yes,No,High,Very satisfied,No,21 to 30,Less than 5000 SAR,Stayed
776,0,Male,21 to 30,Married,Ph.D,From 5 to 10 years,From 5 to 10 years,Medical sector,Patient Affairs,Doctor,From 11000 to 15000 S.R,3,Yes,Yes,Yes,Yes,Yes,Yes,From 7 training programs to more,Yes,I do not travel for work,Medium,Yes,Medium,Medium,Medium,Easy,No,Sometimes,Yes,No,Medium,Very satisfied,No,21 to 30,From 11000 to 15000 S.R,Stayed
777,0,Female,31 to 40,Married,Bachelor's,From 5 to 10 years,From 5 to 10 years,Education sector,Administration,Administrative manager,From 5000 to 10000 S.R,0,Yes,Yes,No,No,Yes,Yes,From 1 to 3 training programs,Yes,I do not travel for work,Medium,Yes,High,Difficult,Medium,Easy,No,No,Yes,No,Medium,Very satisfied,No,31 to 40,From 5000 to 10000 S.R,Stayed
778,0,Male,21 to 30,Single,Bachelor's,From 5 to 10 years,From 5 to 10 years,Medical sector,Patient Affairs,Nurse,Less than 5000 SAR,3,Yes,Yes,No,I don't have overtime,Yes,No,From 7 training programs to more,Yes,Travel rarely,Medium,Yes,High,Easy,Far,Difficult,No,Sometimes,Yes,No,Medium,Very satisfied,No,21 to 30,Less than 5000 SAR,Stayed
779,0,Female,21 to 30,Single,Bachelor's,Less than 5 years,Less than 5 years,Education sector,Accounting,Accountant,From 5000 to 10000 S.R,0,Yes,No,No,I don't have overtime,No,No,I did not receive any training,No,I do not travel for work,Low,No,Low,Medium,Medium,Medium,No,No,No,No,Low,Not satisfied,No,21 to 30,From 5000 to 10000 S.R,Stayed
780,0,Male,31 to 40,Married,Bachelor's,Less than 5 years,Less than 5 years,"Environment, Water, and Agriculture sector",Customers service,Receptionist,From 5000 to 10000 S.R,0,No,No,No,I don't have overtime,No,No,I did not receive any training,No,I do not travel for work,Low,Yes,Medium,Medium,Medium,Easy,Sometimes,Sometimes,No,Yes,Medium,Not satisfied,No,31 to 40,From 5000 to 10000 S.R,Stayed
781,0,Male,31 to 40,Single,Diploma or secondary,Less than 5 years,Less than 5 years,"Environment, Water, and Agriculture sector",Technical support,IT specialist,Less than 5000 SAR,3,Yes,No,No,I don't have overtime,No,No,From 1 to 3 training programs,Yes,I do not travel for work,Low,No,Low,Medium,Medium,Difficult,No,Sometimes,No,No,Medium,Not satisfied,No,31 to 40,Less than 5000 SAR,Stayed
782,0,Male,21 to 30,Married,Bachelor's,From 5 to 10 years,From 5 to 10 years,Transport sector,Relations,Relationships Specialist,From 5000 to 10000 S.R,3,Yes,Yes,Yes,Yes,Yes,Yes,From 7 training programs to more,Yes,Travel frequently,High,Yes,High,Easy,Close,Easy,Sometimes,No,Yes,No,Medium,Very satisfied,No,21 to 30,From 5000 to 10000 S.R,Stayed
783,0,Male,31 to 40,Married,Bachelor's,From 5 to 10 years,From 5 to 10 years,Transport sector,Relations,Relationships Specialist,From 5000 to 10000 S.R,4,Yes,Yes,Yes,Yes,Yes,Yes,From 1 to 3 training programs,Yes,I do not travel for work,High,Yes,High,Easy,Far,Medium,No,No,Yes,No,Medium,Very satisfied,Yes,31 to 40,From 5000 to 10000 S.R,Stayed
784,0,Male,31 to 40,Divorced,Bachelor's,From 11 to 15 years,From 11 to 15 years,Transport sector,Sales,Purchase specialist,From 5000 to 10000 S.R,4,Yes,Yes,Yes,Yes,No,Yes,I did not receive any training,Yes,I do not travel for work,Low,Yes,Medium,Medium,Close,Medium,No,No,No,No,Medium,Satisfied,No,31 to 40,From 5000 to 10000 S.R,Stayed
785,0,Male,31 to 40,Married,Master's,Less than 5 years,Less than 5 years,Transport sector,Information technology,IT specialist,From 5000 to 10000 S.R,4,Yes,Yes,Yes,Yes,Yes,Yes,From 7 training programs to more,Yes,Travel frequently,High,Yes,High,Medium,Medium,Medium,No,No,Yes,No,Medium,Satisfied,Yes,31 to 40,From 5000 to 10000 S.R,Stayed
786,0,Male,31 to 40,Married,Master's,From 5 to 10 years,From 5 to 10 years,Transport sector,Accounting,Accountant,From 11000 to 15000 S.R,4,Yes,Yes,Yes,Yes,Yes,Yes,From 7 training programs to more,Yes,Travel frequently,High,Yes,High,Easy,Medium,Medium,No,No,Yes,No,Medium,Very satisfied,No,31 to 40,From 11000 to 15000 S.R,Stayed
787,0,Male,31 to 40,Married,Master's,From 5 to 10 years,From 5 to 10 years,Transport sector,Technical support,Electrical engineer,From 11000 to 15000 S.R,4,Yes,Yes,Yes,Yes,Yes,Yes,From 7 training programs to more,Yes,Travel rarely,Medium,Yes,Medium,Difficult,Medium,Medium,No,No,Yes,No,Medium,Very satisfied,No,31 to 40,From 11000 to 15000 S.R,Stayed
788,0,Male,31 to 40,Married,Master's,From 5 to 10 years,From 5 to 10 years,Transport sector,Administration,Administrative manager,From 16000 to 20000 S.R,4,Yes,Yes,Yes,Yes,Yes,Yes,From 7 training programs to more,Yes,Travel rarely,High,Yes,Medium,Medium,Medium,Easy,Yes,No,Yes,No,Medium,Very satisfied,Yes,31 to 40,From 16000 to 20000 S.R,Stayed
789,0,Female,21 to 30,Married,Master's,Less than 5 years,Less than 5 years,Medical sector,Patient Affairs,Nurse,Less than 5000 SAR,3,Yes,Yes,Yes,Yes,Yes,Yes,From 7 training programs to more,Yes,Travel rarely,High,Yes,Medium,Medium,Close,Medium,Sometimes,Sometimes,Yes,No,Low,Very satisfied,No,21 to 30,Less than 5000 SAR,Stayed
790,0,Female,21 to 30,Single,Bachelor's,Less than 5 years,Less than 5 years,Medical sector,Customers service,Receptionist,Less than 5000 SAR,0,No,No,No,I don't have overtime,No,No,I did not receive any training,No,I do not travel for work,Low,No,Low,Medium,Medium,Difficult,No,Sometimes,No,No,Medium,Not satisfied,No,21 to 30,Less than 5000 SAR,Stayed
791,0,Female,21 to 30,Married,Bachelor's,From 5 to 10 years,From 5 to 10 years,Education sector,Administration,Administrative manager,From 5000 to 10000 S.R,0,No,No,No,No,Yes,Yes,From 4 to 6 training programs,Yes,I do not travel for work,High,Yes,High,Medium,Medium,Medium,Sometimes,Sometimes,Yes,No,Medium,Satisfied,No,21 to 30,From 5000 to 10000 S.R,Stayed
792,0,Female,31 to 40,Single,Bachelor's,Less than 5 years,Less than 5 years,Education sector,Teaching,Teacher,From 5000 to 10000 S.R,0,No,No,No,I don't have overtime,Yes,Yes,I did not receive any training,No,I do not travel for work,Medium,No,Medium,Medium,Close,Medium,No,Sometimes,Yes,No,Medium,Satisfied,No,31 to 40,From 5000 to 10000 S.R,Stayed
793,0,Female,21 to 30,Single,Bachelor's,Less than 5 years,Less than 5 years,Education sector,Teaching,Teacher,From 5000 to 10000 S.R,0,No,No,No,I don't have overtime,Yes,Yes,I did not receive any training,No,I do not travel for work,Low,No,Low,Medium,Medium,Easy,No,Sometimes,No,No,Medium,Not satisfied,No,21 to 30,From 5000 to 10000 S.R,Stayed
794,0,Female,21 to 30,Married,Bachelor's,From 5 to 10 years,From 5 to 10 years,Education sector,Teaching,Teacher,From 5000 to 10000 S.R,0,No,No,No,I don't have overtime,Yes,Yes,I did not receive any training,No,I do not travel for work,High,Yes,Medium,Easy,Medium,Easy,Sometimes,Sometimes,Yes,No,Medium,Satisfied,No,21 to 30,From 5000 to 10000 S.R,Stayed
795,0,Female,21 to 30,Married,Master's,From 5 to 10 years,From 5 to 10 years,Financial sector,Sales,Sales executive,From 5000 to 10000 S.R,0,No,No,No,I don't have overtime,No,No,I did not receive any training,No,I do not travel for work,Medium,Yes,High,Easy,Far,Medium,Sometimes,No,Yes,No,Medium,Satisfied,No,21 to 30,From 5000 to 10000 S.R,Stayed
796,0,Male,31 to 40,Married,Bachelor's,From 5 to 10 years,From 5 to 10 years,Education sector,Administration,Administrative manager,From 5000 to 10000 S.R,0,Yes,No,No,I don't have overtime,Yes,Yes,From 7 training programs to more,Yes,I do not travel for work,High,Yes,High,Medium,Medium,Medium,No,No,Yes,No,Medium,Very satisfied,No,31 to 40,From 5000 to 10000 S.R,Stayed
797,0,Female,21 to 30,Single,Bachelor's,From 5 to 10 years,From 5 to 10 years,Medical sector,Accounting,Accountant,Less than 5000 SAR,0,Yes,No,No,I don't have overtime,No,No,I did not receive any training,No,I do not travel for work,Low,No,Low,Medium,Medium,Medium,Sometimes,Sometimes,No,No,Low,Not satisfied,No,21 to 30,Less than 5000 SAR,Stayed
798,0,Male,21 to 30,Married,Bachelor's,Less than 5 years,Less than 5 years,Education sector,Teaching,Teacher,From 5000 to 10000 S.R,0,No,No,No,I don't have overtime,Yes,No,I did not receive any training,No,I do not travel for work,Medium,Yes,Low,Easy,Close,Easy,Sometimes,Sometimes,Yes,No,Medium,Very satisfied,No,21 to 30,From 5000 to 10000 S.R,Stayed
799,0,Female,21 to 30,Married,Master's,From 5 to 10 years,From 5 to 10 years,Education sector,Administration,Administrative manager,From 5000 to 10000 S.R,0,No,No,No,I don't have overtime,Yes,Yes,I did not receive any training,No,I do not travel for work,High,Yes,Medium,Medium,Medium,Easy,Sometimes,Sometimes,Yes,No,Medium,Very satisfied,No,21 to 30,From 5000 to 10000 S.R,Stayed
800,0,Female,31 to 40,Married,Master's,Less than 5 years,Less than 5 years,Medical sector,Customers service,Receptionist,From 5000 to 10000 S.R,0,Yes,No,No,I don't have overtime,No,No,I did not receive any training,No,I do not travel for work,Low,No,Low,Difficult,Medium,Difficult,Sometimes,Yes,No,No,Low,Not satisfied,No,31 to 40,From 5000 to 10000 S.R,Stayed
801,0,Female,31 to 40,Single,Master's,From 5 to 10 years,From 5 to 10 years,Education sector,Teaching,Teacher,From 5000 to 10000 S.R,0,No,No,No,I don't have overtime,Yes,Yes,I did not receive any training,Yes,I do not travel for work,High,Yes,High,Medium,Medium,Medium,Sometimes,Sometimes,Yes,No,Medium,Satisfied,No,31 to 40,From 5000 to 10000 S.R,Stayed
802,0,Female,31 to 40,Married,Bachelor's,From 5 to 10 years,From 5 to 10 years,Education sector,Teaching,Teacher,From 5000 to 10000 S.R,0,Yes,No,No,I don't have overtime,No,Yes,I did not receive any training,No,I do not travel for work,High,Yes,High,Medium,Medium,Medium,Sometimes,Sometimes,Yes,No,Medium,Very satisfied,No,31 to 40,From 5000 to 10000 S.R,Stayed
803,0,Female,21 to 30,Single,Bachelor's,Less than 5 years,Less than 5 years,Education sector,Teaching,Teacher,From 5000 to 10000 S.R,0,Yes,No,No,I don't have overtime,Yes,Yes,From 4 to 6 training programs,Yes,I do not travel for work,Medium,Yes,High,Medium,Close,Easy,Sometimes,Sometimes,Yes,No,High,Very satisfied,No,21 to 30,From 5000 to 10000 S.R,Stayed
804,0,Male,31 to 40,Married,Master's,From 5 to 10 years,From 5 to 10 years,Education sector,Teaching,Teacher,From 5000 to 10000 S.R,0,Yes,No,No,I don't have overtime,Yes,Yes,From 7 training programs to more,Yes,I do not travel for work,High,Yes,High,Medium,Medium,Medium,Sometimes,No,Yes,No,Medium,Satisfied,No,31 to 40,From 5000 to 10000 S.R,Stayed
805,0,Female,21 to 30,Single,Bachelor's,Less than 5 years,Less than 5 years,Education sector,Teaching,Teacher,From 5000 to 10000 S.R,0,Yes,No,No,I don't have overtime,Yes,Yes,I did not receive any training,No,I do not travel for work,High,Yes,High,Medium,Medium,Difficult,No,Sometimes,Yes,Yes,Medium,Very satisfied,Yes,21 to 30,From 5000 to 10000 S.R,Stayed
806,0,Male,31 to 40,Married,Master's,From 5 to 10 years,From 5 to 10 years,Medical sector,Patient Affairs,Doctor,From 5000 to 10000 S.R,4,Yes,Yes,Yes,Yes,Yes,Yes,From 7 training programs to more,Yes,I do not travel for work,High,Yes,High,Medium,Medium,Medium,No,No,Yes,No,Medium,Very satisfied,No,31 to 40,From 5000 to 10000 S.R,Stayed
807,0,Male,31 to 40,Married,Master's,From 5 to 10 years,From 5 to 10 years,Medical sector,Patient Affairs,Nurse,From 5000 to 10000 S.R,4,Yes,Yes,Yes,Yes,Yes,Yes,From 7 training programs to more,Yes,I do not travel for work,High,Yes,High,Medium,Far,Medium,Sometimes,Sometimes,Yes,Yes,Medium,Very satisfied,No,31 to 40,From 5000 to 10000 S.R,Stayed
808,0,Male,21 to 30,Married,Ph.D,From 16 to 20 years,From 16 to 20 years,Medical sector,Patient Affairs,Doctor,From 16000 to 20000 S.R,4,Yes,Yes,Yes,Yes,Yes,Yes,From 7 training programs to more,Yes,I do not travel for work,High,Yes,High,Easy,Close,Medium,No,Sometimes,Yes,No,High,Very satisfied,No,21 to 30,From 16000 to 20000 S.R,Stayed
809,0,Female,21 to 30,Single,Diploma or secondary,Less than 5 years,Less than 5 years,Medical sector,Customers service,Receptionist,Less than 5000 SAR,0,No,No,No,I don't have overtime,No,No,I did not receive any training,No,I do not travel for work,Medium,No,Medium,Difficult,Medium,Medium,Sometimes,Yes,No,No,Medium,Not satisfied,No,21 to 30,Less than 5000 SAR,Stayed
810,0,Male,31 to 40,Married,Master's,From 5 to 10 years,From 5 to 10 years,Medical sector,Patient Affairs,Nurse,From 5000 to 10000 S.R,3,Yes,Yes,Yes,Yes,Yes,Yes,From 4 to 6 training programs,Yes,I do not travel for work,High,Yes,Medium,Medium,Medium,Medium,No,No,Yes,No,Medium,Very satisfied,No,31 to 40,From 5000 to 10000 S.R,Stayed
811,0,Female,31 to 40,Married,Bachelor's,From 5 to 10 years,From 5 to 10 years,Medical sector,Sales,Sales representative,From 5000 to 10000 S.R,2,Yes,No,Yes,No,Yes,Yes,From 4 to 6 training programs,Yes,Travel rarely,Medium,No,High,Medium,Medium,Difficult,No,No,Yes,No,Medium,Satisfied,No,31 to 40,From 5000 to 10000 S.R,Stayed
812,0,Male,21 to 30,Married,Bachelor's,From 5 to 10 years,From 5 to 10 years,Education sector,Administration,Administrative manager,From 5000 to 10000 S.R,0,Yes,No,No,I don't have overtime,Yes,Yes,From 7 training programs to more,Yes,I do not travel for work,Medium,Yes,High,Easy,Close,Easy,Sometimes,Sometimes,Yes,No,High,Very satisfied,No,21 to 30,From 5000 to 10000 S.R,Stayed
813,0,Female,21 to 30,Single,Bachelor's,From 5 to 10 years,From 5 to 10 years,Education sector,Teaching,Teacher,From 5000 to 10000 S.R,0,Yes,No,No,I don't have overtime,Yes,Yes,From 7 training programs to more,Yes,I do not travel for work,High,Yes,Medium,Medium,Close,Easy,Sometimes,Sometimes,Yes,No,Low,Very satisfied,No,21 to 30,From 5000 to 10000 S.R,Stayed
814,0,Male,31 to 40,Married,Diploma or secondary,From 5 to 10 years,From 5 to 10 years,"Environment, Water, and Agriculture sector",Administration,Administrative manager,From 5000 to 10000 S.R,3,Yes,No,No,No,Yes,Yes,From 1 to 3 training programs,Yes,I do not travel for work,High,Yes,High,Medium,Close,Medium,Sometimes,Sometimes,Yes,No,High,Satisfied,No,31 to 40,From 5000 to 10000 S.R,Stayed
815,0,Female,21 to 30,Single,Diploma or secondary,Less than 5 years,Less than 5 years,Medical sector,Customers service,Receptionist,Less than 5000 SAR,0,Yes,No,No,I don't have overtime,Yes,Yes,I did not receive any training,Yes,I do not travel for work,High,Yes,Medium,Medium,Medium,Medium,Sometimes,Sometimes,Yes,No,Medium,Satisfied,No,21 to 30,Less than 5000 SAR,Stayed
816,0,Male,31 to 40,Divorced,Diploma or secondary,From 5 to 10 years,From 5 to 10 years,Communications and IT sector,Safety & Security,Security and safety specialist,Less than 5000 SAR,0,No,No,No,I don't have overtime,No,No,I did not receive any training,No,I do not travel for work,Low,Yes,Medium,Medium,Medium,Medium,Yes,Yes,No,No,Medium,Not satisfied,No,31 to 40,Less than 5000 SAR,Stayed
817,0,Female,21 to 30,Married,Bachelor's,From 11 to 15 years,From 11 to 15 years,Education sector,Teaching,Teacher,From 5000 to 10000 S.R,0,Yes,Yes,Yes,No,Yes,Yes,From 4 to 6 training programs,Yes,I do not travel for work,High,Yes,High,Medium,Medium,Medium,Sometimes,No,Yes,Yes,Medium,Satisfied,Yes,21 to 30,From 5000 to 10000 S.R,Stayed
818,0,Female,21 to 30,Married,Master's,From 5 to 10 years,From 5 to 10 years,Medical sector,Patient Affairs,Nurse,Less than 5000 SAR,3,No,No,No,I don't have overtime,Yes,No,From 7 training programs to more,Yes,I do not travel for work,High,Yes,High,Medium,Medium,Medium,No,No,No,No,Medium,Satisfied,No,21 to 30,Less than 5000 SAR,Stayed
819,0,Female,21 to 30,Single,Diploma or secondary,From 5 to 10 years,From 5 to 10 years,Education sector,Administration,Manger assistant,From 5000 to 10000 S.R,4,Yes,Yes,Yes,Yes,Yes,Yes,From 4 to 6 training programs,Yes,I do not travel for work,High,Yes,High,Medium,Medium,Medium,No,Sometimes,Yes,No,Medium,Very satisfied,No,21 to 30,From 5000 to 10000 S.R,Stayed
820,0,Male,31 to 40,Married,Bachelor's,From 11 to 15 years,From 11 to 15 years,Financial sector,Relations,Relations manager,From 11000 to 15000 S.R,4,Yes,Yes,No,I don't have overtime,Yes,Yes,I did not receive any training,Yes,I do not travel for work,High,Yes,High,Medium,Far,Medium,Sometimes,Yes,Yes,No,High,Very satisfied,Yes,31 to 40,From 11000 to 15000 S.R,Stayed
821,1,Male,21 to 30,Single,Bachelor's,Less than 5 years,Less than 5 years,Medical sector,Processes,Operations Supervisor,From 5000 to 10000 S.R,2,Yes,No,Yes,No,No,No,From 1 to 3 training programs,Yes,I do not travel for work,Medium,No,High,Medium,Far,Easy,Sometimes,Sometimes,No,No,Low,Not satisfied,Yes,21 to 30,From 5000 to 10000 S.R,Left
822,1,Male,41 to 50,Married,Bachelor's,From 21 to 25 years,Less than 5 years,Energy sector,Administration,Administrative manager,S.R 31000 - and more,2,Yes,Yes,Yes,Yes,Yes,Yes,From 4 to 6 training programs,Yes,Travel frequently,High,Yes,High,Easy,Close,Easy,No,No,No,No,High,Very satisfied,No,41 to 50,S.R 31000 - and more,Left
823,0,Male,31 to 40,Single,Bachelor's,From 5 to 10 years,From 5 to 10 years,Communications and IT sector,Customers service,IT specialist,From 11000 to 15000 S.R,4,Yes,Yes,Yes,Yes,Yes,Yes,From 7 training programs to more,Yes,Travel frequently,High,Yes,High,Easy,Medium,Medium,No,Sometimes,Yes,No,High,Very satisfied,No,31 to 40,From 11000 to 15000 S.R,Stayed
824,1,Male,31 to 40,Married,Bachelor's,From 11 to 15 years,From 5 to 10 years,Industry sector,Engineering,Project manager,From 21000 to 25000 S.R,4,Yes,Yes,Yes,Yes,No,No,From 4 to 6 training programs,Yes,Travel rarely,Low,No,Medium,Medium,Medium,Medium,Sometimes,Sometimes,No,No,Medium,Satisfied,Yes,31 to 40,From 21000 to 25000 S.R,Left
825,1,Male,41 to 50,Married,Bachelor's,From 21 to 25 years,From 11 to 15 years,Communications and IT sector,Customers service,Customer services representative,From 16000 to 20000 S.R,2,Yes,No,No,I don't have overtime,No,Yes,From 1 to 3 training programs,Yes,Travel rarely,Low,Yes,Medium,Medium,Close,Easy,Yes,Sometimes,No,No,Medium,Satisfied,No,41 to 50,From 16000 to 20000 S.R,Left
826,1,Male,31 to 40,Married,Bachelor's,From 5 to 10 years,Less than 5 years,Industry sector,Processes,Operation and Maintenance Manager (Acting),From 11000 to 15000 S.R,2,Yes,Yes,Yes,Yes,No,No,From 1 to 3 training programs,Yes,Travel frequently,Medium,Yes,High,Medium,Medium,Difficult,Yes,Yes,Yes,No,Medium,Very satisfied,Yes,31 to 40,From 11000 to 15000 S.R,Left
827,0,Male,21 to 30,Single,Bachelor's,Less than 5 years,Less than 5 years,Communications and IT sector,Processes,Project manager,From 11000 to 15000 S.R,4,Yes,Yes,Yes,Yes,Yes,No,From 1 to 3 training programs,No,Travel rarely,Medium,Yes,Medium,Medium,Medium,Medium,Yes,Yes,Yes,No,Medium,Not satisfied,No,21 to 30,From 11000 to 15000 S.R,Stayed
828,1,Male,21 to 30,Single,Bachelor's,From 5 to 10 years,From 5 to 10 years,Transport sector,Processes,Passenger services assistant,From 5000 to 10000 S.R,2,Yes,Yes,Yes,Yes,No,No,From 1 to 3 training programs,Yes,Travel frequently,Medium,Yes,High,Easy,Far,Difficult,Yes,Yes,No,No,Medium,Satisfied,Yes,21 to 30,From 5000 to 10000 S.R,Left
829,0,Female,21 to 30,Married,Bachelor's,Less than 5 years,Less than 5 years,Education sector,Teaching,Teacher,Less than 5000 SAR,0,No,No,No,I don't have overtime,No,No,I did not receive any training,No,I do not travel for work,Medium,Yes,High,Medium,Medium,Medium,Yes,Yes,No,No,High,Satisfied,Yes,21 to 30,Less than 5000 SAR,Stayed
830,0,Female,21 to 30,Married,Bachelor's,From 5 to 10 years,From 5 to 10 years,Education sector,Teaching,Teacher,Less than 5000 SAR,0,No,No,No,I don't have overtime,No,No,From 1 to 3 training programs,No,I do not travel for work,High,No,High,Easy,Medium,Difficult,Yes,Sometimes,No,No,Low,Not satisfied,Yes,21 to 30,Less than 5000 SAR,Stayed
831,0,Female,21 to 30,Single,Master's,Less than 5 years,Less than 5 years,Education sector,Teaching,Trainer,Less than 5000 SAR,0,Yes,Yes,No,I don't have overtime,No,No,From 1 to 3 training programs,Yes,I do not travel for work,Low,No,Low,Medium,Close,Medium,Sometimes,Sometimes,No,No,High,Not satisfied,No,21 to 30,Less than 5000 SAR,Stayed
833,0,Female,31 to 40,Married,Bachelor's,From 5 to 10 years,From 5 to 10 years,Financial sector,Administration,Administrative manager,From 11000 to 15000 S.R,4,Yes,Yes,Yes,Yes,Yes,Yes,From 1 to 3 training programs,Yes,Travel frequently,High,Yes,High,Difficult,Medium,Medium,Sometimes,Sometimes,Yes,No,Medium,Satisfied,No,31 to 40,From 11000 to 15000 S.R,Stayed
834,0,Female,41 to 50,Married,Master's,From 11 to 15 years,From 11 to 15 years,"Environment, Water, and Agriculture sector",Accounting,Accountant,From 5000 to 10000 S.R,3,Yes,Yes,Yes,No,Yes,Yes,From 1 to 3 training programs,Yes,Travel rarely,Medium,Yes,High,Medium,Medium,Medium,Sometimes,No,Yes,No,Medium,Satisfied,Yes,41 to 50,From 5000 to 10000 S.R,Stayed
835,0,Male,21 to 30,Married,Bachelor's,Less than 5 years,Less than 5 years,Medical sector,Customers service,Receptionist,From 5000 to 10000 S.R,0,No,No,No,I don't have overtime,No,No,I did not receive any training,No,I do not travel for work,Low,No,Low,Easy,Medium,Medium,Sometimes,Yes,No,No,Low,Not satisfied,Yes,21 to 30,From 5000 to 10000 S.R,Stayed
836,0,Female,21 to 30,Married,Bachelor's,From 5 to 10 years,From 5 to 10 years,Energy sector,Administration,Secretariat,From 5000 to 10000 S.R,2,Yes,Yes,No,I don't have overtime,Yes,Yes,From 4 to 6 training programs,No,Travel rarely,Medium,Yes,Medium,Medium,Medium,Medium,Sometimes,Sometimes,No,No,Low,Satisfied,No,21 to 30,From 5000 to 10000 S.R,Stayed
837,1,Male,21 to 30,Divorced,Bachelor's,Less than 5 years,Less than 5 years,Medical sector,Customers service,Receptionist,Less than 5000 SAR,1,No,No,No,I don't have overtime,No,No,I did not receive any training,No,I do not travel for work,Medium,No,Low,Easy,Close,Easy,Sometimes,Sometimes,No,No,Medium,Satisfied,No,21 to 30,Less than 5000 SAR,Left
838,0,Female,21 to 30,Single,Diploma or secondary,Less than 5 years,Less than 5 years,"Environment, Water, and Agriculture sector",Accounting,Accountant,From 5000 to 10000 S.R,0,No,No,No,I don't have overtime,No,No,I did not receive any training,No,I do not travel for work,Low,No,Low,Easy,Close,Easy,Sometimes,Sometimes,No,No,Low,Satisfied,No,21 to 30,From 5000 to 10000 S.R,Stayed
839,0,Female,41 to 50,Married,Master's,Less than 5 years,Less than 5 years,Education sector,Administration,Administrative manager,From 11000 to 15000 S.R,0,Yes,No,No,I don't have overtime,Yes,Yes,From 7 training programs to more,Yes,I do not travel for work,High,Yes,High,Easy,Medium,Medium,No,No,Yes,Yes,Medium,Very satisfied,Yes,41 to 50,From 11000 to 15000 S.R,Stayed
840,0,Female,31 to 40,Married,Bachelor's,Less than 5 years,Less than 5 years,Medical sector,HR,Coordinator,From 5000 to 10000 S.R,0,No,No,No,I don't have overtime,No,No,From 7 training programs to more,No,I do not travel for work,Low,No,Low,Medium,Medium,Medium,No,No,Yes,No,Medium,Satisfied,Yes,31 to 40,From 5000 to 10000 S.R,Stayed
841,0,Female,21 to 30,Single,Diploma or secondary,Less than 5 years,Less than 5 years,Education sector,Administration,Manger assistant,Less than 5000 SAR,0,No,No,No,I don't have overtime,No,No,I did not receive any training,No,I do not travel for work,Low,No,Low,Medium,Medium,Medium,No,No,No,No,Low,Not satisfied,No,21 to 30,Less than 5000 SAR,Stayed
842,0,Female,21 to 30,Married,Diploma or secondary,Less than 5 years,Less than 5 years,Communications and IT sector,Customers service,Customer services representative,Less than 5000 SAR,0,No,No,No,I don't have overtime,No,No,From 7 training programs to more,No,I do not travel for work,Low,Yes,Medium,Medium,Close,Easy,No,No,No,No,Medium,Not satisfied,No,21 to 30,Less than 5000 SAR,Stayed
843,0,Female,21 to 30,Single,Diploma or secondary,Less than 5 years,Less than 5 years,Medical sector,Processes,Operations Supervisor,Less than 5000 SAR,0,No,No,No,I don't have overtime,No,No,I did not receive any training,No,I do not travel for work,Low,No,Low,Easy,Close,Medium,Sometimes,Sometimes,No,Yes,Low,Not satisfied,No,21 to 30,Less than 5000 SAR,Stayed
844,0,Female,31 to 40,Married,Bachelor's,From 5 to 10 years,From 5 to 10 years,Education sector,Teaching,Teacher,From 5000 to 10000 S.R,0,No,No,No,I don't have overtime,Yes,No,From 7 training programs to more,Yes,I do not travel for work,High,Yes,High,Medium,Medium,Medium,Sometimes,Sometimes,Yes,No,Medium,Satisfied,No,31 to 40,From 5000 to 10000 S.R,Stayed
845,0,Female,31 to 40,Married,Master's,From 5 to 10 years,From 5 to 10 years,Transport sector,Administration,Administrative manager,From 11000 to 15000 S.R,0,No,No,No,I don't have overtime,Yes,Yes,From 7 training programs to more,Yes,I do not travel for work,Medium,Yes,Medium,Medium,Medium,Medium,Sometimes,Sometimes,Yes,No,Low,Satisfied,No,31 to 40,From 11000 to 15000 S.R,Stayed
846,1,Female,31 to 40,Married,Bachelor's,From 11 to 15 years,Less than 5 years,Education sector,Teaching,Teacher,From 5000 to 10000 S.R,0,No,No,No,I don't have overtime,No,No,From 7 training programs to more,Yes,I do not travel for work,Medium,Yes,Low,Medium,Medium,Medium,Sometimes,Sometimes,Yes,No,Medium,Satisfied,No,31 to 40,From 5000 to 10000 S.R,Left
847,0,Female,21 to 30,Married,Bachelor's,Less than 5 years,Less than 5 years,Education sector,Teaching,Teacher,From 5000 to 10000 S.R,0,No,No,No,I don't have overtime,Yes,Yes,From 7 training programs to more,Yes,I do not travel for work,Low,No,Low,Medium,Close,Easy,No,No,No,Yes,Medium,Not satisfied,No,21 to 30,From 5000 to 10000 S.R,Stayed
848,0,Male,31 to 40,Married,Bachelor's,From 5 to 10 years,From 5 to 10 years,Education sector,Teaching,Teacher,From 5000 to 10000 S.R,0,Yes,No,Yes,Yes,Yes,Yes,From 7 training programs to more,Yes,I do not travel for work,High,Yes,High,Medium,Medium,Medium,No,Sometimes,Yes,Yes,High,Very satisfied,Yes,31 to 40,From 5000 to 10000 S.R,Stayed
849,0,Female,21 to 30,Single,Bachelor's,Less than 5 years,Less than 5 years,Education sector,Teaching,Teacher,Less than 5000 SAR,0,Yes,Yes,No,I don't have overtime,No,Yes,I did not receive any training,No,I do not travel for work,Low,No,Medium,Difficult,Medium,Difficult,Yes,Yes,No,No,Low,Not satisfied,No,21 to 30,Less than 5000 SAR,Stayed
850,0,Male,21 to 30,Single,Bachelor's,Less than 5 years,Less than 5 years,Education sector,Teaching,Teacher,From 5000 to 10000 S.R,2,Yes,Yes,Yes,Yes,Yes,Yes,From 7 training programs to more,Yes,I do not travel for work,High,Yes,High,Medium,Medium,Medium,Sometimes,Sometimes,Yes,No,High,Very satisfied,No,21 to 30,From 5000 to 10000 S.R,Stayed
851,0,Female,41 to 50,Married,Bachelor's,From 5 to 10 years,From 5 to 10 years,Medical sector,Patient Affairs,Nurse,From 5000 to 10000 S.R,3,Yes,Yes,Yes,Yes,Yes,Yes,From 7 training programs to more,Yes,I do not travel for work,High,Yes,High,Easy,Medium,Easy,Sometimes,No,Yes,Yes,High,Very satisfied,Yes,41 to 50,From 5000 to 10000 S.R,Stayed
852,0,Male,31 to 40,Married,Master's,Less than 5 years,Less than 5 years,Medical sector,Patient Affairs,Nurse,From 5000 to 10000 S.R,4,Yes,Yes,Yes,Yes,Yes,Yes,From 7 training programs to more,Yes,Travel rarely,High,Yes,High,Difficult,Medium,Medium,Sometimes,Sometimes,Yes,Yes,High,Very satisfied,Yes,31 to 40,From 5000 to 10000 S.R,Stayed
853,0,Male,31 to 40,Married,Master's,From 5 to 10 years,From 5 to 10 years,Education sector,Teaching,Teacher,From 5000 to 10000 S.R,4,Yes,Yes,Yes,Yes,Yes,Yes,From 7 training programs to more,Yes,I do not travel for work,High,Yes,High,Medium,Medium,Medium,No,No,Yes,No,Medium,Very satisfied,Yes,31 to 40,From 5000 to 10000 S.R,Stayed
854,0,Male,31 to 40,Married,Master's,From 5 to 10 years,From 5 to 10 years,Education sector,Teaching,Teacher,From 5000 to 10000 S.R,2,Yes,Yes,Yes,Yes,Yes,Yes,From 7 training programs to more,Yes,I do not travel for work,High,Yes,High,Medium,Medium,Medium,No,Sometimes,Yes,No,Medium,Very satisfied,No,31 to 40,From 5000 to 10000 S.R,Stayed
855,0,Female,31 to 40,Married,Bachelor's,From 5 to 10 years,From 5 to 10 years,Education sector,Administration,Administrative manager,From 11000 to 15000 S.R,4,Yes,Yes,Yes,Yes,Yes,Yes,From 7 training programs to more,Yes,I do not travel for work,High,Yes,High,Medium,Medium,Medium,Sometimes,Sometimes,Yes,No,High,Very satisfied,No,31 to 40,From 11000 to 15000 S.R,Stayed
856,0,Female,31 to 40,Married,Master's,From 5 to 10 years,From 5 to 10 years,Education sector,Administration,Administrative manager,From 11000 to 15000 S.R,3,Yes,Yes,No,I don't have overtime,Yes,Yes,From 7 training programs to more,Yes,I do not travel for work,High,Yes,Medium,Medium,Medium,Medium,No,No,No,No,Medium,Satisfied,Yes,31 to 40,From 11000 to 15000 S.R,Stayed
857,0,Female,31 to 40,Married,Bachelor's,From 5 to 10 years,From 5 to 10 years,Medical sector,Customers service,Receptionist,From 5000 to 10000 S.R,1,No,No,No,I don't have overtime,No,No,From 7 training programs to more,No,I do not travel for work,Low,No,Low,Medium,Far,Medium,Sometimes,Yes,No,No,Medium,Not satisfied,Yes,31 to 40,From 5000 to 10000 S.R,Stayed
858,0,Female,21 to 30,Divorced,Master's,From 5 to 10 years,From 5 to 10 years,Medical sector,Administration,Administrative manager,From 11000 to 15000 S.R,3,Yes,Yes,Yes,Yes,Yes,Yes,From 7 training programs to more,Yes,I do not travel for work,High,Yes,High,Medium,Medium,Medium,Sometimes,Yes,No,Yes,Medium,Very satisfied,Yes,21 to 30,From 11000 to 15000 S.R,Stayed
859,0,Female,21 to 30,Married,Bachelor's,Less than 5 years,Less than 5 years,Education sector,Teaching,Teacher,From 5000 to 10000 S.R,0,No,No,No,I don't have overtime,Yes,Yes,From 7 training programs to more,Yes,I do not travel for work,Medium,Yes,High,Medium,Far,Difficult,Yes,Yes,Yes,No,High,Satisfied,Yes,21 to 30,From 5000 to 10000 S.R,Stayed
860,0,Female,31 to 40,Married,Master's,From 5 to 10 years,From 5 to 10 years,Education sector,Teaching,Teacher,From 5000 to 10000 S.R,0,No,No,No,I don't have overtime,Yes,No,From 1 to 3 training programs,Yes,I do not travel for work,Low,Yes,Medium,Medium,Medium,Medium,Sometimes,Sometimes,Yes,No,Medium,Satisfied,No,31 to 40,From 5000 to 10000 S.R,Stayed
861,0,Female,31 to 40,Married,Bachelor's,From 5 to 10 years,From 5 to 10 years,Education sector,Teaching,Teacher,From 5000 to 10000 S.R,0,No,No,No,I don't have overtime,No,Yes,From 7 training programs to more,Yes,I do not travel for work,Low,Yes,High,Medium,Medium,Medium,No,No,No,No,Medium,Satisfied,No,31 to 40,From 5000 to 10000 S.R,Stayed
862,0,Female,31 to 40,Married,Bachelor's,Less than 5 years,Less than 5 years,Education sector,Teaching,Teacher,From 5000 to 10000 S.R,0,No,No,No,I don't have overtime,No,No,I did not receive any training,No,I do not travel for work,Low,Yes,Low,Medium,Medium,Medium,No,No,No,No,Medium,Very satisfied,Yes,31 to 40,From 5000 to 10000 S.R,Stayed
863,0,Female,31 to 40,Married,Bachelor's,From 5 to 10 years,From 5 to 10 years,Medical sector,Relations,Coordinator,From 5000 to 10000 S.R,0,No,No,No,I don't have overtime,No,No,From 4 to 6 training programs,No,I do not travel for work,Low,Yes,High,Difficult,Medium,Medium,Sometimes,Sometimes,No,No,Medium,Satisfied,No,31 to 40,From 5000 to 10000 S.R,Stayed
864,0,Female,31 to 40,Married,Master's,Less than 5 years,Less than 5 years,Medical sector,Administration,Administrative manager,From 11000 to 15000 S.R,0,No,No,No,No,Yes,Yes,From 7 training programs to more,No,I do not travel for work,Low,No,Medium,Medium,Close,Medium,No,Sometimes,Yes,Yes,Medium,Satisfied,No,31 to 40,From 11000 to 15000 S.R,Stayed
865,0,Female,21 to 30,Single,Bachelor's,Less than 5 years,Less than 5 years,Education sector,Teaching,Teacher,From 5000 to 10000 S.R,0,No,No,No,I don't have overtime,No,No,From 7 training programs to more,No,I do not travel for work,Low,Yes,Medium,Medium,Medium,Medium,No,No,No,No,Medium,Very satisfied,No,21 to 30,From 5000 to 10000 S.R,Stayed
867,0,Female,21 to 30,Single,Diploma or secondary,From 5 to 10 years,From 5 to 10 years,Education sector,Administration,Manger assistant,From 5000 to 10000 S.R,0,Yes,No,No,I don't have overtime,Yes,Yes,From 7 training programs to more,Yes,I do not travel for work,High,Yes,High,Medium,Medium,Medium,No,Sometimes,Yes,Yes,High,Very satisfied,Yes,21 to 30,From 5000 to 10000 S.R,Stayed
868,0,Male,21 to 30,Single,Bachelor's,Less than 5 years,Less than 5 years,Medical sector,Patient Affairs,Nurse,Less than 5000 SAR,0,Yes,Yes,No,Yes,Yes,Yes,From 4 to 6 training programs,Yes,I do not travel for work,High,Yes,High,Medium,Medium,Medium,Yes,No,Yes,Yes,High,Very satisfied,No,21 to 30,Less than 5000 SAR,Stayed
869,0,Female,31 to 40,Married,Bachelor's,From 5 to 10 years,From 5 to 10 years,Education sector,Administration,Administrative manager,From 11000 to 15000 S.R,0,Yes,No,No,No,Yes,Yes,From 7 training programs to more,Yes,I do not travel for work,High,Yes,High,Medium,Medium,Medium,No,No,Yes,No,High,Very satisfied,No,31 to 40,From 11000 to 15000 S.R,Stayed
870,0,Male,31 to 40,Married,Bachelor's,From 5 to 10 years,From 5 to 10 years,Education sector,Administration,Administrative manager,From 5000 to 10000 S.R,0,Yes,No,Yes,Yes,Yes,Yes,I did not receive any training,Yes,I do not travel for work,High,Yes,Medium,Medium,Far,Difficult,No,Sometimes,Yes,No,Medium,Satisfied,No,31 to 40,From 5000 to 10000 S.R,Stayed
871,0,Male,31 to 40,Married,Bachelor's,From 5 to 10 years,From 5 to 10 years,Medical sector,Patient Affairs,Nurse,From 5000 to 10000 S.R,3,Yes,Yes,Yes,Yes,Yes,Yes,From 4 to 6 training programs,Yes,Travel rarely,High,Yes,High,Easy,Far,Medium,Yes,No,Yes,Yes,High,Satisfied,Yes,31 to 40,From 5000 to 10000 S.R,Stayed
872,0,Male,21 to 30,Single,Diploma or secondary,Less than 5 years,Less than 5 years,Medical sector,Customers service,Receptionist,From 5000 to 10000 S.R,0,Yes,No,Yes,Yes,Yes,Yes,From 4 to 6 training programs,Yes,I do not travel for work,High,Yes,High,Medium,Medium,Medium,No,No,Yes,No,Medium,Satisfied,No,21 to 30,From 5000 to 10000 S.R,Stayed
873,0,Female,21 to 30,Single,Diploma or secondary,Less than 5 years,Less than 5 years,Medical sector,Customers service,Receptionist,From 5000 to 10000 S.R,0,Yes,Yes,No,No,Yes,Yes,From 7 training programs to more,Yes,I do not travel for work,High,No,Medium,Medium,Medium,Medium,No,No,No,No,Medium,Satisfied,No,21 to 30,From 5000 to 10000 S.R,Stayed
874,0,Female,31 to 40,Married,Bachelor's,From 5 to 10 years,From 5 to 10 years,Education sector,Technical support,IT specialist,From 5000 to 10000 S.R,0,Yes,No,Yes,Yes,Yes,Yes,From 7 training programs to more,Yes,I do not travel for work,High,Yes,High,Easy,Medium,Medium,Sometimes,Sometimes,Yes,No,Medium,Satisfied,Yes,31 to 40,From 5000 to 10000 S.R,Stayed
875,0,Female,41 to 50,Married,Master's,From 5 to 10 years,From 5 to 10 years,Medical sector,Patient Affairs,Nurse,From 5000 to 10000 S.R,3,Yes,Yes,Yes,Yes,Yes,Yes,From 7 training programs to more,Yes,I do not travel for work,High,Yes,High,Medium,Medium,Medium,Sometimes,Sometimes,Yes,No,Medium,Satisfied,Yes,41 to 50,From 5000 to 10000 S.R,Stayed
876,0,Female,31 to 40,Married,Bachelor's,Less than 5 years,Less than 5 years,Medical sector,Customers service,Nurse,Less than 5000 SAR,3,Yes,Yes,Yes,Yes,Yes,Yes,From 4 to 6 training programs,Yes,I do not travel for work,High,Yes,Medium,Medium,Medium,Medium,Yes,No,Yes,Yes,High,Satisfied,Yes,31 to 40,Less than 5000 SAR,Stayed
877,0,Female,21 to 30,Married,Bachelor's,From 5 to 10 years,From 5 to 10 years,Education sector,Teaching,Teacher,From 5000 to 10000 S.R,0,Yes,Yes,Yes,Yes,Yes,Yes,From 7 training programs to more,Yes,Travel rarely,High,Yes,Medium,Medium,Medium,Medium,No,No,Yes,No,Medium,Satisfied,No,21 to 30,From 5000 to 10000 S.R,Stayed
878,0,Female,31 to 40,Married,Bachelor's,Less than 5 years,Less than 5 years,Education sector,Administration,Manger assistant,From 5000 to 10000 S.R,0,No,No,No,I don't have overtime,No,No,I did not receive any training,No,I do not travel for work,Low,No,Low,Difficult,Far,Medium,Yes,Yes,No,No,Low,Not satisfied,No,31 to 40,From 5000 to 10000 S.R,Stayed
879,1,Female,31 to 40,Married,Bachelor's,Less than 5 years,Less than 5 years,Medical sector,Administration,Administrative manager,From 11000 to 15000 S.R,3,Yes,Yes,Yes,Yes,Yes,Yes,From 7 training programs to more,Yes,Travel frequently,Medium,No,Medium,Difficult,Medium,Difficult,Yes,Yes,No,Yes,Medium,Not satisfied,No,31 to 40,From 11000 to 15000 S.R,Left
880,1,Female,21 to 30,Single,Diploma or secondary,Less than 5 years,Less than 5 years,Education sector,Administration,Manger assistant,Less than 5000 SAR,0,No,No,Yes,No,No,No,I did not receive any training,No,I do not travel for work,Medium,No,Medium,Difficult,Far,Difficult,Yes,Yes,No,No,Low,Not satisfied,No,21 to 30,Less than 5000 SAR,Left
881,0,Female,31 to 40,Married,Bachelor's,From 5 to 10 years,From 5 to 10 years,Education sector,Teaching,Teacher,From 5000 to 10000 S.R,0,No,No,No,I don't have overtime,No,No,I did not receive any training,No,I do not travel for work,Low,No,Low,Difficult,Close,Medium,Sometimes,Yes,No,No,Low,Not satisfied,No,31 to 40,From 5000 to 10000 S.R,Stayed
882,1,Female,31 to 40,Married,Bachelor's,Less than 5 years,Less than 5 years,Education sector,Teaching,Teacher,Less than 5000 SAR,0,Yes,Yes,Yes,Yes,Yes,Yes,I did not receive any training,No,I do not travel for work,Medium,Yes,Medium,Medium,Medium,Medium,Sometimes,Sometimes,No,Yes,Medium,Not satisfied,No,31 to 40,Less than 5000 SAR,Left
883,0,Male,21 to 30,Single,Bachelor's,Less than 5 years,Less than 5 years,Education sector,Teaching,Teacher,Less than 5000 SAR,0,Yes,Yes,Yes,Yes,Yes,Yes,From 7 training programs to more,Yes,I do not travel for work,High,Yes,High,Medium,Medium,Medium,No,No,Yes,Yes,High,Very satisfied,Yes,21 to 30,Less than 5000 SAR,Stayed
884,0,Male,31 to 40,Married,Master's,From 5 to 10 years,From 5 to 10 years,Medical sector,Patient Affairs,Nurse,From 5000 to 10000 S.R,4,Yes,Yes,Yes,Yes,Yes,Yes,From 7 training programs to more,Yes,I do not travel for work,High,Yes,High,Medium,Medium,Medium,No,No,Yes,No,High,Very satisfied,No,31 to 40,From 5000 to 10000 S.R,Stayed
885,0,Female,41 to 50,Married,Bachelor's,From 11 to 15 years,From 11 to 15 years,Education sector,Administration,Administrative manager,From 11000 to 15000 S.R,2,Yes,Yes,Yes,Yes,Yes,Yes,From 7 training programs to more,Yes,Travel rarely,High,Yes,High,Medium,Medium,Medium,No,No,Yes,No,Medium,Satisfied,Yes,41 to 50,From 11000 to 15000 S.R,Stayed
886,0,Male,31 to 40,Married,Bachelor's,From 5 to 10 years,From 5 to 10 years,Education sector,Teaching,Teacher,From 5000 to 10000 S.R,4,Yes,Yes,Yes,No,Yes,Yes,From 7 training programs to more,Yes,Travel rarely,High,Yes,High,Medium,Medium,Medium,No,No,Yes,Yes,Medium,Satisfied,Yes,31 to 40,From 5000 to 10000 S.R,Stayed
887,0,Female,21 to 30,Single,Bachelor's,Less than 5 years,Less than 5 years,Education sector,Teaching,Teacher,From 5000 to 10000 S.R,4,Yes,Yes,Yes,Yes,Yes,Yes,From 7 training programs to more,Yes,I do not travel for work,High,Yes,Medium,Medium,Medium,Medium,No,No,Yes,Yes,High,Very satisfied,Yes,21 to 30,From 5000 to 10000 S.R,Stayed
888,0,Male,21 to 30,Single,Bachelor's,Less than 5 years,Less than 5 years,Financial sector,Customers service,Receptionist,From 5000 to 10000 S.R,0,Yes,No,No,I don't have overtime,Yes,No,I did not receive any training,No,I do not travel for work,Medium,Yes,Medium,Medium,Close,Medium,Sometimes,No,Yes,No,High,Satisfied,No,21 to 30,From 5000 to 10000 S.R,Stayed
889,1,Male,31 to 40,Married,Bachelor's,From 5 to 10 years,From 5 to 10 years,Medical sector,Patient Affairs,Nurse,Less than 5000 SAR,0,Yes,Yes,Yes,Yes,No,No,I did not receive any training,No,I do not travel for work,Medium,No,Medium,Medium,Medium,Medium,No,Yes,No,No,Medium,Not satisfied,No,31 to 40,Less than 5000 SAR,Left
890,0,Female,21 to 30,Single,Bachelor's,Less than 5 years,Less than 5 years,Engineering consulting companies,Customers service,Customer services representative,Less than 5000 SAR,0,No,Yes,No,I don't have overtime,No,No,I did not receive any training,No,I do not travel for work,Medium,Yes,Medium,Medium,Medium,Medium,Sometimes,Yes,Yes,No,High,Satisfied,Yes,21 to 30,Less than 5000 SAR,Stayed
891,1,Female,21 to 30,Single,Bachelor's,Less than 5 years,Less than 5 years,Food production sector,Customers service,Customer services representative,Less than 5000 SAR,0,Yes,No,Yes,No,No,No,From 1 to 3 training programs,Yes,I do not travel for work,Medium,No,Medium,Medium,Medium,Difficult,Yes,Yes,No,No,Medium,Not satisfied,Yes,21 to 30,Less than 5000 SAR,Left
892,1,Male,21 to 30,Single,Diploma or secondary,Less than 5 years,Less than 5 years,Media sector,Sales,Salesman,Less than 5000 SAR,0,Yes,Yes,Yes,Yes,Yes,Yes,From 1 to 3 training programs,Yes,Travel frequently,High,No,Medium,Medium,Medium,Difficult,Yes,Yes,Yes,Yes,High,Very satisfied,Yes,21 to 30,Less than 5000 SAR,Left
893,1,Male,21 to 30,Single,Diploma or secondary,Less than 5 years,Less than 5 years,Transport sector,Customers service,Receptionist,Less than 5000 SAR,1,Yes,No,Yes,No,No,No,I did not receive any training,No,I do not travel for work,Medium,Yes,High,Easy,Medium,Medium,Sometimes,No,No,No,Medium,Very satisfied,No,21 to 30,Less than 5000 SAR,Left
894,1,Female,21 to 30,Married,Diploma or secondary,From 5 to 10 years,Less than 5 years,Economic sector,Sales,After sales service manager,From 5000 to 10000 S.R,1,Yes,Yes,Yes,No,Yes,No,From 1 to 3 training programs,Yes,I do not travel for work,High,Yes,High,Medium,Medium,Easy,Sometimes,Yes,No,Yes,High,Satisfied,Yes,21 to 30,From 5000 to 10000 S.R,Left
895,0,Female,21 to 30,Single,Bachelor's,Less than 5 years,Less than 5 years,Economic sector,Sales,Sales representative,Less than 5000 SAR,0,Yes,Yes,Yes,Yes,No,No,From 1 to 3 training programs,Yes,I do not travel for work,Low,No,Low,Easy,Close,Difficult,Yes,Yes,No,Yes,Low,Not satisfied,No,21 to 30,Less than 5000 SAR,Stayed
896,1,Female,21 to 30,Single,Bachelor's,From 5 to 10 years,Less than 5 years,Media sector,Relations,Relations manager,From 5000 to 10000 S.R,3,Yes,Yes,Yes,Yes,Yes,No,I did not receive any training,No,Travel frequently,Medium,No,Medium,Medium,Medium,Medium,Yes,Yes,No,No,Medium,Satisfied,Yes,21 to 30,From 5000 to 10000 S.R,Left
897,1,Male,21 to 30,Married,Bachelor's,From 5 to 10 years,Less than 5 years,Financial sector,Safety & Security,Security and safety specialist,Less than 5000 SAR,2,Yes,No,No,No,No,No,From 4 to 6 training programs,No,I do not travel for work,Medium,No,Medium,Difficult,Medium,Medium,No,No,Yes,No,Medium,Satisfied,Yes,21 to 30,Less than 5000 SAR,Left
898,1,Male,31 to 40,Divorced,Master's,Less than 5 years,Less than 5 years,Medical sector,Processes,Administrative manager,From 5000 to 10000 S.R,2,Yes,No,Yes,No,No,No,From 1 to 3 training programs,No,I do not travel for work,Medium,No,Medium,Medium,Medium,Medium,Yes,Yes,Yes,Yes,Medium,Satisfied,Yes,31 to 40,From 5000 to 10000 S.R,Left
899,1,Female,21 to 30,Single,Diploma or secondary,Less than 5 years,Less than 5 years,Communications and IT sector,Customers service,Customer services representative,Less than 5000 SAR,0,No,Yes,Yes,No,Yes,Yes,From 4 to 6 training programs,Yes,I do not travel for work,High,Yes,Medium,Medium,Medium,Difficult,Yes,Sometimes,Yes,No,High,Very satisfied,Yes,21 to 30,Less than 5000 SAR,Left
900,1,Male,21 to 30,Single,Diploma or secondary,Less than 5 years,Less than 5 years,Energy sector,Customers service,Customer services representative,From 5000 to 10000 S.R,3,Yes,No,Yes,Yes,Yes,Yes,From 1 to 3 training programs,Yes,I do not travel for work,Low,No,Low,Difficult,Medium,Medium,Yes,Yes,Yes,Yes,Medium,Not satisfied,Yes,21 to 30,From 5000 to 10000 S.R,Left
901,0,Female,31 to 40,Married,Diploma or secondary,From 5 to 10 years,From 5 to 10 years,Economic sector,Sales,Sales representative,Less than 5000 SAR,2,Yes,No,No,No,No,No,I did not receive any training,No,I do not travel for work,Low,No,High,Easy,Far,Medium,No,Yes,No,Yes,Low,Not satisfied,No,31 to 40,Less than 5000 SAR,Stayed
902,1,Female,31 to 40,Single,Bachelor's,From 5 to 10 years,Less than 5 years,Food production sector,Sales,Sales executive,Less than 5000 SAR,3,Yes,Yes,Yes,Yes,No,No,From 1 to 3 training programs,Yes,I do not travel for work,High,Yes,High,Easy,Close,Easy,Sometimes,No,No,No,Low,Not satisfied,Yes,31 to 40,Less than 5000 SAR,Left
903,0,Female,31 to 40,Single,Bachelor's,Less than 5 years,Less than 5 years,Food production sector,Sales,Salesman,Less than 5000 SAR,2,Yes,Yes,No,I don't have overtime,No,No,From 4 to 6 training programs,Yes,I do not travel for work,Low,Yes,High,Easy,Medium,Difficult,Yes,Yes,No,No,Medium,Satisfied,Yes,31 to 40,Less than 5000 SAR,Stayed
904,0,Female,21 to 30,Single,Diploma or secondary,Less than 5 years,Less than 5 years,Food production sector,Sales,Salesman,Less than 5000 SAR,2,Yes,Yes,Yes,Yes,Yes,No,From 4 to 6 training programs,Yes,I do not travel for work,Medium,Yes,Medium,Medium,Close,Medium,Yes,Sometimes,Yes,No,Medium,Satisfied,No,21 to 30,Less than 5000 SAR,Stayed
905,0,Female,21 to 30,Single,Bachelor's,Less than 5 years,Less than 5 years,Education sector,Administration,Manger assistant,From 5000 to 10000 S.R,1,No,Yes,Yes,Yes,Yes,Yes,From 1 to 3 training programs,Yes,Travel rarely,High,Yes,High,Easy,Medium,Medium,Sometimes,No,Yes,No,High,Very satisfied,No,21 to 30,From 5000 to 10000 S.R,Stayed
906,0,Female,21 to 30,Single,Diploma or secondary,Less than 5 years,Less than 5 years,Economic sector,Sales,Sales representative,Less than 5000 SAR,1,Yes,Yes,Yes,Yes,No,No,I did not receive any training,Yes,I do not travel for work,Low,No,Low,Medium,Far,Medium,Yes,Yes,No,No,Low,Not satisfied,No,21 to 30,Less than 5000 SAR,Stayed
907,0,Female,21 to 30,Single,Diploma or secondary,Less than 5 years,Less than 5 years,Financial sector,Accounting,Financial Analyst,Less than 5000 SAR,0,Yes,Yes,Yes,Yes,No,No,From 1 to 3 training programs,Yes,Travel rarely,Medium,Yes,Medium,Easy,Medium,Easy,Sometimes,Sometimes,No,No,Medium,Satisfied,Yes,21 to 30,Less than 5000 SAR,Stayed
908,0,Female,31 to 40,Divorced,Diploma or secondary,From 5 to 10 years,From 5 to 10 years,Food production sector,Sales,Salesman,Less than 5000 SAR,1,Yes,Yes,Yes,Yes,No,No,From 1 to 3 training programs,No,I do not travel for work,Medium,No,Medium,Medium,Medium,Medium,Yes,Yes,No,No,Medium,Not satisfied,No,31 to 40,Less than 5000 SAR,Stayed
909,1,Female,21 to 30,Single,Diploma or secondary,Less than 5 years,Less than 5 years,Food production sector,Sales,Sales representative,Less than 5000 SAR,0,Yes,No,No,No,No,No,From 1 to 3 training programs,Yes,I do not travel for work,Medium,No,Medium,Medium,Medium,Medium,Yes,Sometimes,No,No,Medium,Not satisfied,No,21 to 30,Less than 5000 SAR,Left
910,1,Female,31 to 40,Single,Diploma or secondary,Less than 5 years,Less than 5 years,Economic sector,Accounting,Accountant,Less than 5000 SAR,0,No,No,Yes,Yes,No,No,I did not receive any training,No,I do not travel for work,Low,No,Medium,Medium,Medium,Medium,Yes,Yes,No,No,Medium,Not satisfied,No,31 to 40,Less than 5000 SAR,Left
911,0,Female,21 to 30,Single,Diploma or secondary,From 5 to 10 years,From 5 to 10 years,Food production sector,Sales,Sales representative,Less than 5000 SAR,2,Yes,Yes,Yes,Yes,No,Yes,From 4 to 6 training programs,Yes,I do not travel for work,Medium,Yes,Medium,Medium,Medium,Medium,Yes,Yes,No,No,Low,Satisfied,Yes,21 to 30,Less than 5000 SAR,Stayed
912,0,Male,21 to 30,Single,Diploma or secondary,Less than 5 years,Less than 5 years,Education sector,Training,Trainer,From 5000 to 10000 S.R,3,Yes,Yes,No,No,Yes,No,From 4 to 6 training programs,Yes,Travel rarely,Medium,Yes,High,Medium,Far,Easy,Yes,No,Yes,No,High,Very satisfied,Yes,21 to 30,From 5000 to 10000 S.R,Stayed
913,1,Female,21 to 30,Single,Diploma or secondary,From 5 to 10 years,From 5 to 10 years,Food production sector,Sales,Sales executive,From 5000 to 10000 S.R,3,Yes,Yes,Yes,Yes,Yes,Yes,From 1 to 3 training programs,Yes,Travel rarely,Medium,Yes,Medium,Medium,Medium,Medium,Yes,Yes,Yes,No,Medium,Very satisfied,Yes,21 to 30,From 5000 to 10000 S.R,Left
914,1,Female,21 to 30,Single,Bachelor's,Less than 5 years,Less than 5 years,Food production sector,Sales,Sales representative,Less than 5000 SAR,0,Yes,Yes,No,I don't have overtime,Yes,No,I did not receive any training,No,I do not travel for work,Medium,Yes,Medium,Medium,Medium,Medium,Sometimes,Sometimes,No,No,Medium,Satisfied,Yes,21 to 30,Less than 5000 SAR,Left
915,0,Female,31 to 40,Married,Diploma or secondary,Less than 5 years,Less than 5 years,Food production sector,Sales,Administrative manager,Less than 5000 SAR,0,No,No,Yes,Yes,Yes,Yes,I did not receive any training,No,I do not travel for work,Low,No,Low,Medium,Close,Medium,Sometimes,Sometimes,Yes,No,Medium,Satisfied,No,31 to 40,Less than 5000 SAR,Stayed
916,1,Male,31 to 40,Single,Bachelor's,From 5 to 10 years,Less than 5 years,Engineering consulting companies,Processes,Civil engineer,Less than 5000 SAR,0,No,No,No,No,No,No,I did not receive any training,No,I do not travel for work,Low,No,Low,Medium,Medium,Easy,Yes,Sometimes,No,No,Low,Not satisfied,No,31 to 40,Less than 5000 SAR,Left
917,1,Female,41 to 50,Married,Bachelor's,From 21 to 25 years,From 5 to 10 years,Education sector,Teaching,Teacher,Less than 5000 SAR,2,Yes,No,No,I don't have overtime,No,No,I did not receive any training,No,I do not travel for work,High,Yes,Medium,Medium,Medium,Medium,Yes,Yes,Yes,No,Medium,Satisfied,Yes,41 to 50,Less than 5000 SAR,Left
918,1,Male,21 to 30,Single,Diploma or secondary,From 5 to 10 years,Less than 5 years,Education sector,Customers service,Customer services representative,Less than 5000 SAR,0,No,No,No,I don't have overtime,No,No,I did not receive any training,No,I do not travel for work,Low,No,Low,Difficult,Close,Difficult,Sometimes,Yes,No,Yes,Low,Not satisfied,No,21 to 30,Less than 5000 SAR,Left
919,0,Male,31 to 40,Married,Diploma or secondary,Less than 5 years,Less than 5 years,Financial sector,Accounting,Financial Analyst,Less than 5000 SAR,0,No,No,No,I don't have overtime,No,No,I did not receive any training,No,I do not travel for work,Medium,Yes,Medium,Medium,Medium,Medium,Sometimes,No,No,No,Medium,Satisfied,Yes,31 to 40,Less than 5000 SAR,Stayed
920,1,Female,21 to 30,Single,Bachelor's,Less than 5 years,Less than 5 years,Communications and IT sector,Customers service,Customer services representative,From 5000 to 10000 S.R,0,Yes,No,No,I don't have overtime,No,No,From 1 to 3 training programs,Yes,I do not travel for work,High,Yes,Medium,Medium,Close,Medium,No,No,No,No,Medium,Satisfied,Yes,21 to 30,From 5000 to 10000 S.R,Left
921,1,Male,31 to 40,Married,Bachelor's,From 5 to 10 years,From 5 to 10 years,Medical sector,HR,HR Specialist,From 11000 to 15000 S.R,2,Yes,Yes,Yes,Yes,Yes,Yes,From 1 to 3 training programs,Yes,Travel rarely,Medium,Yes,High,Medium,Far,Medium,No,No,No,No,Medium,Satisfied,Yes,31 to 40,From 11000 to 15000 S.R,Left
922,0,Male,21 to 30,Single,Diploma or secondary,Less than 5 years,Less than 5 years,Economic sector,Relations,Relationships Specialist,From 5000 to 10000 S.R,0,Yes,No,No,I don't have overtime,No,No,From 4 to 6 training programs,Yes,I do not travel for work,Medium,Yes,Medium,Medium,Far,Medium,No,Sometimes,No,No,Medium,Satisfied,No,21 to 30,From 5000 to 10000 S.R,Stayed
923,1,Male,31 to 40,Married,Master's,From 5 to 10 years,From 5 to 10 years,Education sector,Teaching,Lecturer,From 11000 to 15000 S.R,1,No,No,No,I don't have overtime,Yes,Yes,From 4 to 6 training programs,Yes,I do not travel for work,Medium,No,Medium,Medium,Medium,Medium,No,No,Yes,Yes,Medium,Satisfied,No,31 to 40,From 11000 to 15000 S.R,Left
924,1,Male,31 to 40,Married,Bachelor's,From 5 to 10 years,From 5 to 10 years,Communications and IT sector,Sales,Sales executive,From 5000 to 10000 S.R,2,Yes,No,Yes,No,No,No,From 4 to 6 training programs,No,I do not travel for work,Medium,No,Medium,Medium,Medium,Difficult,No,No,No,No,Medium,Satisfied,Yes,31 to 40,From 5000 to 10000 S.R,Left
925,1,Female,31 to 40,Married,Bachelor's,From 5 to 10 years,From 5 to 10 years,Economic sector,Administration,Manger assistant,From 5000 to 10000 S.R,1,Yes,Yes,No,I don't have overtime,Yes,Yes,From 1 to 3 training programs,Yes,I do not travel for work,Medium,Yes,Medium,Medium,Far,Medium,No,No,Yes,No,Medium,Satisfied,Yes,31 to 40,From 5000 to 10000 S.R,Left
926,1,Female,21 to 30,Single,Diploma or secondary,Less than 5 years,Less than 5 years,Communications and IT sector,Customers service,Customer services representative,From 5000 to 10000 S.R,0,Yes,Yes,Yes,Yes,No,No,From 1 to 3 training programs,Yes,I do not travel for work,Medium,No,Low,Difficult,Medium,Medium,No,No,No,No,Medium,Satisfied,No,21 to 30,From 5000 to 10000 S.R,Left
927,1,Male,31 to 40,Married,Bachelor's,From 5 to 10 years,From 5 to 10 years,Financial sector,Administration,Admin accountant,From 11000 to 15000 S.R,2,Yes,Yes,No,I don't have overtime,Yes,Yes,From 4 to 6 training programs,Yes,Travel rarely,Medium,Yes,High,Easy,Far,Medium,No,Sometimes,Yes,Yes,High,Satisfied,Yes,31 to 40,From 11000 to 15000 S.R,Left
928,1,Female,21 to 30,Married,Bachelor's,From 5 to 10 years,Less than 5 years,Food production sector,Administration,Marketing Specialist,From 5000 to 10000 S.R,1,Yes,Yes,No,I don't have overtime,Yes,Yes,From 1 to 3 training programs,Yes,I do not travel for work,Medium,Yes,High,Medium,Close,Medium,No,Sometimes,No,No,Medium,Satisfied,Yes,21 to 30,From 5000 to 10000 S.R,Left
929,1,Male,31 to 40,Married,Master's,From 5 to 10 years,From 5 to 10 years,Energy sector,Accounting,Accountant,From 5000 to 10000 S.R,1,Yes,Yes,No,I don't have overtime,Yes,No,From 1 to 3 training programs,Yes,I do not travel for work,High,Yes,High,Medium,Medium,Medium,No,Sometimes,No,No,Medium,Satisfied,No,31 to 40,From 5000 to 10000 S.R,Left
930,0,Female,31 to 40,Married,Bachelor's,From 5 to 10 years,From 5 to 10 years,Education sector,Teaching,Teacher,From 5000 to 10000 S.R,0,No,No,No,I don't have overtime,Yes,Yes,From 7 training programs to more,Yes,I do not travel for work,High,Yes,High,Medium,Close,Medium,No,Sometimes,Yes,No,High,Satisfied,No,31 to 40,From 5000 to 10000 S.R,Stayed
931,1,Female,21 to 30,Single,Bachelor's,From 5 to 10 years,Less than 5 years,Education sector,Teaching,Teacher,From 5000 to 10000 S.R,0,No,No,No,I don't have overtime,No,No,I did not receive any training,No,I do not travel for work,Low,No,Low,Difficult,Close,Easy,Sometimes,Sometimes,No,No,Medium,Not satisfied,Yes,21 to 30,From 5000 to 10000 S.R,Left
932,0,Male,31 to 40,Married,Master's,From 5 to 10 years,From 5 to 10 years,Medical sector,Patient Affairs,Nurse,Less than 5000 SAR,3,Yes,Yes,Yes,Yes,Yes,Yes,From 4 to 6 training programs,Yes,Travel rarely,High,Yes,High,Medium,Medium,Medium,No,No,Yes,No,Medium,Satisfied,Yes,31 to 40,Less than 5000 SAR,Stayed
933,1,Male,21 to 30,Single,Diploma or secondary,From 5 to 10 years,From 5 to 10 years,Energy sector,Safety & Security,Security and safety specialist,Less than 5000 SAR,0,No,No,No,I don't have overtime,No,No,I did not receive any training,No,I do not travel for work,Low,No,Low,Difficult,Close,Easy,Sometimes,Sometimes,No,No,Low,Not satisfied,No,21 to 30,Less than 5000 SAR,Left
934,0,Female,31 to 40,Married,Master's,Less than 5 years,Less than 5 years,Medical sector,Patient Affairs,Nurse,From 11000 to 15000 S.R,2,Yes,No,Yes,Yes,Yes,Yes,From 7 training programs to more,Yes,Travel rarely,High,Yes,High,Medium,Medium,Medium,No,No,Yes,No,High,Satisfied,Yes,31 to 40,From 11000 to 15000 S.R,Stayed
935,1,Female,21 to 30,Married,Bachelor's,From 5 to 10 years,Less than 5 years,Education sector,Teaching,Teacher,From 5000 to 10000 S.R,0,No,No,No,No,No,No,I did not receive any training,No,I do not travel for work,Low,No,Low,Medium,Medium,Medium,Sometimes,Sometimes,No,No,Low,Not satisfied,No,21 to 30,From 5000 to 10000 S.R,Left
936,0,Male,31 to 40,Married,Master's,From 11 to 15 years,From 11 to 15 years,Financial sector,Administration,Administrative manager,From 16000 to 20000 S.R,3,Yes,Yes,Yes,Yes,Yes,Yes,From 7 training programs to more,Yes,Travel frequently,High,Yes,High,Medium,Medium,Medium,No,No,Yes,No,High,Very satisfied,No,31 to 40,From 16000 to 20000 S.R,Stayed
937,0,Female,31 to 40,Married,Bachelor's,From 5 to 10 years,From 5 to 10 years,Education sector,Administration,Administrative manager,From 11000 to 15000 S.R,2,Yes,Yes,Yes,Yes,Yes,Yes,From 7 training programs to more,Yes,Travel rarely,High,Yes,High,Medium,Medium,Medium,Sometimes,No,Yes,No,Medium,Very satisfied,No,31 to 40,From 11000 to 15000 S.R,Stayed
938,0,Male,31 to 40,Married,Bachelor's,From 11 to 15 years,From 11 to 15 years,Education sector,Teaching,Teacher,From 5000 to 10000 S.R,0,Yes,Yes,Yes,Yes,Yes,Yes,From 7 training programs to more,Yes,I do not travel for work,High,Yes,High,Medium,Medium,Medium,No,Sometimes,Yes,No,Medium,Very satisfied,Yes,31 to 40,From 5000 to 10000 S.R,Stayed
939,1,Female,21 to 30,Single,Bachelor's,From 5 to 10 years,Less than 5 years,Medical sector,Customers service,Receptionist,Less than 5000 SAR,1,Yes,Yes,Yes,Yes,Yes,Yes,From 7 training programs to more,Yes,I do not travel for work,High,Yes,Medium,Medium,Medium,Medium,Sometimes,Sometimes,Yes,No,Medium,Satisfied,No,21 to 30,Less than 5000 SAR,Left
940,0,Female,21 to 30,Single,Bachelor's,From 5 to 10 years,From 5 to 10 years,Medical sector,Patient Affairs,Nurse,Less than 5000 SAR,2,No,No,No,I don't have overtime,No,No,I did not receive any training,No,I do not travel for work,Low,No,Low,Medium,Close,Medium,Sometimes,Yes,No,No,Low,Not satisfied,No,21 to 30,Less than 5000 SAR,Stayed
941,1,Female,21 to 30,Single,Diploma or secondary,Less than 5 years,Less than 5 years,Medical sector,Customers service,Receptionist,Less than 5000 SAR,0,No,No,No,I don't have overtime,No,No,I did not receive any training,No,I do not travel for work,Low,No,Medium,Medium,Medium,Medium,Sometimes,Sometimes,No,No,Medium,Not satisfied,No,21 to 30,Less than 5000 SAR,Left
942,0,Female,31 to 40,Married,Bachelor's,From 5 to 10 years,From 5 to 10 years,Education sector,Teaching,Teacher,From 5000 to 10000 S.R,0,Yes,Yes,No,I don't have overtime,Yes,Yes,From 7 training programs to more,Yes,I do not travel for work,Medium,No,Medium,Medium,Medium,Medium,No,Sometimes,Yes,No,Medium,Satisfied,No,31 to 40,From 5000 to 10000 S.R,Stayed
943,0,Male,31 to 40,Single,Master's,From 5 to 10 years,From 5 to 10 years,Medical sector,Patient Affairs,Nurse,Less than 5000 SAR,3,No,No,No,I don't have overtime,No,Yes,I did not receive any training,No,I do not travel for work,Medium,Yes,Medium,Difficult,Medium,Difficult,No,No,Yes,No,High,Satisfied,No,31 to 40,Less than 5000 SAR,Stayed
944,0,Female,21 to 30,Married,Bachelor's,Less than 5 years,Less than 5 years,Medical sector,Patient Affairs,Supervisor,From 11000 to 15000 S.R,2,Yes,No,Yes,I don't have overtime,Yes,Yes,I did not receive any training,Yes,Travel rarely,High,Yes,High,Medium,Medium,Medium,Sometimes,Sometimes,Yes,Yes,High,Very satisfied,Yes,21 to 30,From 11000 to 15000 S.R,Stayed
945,1,Female,21 to 30,Married,Bachelor's,Less than 5 years,Less than 5 years,Medical sector,Customers service,Receptionist,Less than 5000 SAR,0,No,No,No,I don't have overtime,No,No,I did not receive any training,No,I do not travel for work,Low,No,Low,Medium,Close,Easy,Sometimes,Yes,No,No,Low,Not satisfied,No,21 to 30,Less than 5000 SAR,Left
946,0,Female,21 to 30,Married,Bachelor's,Less than 5 years,Less than 5 years,Medical sector,HR,Coordinator,Less than 5000 SAR,0,No,No,No,I don't have overtime,No,No,I did not receive any training,No,I do not travel for work,Low,Yes,High,Medium,Medium,Medium,No,No,No,No,Medium,Satisfied,No,21 to 30,Less than 5000 SAR,Stayed
947,1,Female,21 to 30,Single,Diploma or secondary,From 5 to 10 years,Less than 5 years,Education sector,Administration,Manger assistant,Less than 5000 SAR,0,No,No,No,I don't have overtime,No,No,I did not receive any training,No,I do not travel for work,Low,No,Low,Difficult,Medium,Medium,Sometimes,Sometimes,No,No,Low,Not satisfied,No,21 to 30,Less than 5000 SAR,Left
948,0,Female,31 to 40,Married,Bachelor's,From 5 to 10 years,From 5 to 10 years,Education sector,Teaching,Teacher,From 5000 to 10000 S.R,0,Yes,No,No,I don't have overtime,No,Yes,I did not receive any training,Yes,I do not travel for work,Low,Yes,Medium,Medium,Medium,Medium,No,No,Yes,No,Medium,Satisfied,No,31 to 40,From 5000 to 10000 S.R,Stayed
949,0,Female,31 to 40,Married,Bachelor's,Less than 5 years,Less than 5 years,Education sector,Teaching,Teacher,From 5000 to 10000 S.R,0,No,No,No,I don't have overtime,No,No,I did not receive any training,No,I do not travel for work,Low,No,Low,Medium,Close,Easy,Sometimes,Yes,No,No,Low,Not satisfied,No,31 to 40,From 5000 to 10000 S.R,Stayed
950,1,Male,21 to 30,Single,Diploma or secondary,From 5 to 10 years,Less than 5 years,Medical sector,Relations,Relationships Specialist,Less than 5000 SAR,0,No,No,No,I don't have overtime,No,No,I did not receive any training,No,I do not travel for work,Low,No,Low,Medium,Medium,Medium,No,No,No,No,Medium,Not satisfied,No,21 to 30,Less than 5000 SAR,Left
951,1,Male,21 to 30,Single,Diploma or secondary,From 5 to 10 years,Less than 5 years,Communications and IT sector,Customers service,Customer services representative,Less than 5000 SAR,0,No,No,No,I don't have overtime,No,No,I did not receive any training,No,I do not travel for work,Low,No,Low,Medium,Medium,Medium,Sometimes,No,No,No,Medium,Not satisfied,No,21 to 30,Less than 5000 SAR,Left
952,1,Male,21 to 30,Single,Bachelor's,From 5 to 10 years,Less than 5 years,Medical sector,Relations,Relationships Specialist,From 5000 to 10000 S.R,1,Yes,Yes,Yes,Yes,Yes,Yes,From 1 to 3 training programs,Yes,I do not travel for work,High,Yes,High,Difficult,Far,Difficult,Yes,Yes,Yes,Yes,High,Satisfied,Yes,21 to 30,From 5000 to 10000 S.R,Left
953,1,Male,31 to 40,Married,Bachelor's,From 5 to 10 years,From 5 to 10 years,Energy sector,Processes,Electrical engineer,From 11000 to 15000 S.R,1,Yes,Yes,No,I don't have overtime,No,No,From 1 to 3 training programs,Yes,I do not travel for work,Medium,Yes,Medium,Medium,Medium,Medium,No,Sometimes,No,Yes,Medium,Satisfied,Yes,31 to 40,From 11000 to 15000 S.R,Left
954,1,Female,21 to 30,Single,Bachelor's,Less than 5 years,Less than 5 years,Medical sector,Customers service,Customer services representative,From 5000 to 10000 S.R,0,Yes,Yes,No,I don't have overtime,Yes,No,From 1 to 3 training programs,Yes,I do not travel for work,Low,Yes,Medium,Difficult,Medium,Medium,No,Sometimes,No,No,Medium,Satisfied,Yes,21 to 30,From 5000 to 10000 S.R,Left
955,1,Male,31 to 40,Married,Bachelor's,From 11 to 15 years,From 5 to 10 years,Financial sector,Administration,Financial Manager,From 16000 to 20000 S.R,1,Yes,Yes,Yes,Yes,Yes,Yes,From 1 to 3 training programs,Yes,Travel frequently,High,Yes,High,Easy,Far,Difficult,Yes,Yes,Yes,Yes,High,Very satisfied,Yes,31 to 40,From 16000 to 20000 S.R,Left
956,1,Female,21 to 30,Single,Bachelor's,From 5 to 10 years,From 5 to 10 years,Economic sector,HR,Hiring specialist,From 11000 to 15000 S.R,1,Yes,Yes,Yes,Yes,Yes,No,I did not receive any training,No,I do not travel for work,Medium,Yes,Medium,Medium,Far,Difficult,Yes,Yes,Yes,No,Medium,Satisfied,Yes,21 to 30,From 11000 to 15000 S.R,Left
957,1,Male,21 to 30,Single,Diploma or secondary,Less than 5 years,Less than 5 years,Communications and IT sector,Processes,Operations Supervisor,From 5000 to 10000 S.R,0,Yes,Yes,No,I don't have overtime,Yes,Yes,From 1 to 3 training programs,No,I do not travel for work,Medium,Yes,Medium,Medium,Medium,Medium,No,No,Yes,Yes,Medium,Satisfied,Yes,21 to 30,From 5000 to 10000 S.R,Left
958,1,Male,31 to 40,Married,Bachelor's,From 5 to 10 years,From 5 to 10 years,Medical sector,Administration,Administrative manager,From 11000 to 15000 S.R,1,Yes,Yes,Yes,Yes,Yes,No,From 4 to 6 training programs,Yes,I do not travel for work,High,Yes,High,Medium,Medium,Medium,No,No,No,No,Medium,Satisfied,Yes,31 to 40,From 11000 to 15000 S.R,Left
959,1,Female,21 to 30,Single,Bachelor's,Less than 5 years,Less than 5 years,Energy sector,Accounting,Accountant,From 5000 to 10000 S.R,0,Yes,Yes,No,I don't have overtime,No,No,From 1 to 3 training programs,Yes,I do not travel for work,Medium,Yes,Medium,Medium,Medium,Difficult,No,No,No,No,Medium,Satisfied,Yes,21 to 30,From 5000 to 10000 S.R,Left
960,1,Male,41 to 50,Married,Bachelor's,From 11 to 15 years,From 11 to 15 years,Economic sector,Administration,Administrative manager,From 11000 to 15000 S.R,0,Yes,Yes,Yes,Yes,Yes,Yes,From 4 to 6 training programs,Yes,Travel frequently,Medium,Yes,Medium,Medium,Medium,Medium,No,No,Yes,Yes,Medium,Satisfied,Yes,41 to 50,From 11000 to 15000 S.R,Left
961,1,Female,21 to 30,Married,Bachelor's,From 5 to 10 years,From 5 to 10 years,Communications and IT sector,Sales,Sales executive,From 5000 to 10000 S.R,0,Yes,Yes,Yes,Yes,Yes,No,From 1 to 3 training programs,Yes,I do not travel for work,Medium,Yes,Low,Difficult,Medium,Medium,No,Sometimes,Yes,No,Medium,Satisfied,Yes,21 to 30,From 5000 to 10000 S.R,Left
962,1,Male,31 to 40,Single,Bachelor's,From 5 to 10 years,From 5 to 10 years,Financial sector,Administration,Financial Manager,From 11000 to 15000 S.R,1,Yes,Yes,Yes,Yes,Yes,Yes,From 1 to 3 training programs,Yes,Travel rarely,High,Yes,High,Medium,Medium,Difficult,Yes,Sometimes,Yes,Yes,Medium,Very satisfied,Yes,31 to 40,From 11000 to 15000 S.R,Left
963,1,Male,21 to 30,Single,Bachelor's,Less than 5 years,Less than 5 years,Medical sector,Customers service,Customer services representative,From 5000 to 10000 S.R,0,Yes,No,No,I don't have overtime,No,No,From 1 to 3 training programs,Yes,I do not travel for work,Medium,No,Medium,Difficult,Far,Difficult,Yes,Yes,No,Yes,Low,Satisfied,Yes,21 to 30,From 5000 to 10000 S.R,Left
964,1,Female,21 to 30,Single,Bachelor's,From 5 to 10 years,From 5 to 10 years,Food production sector,Accounting,Accountant,From 5000 to 10000 S.R,0,Yes,No,No,I don't have overtime,No,No,From 4 to 6 training programs,Yes,I do not travel for work,High,No,Medium,Medium,Far,Medium,Yes,Yes,Yes,No,Medium,Satisfied,No,21 to 30,From 5000 to 10000 S.R,Left
965,1,Female,31 to 40,Married,Bachelor's,From 5 to 10 years,From 5 to 10 years,Economic sector,Administration,Marketing Specialist,From 5000 to 10000 S.R,0,Yes,Yes,Yes,Yes,Yes,Yes,From 1 to 3 training programs,Yes,Travel rarely,Medium,Yes,High,Medium,Medium,Medium,No,No,Yes,Yes,Medium,Satisfied,Yes,31 to 40,From 5000 to 10000 S.R,Left
966,1,Male,31 to 40,Single,Master's,From 5 to 10 years,From 5 to 10 years,Financial sector,Accounting,Admin accountant,From 11000 to 15000 S.R,1,Yes,Yes,No,I don't have overtime,Yes,Yes,From 7 training programs to more,Yes,Travel rarely,Medium,Yes,High,Medium,Far,Medium,No,No,Yes,No,Medium,Satisfied,Yes,31 to 40,From 11000 to 15000 S.R,Left
967,1,Male,31 to 40,Married,Bachelor's,From 5 to 10 years,From 5 to 10 years,Food production sector,HR,Hiring specialist,From 11000 to 15000 S.R,0,Yes,No,No,I don't have overtime,Yes,No,From 1 to 3 training programs,Yes,I do not travel for work,Medium,Yes,Medium,Medium,Medium,Medium,No,No,No,No,Medium,Satisfied,Yes,31 to 40,From 11000 to 15000 S.R,Left
968,1,Female,21 to 30,Single,Bachelor's,Less than 5 years,Less than 5 years,Medical sector,Technical support,IT specialist,From 5000 to 10000 S.R,0,Yes,No,No,I don't have overtime,No,No,From 1 to 3 training programs,Yes,I do not travel for work,Medium,Yes,Medium,Medium,Medium,Medium,No,No,No,No,Medium,Satisfied,Yes,21 to 30,From 5000 to 10000 S.R,Left
969,1,Male,31 to 40,Married,Master's,From 5 to 10 years,From 5 to 10 years,Education sector,Teaching,Lecturer,From 11000 to 15000 S.R,1,Yes,Yes,No,I don't have overtime,Yes,Yes,From 1 to 3 training programs,Yes,I do not travel for work,Medium,Yes,Medium,Medium,Far,Medium,No,Sometimes,Yes,No,Medium,Satisfied,Yes,31 to 40,From 11000 to 15000 S.R,Left
970,1,Male,21 to 30,Single,Bachelor's,Less than 5 years,Less than 5 years,"Environment, Water, and Agriculture sector",Sales,Sales executive,From 5000 to 10000 S.R,0,Yes,Yes,Yes,No,No,No,From 1 to 3 training programs,No,Travel rarely,Medium,Yes,Low,Medium,Close,Medium,No,Sometimes,No,No,Medium,Satisfied,No,21 to 30,From 5000 to 10000 S.R,Left
971,1,Female,21 to 30,Single,Master's,From 5 to 10 years,From 5 to 10 years,Communications and IT sector,Relations,Relationships Specialist,From 5000 to 10000 S.R,0,Yes,Yes,Yes,Yes,Yes,Yes,From 1 to 3 training programs,Yes,I do not travel for work,High,Yes,Medium,Medium,Medium,Difficult,No,Yes,Yes,Yes,Medium,Satisfied,Yes,21 to 30,From 5000 to 10000 S.R,Left
972,1,Female,31 to 40,Married,Bachelor's,From 5 to 10 years,From 5 to 10 years,Media sector,Administration,Administrative manager,From 11000 to 15000 S.R,1,Yes,Yes,Yes,Yes,Yes,Yes,From 1 to 3 training programs,Yes,Travel frequently,High,Yes,Medium,Easy,Far,Difficult,No,Sometimes,Yes,Yes,High,Very satisfied,Yes,31 to 40,From 11000 to 15000 S.R,Left
973,1,Male,31 to 40,Married,Bachelor's,From 5 to 10 years,Less than 5 years,Energy sector,HR,Hiring specialist,From 11000 to 15000 S.R,0,Yes,Yes,Yes,Yes,Yes,Yes,From 1 to 3 training programs,Yes,Travel rarely,Medium,Yes,Medium,Medium,Close,Medium,No,Sometimes,Yes,No,Medium,Satisfied,Yes,31 to 40,From 11000 to 15000 S.R,Left
974,1,Male,31 to 40,Married,Bachelor's,From 5 to 10 years,Less than 5 years,Financial sector,Administration,Financial Manager,From 16000 to 20000 S.R,1,Yes,Yes,No,I don't have overtime,Yes,Yes,From 4 to 6 training programs,Yes,Travel rarely,Medium,Yes,Medium,Medium,Close,Difficult,No,Yes,Yes,Yes,Medium,Satisfied,Yes,31 to 40,From 16000 to 20000 S.R,Left
975,1,Female,21 to 30,Married,Bachelor's,From 5 to 10 years,Less than 5 years,Food production sector,HR,Hiring specialist,From 11000 to 15000 S.R,1,Yes,Yes,Yes,Yes,Yes,Yes,From 1 to 3 training programs,Yes,I do not travel for work,High,Yes,Medium,Medium,Close,Medium,Sometimes,Sometimes,Yes,No,High,Very satisfied,Yes,21 to 30,From 11000 to 15000 S.R,Left
976,1,Female,21 to 30,Married,Bachelor's,From 5 to 10 years,Less than 5 years,Transport sector,Processes,Purchase specialist,From 11000 to 15000 S.R,0,Yes,Yes,Yes,Yes,Yes,Yes,From 1 to 3 training programs,Yes,Travel rarely,Medium,Yes,Medium,Medium,Medium,Medium,No,Sometimes,Yes,Yes,High,Satisfied,Yes,21 to 30,From 11000 to 15000 S.R,Left
977,0,Male,21 to 30,Married,Bachelor's,From 5 to 10 years,From 5 to 10 years,Energy sector,Processes,Operations Supervisor,From 5000 to 10000 S.R,2,Yes,Yes,Yes,Yes,Yes,Yes,From 7 training programs to more,Yes,I do not travel for work,High,Yes,High,Medium,Medium,Easy,Sometimes,No,Yes,No,High,Very satisfied,Yes,21 to 30,From 5000 to 10000 S.R,Stayed
978,0,Female,31 to 40,Married,Bachelor's,From 5 to 10 years,From 5 to 10 years,Education sector,Teaching,Teacher,From 5000 to 10000 S.R,0,No,No,No,I don't have overtime,Yes,Yes,From 7 training programs to more,Yes,I do not travel for work,High,Yes,High,Medium,Medium,Medium,Sometimes,Sometimes,Yes,No,Medium,Satisfied,No,31 to 40,From 5000 to 10000 S.R,Stayed
979,0,Female,31 to 40,Married,Bachelor's,Less than 5 years,Less than 5 years,Medical sector,Patient Affairs,Nurse,Less than 5000 SAR,3,No,Yes,Yes,I don't have overtime,Yes,Yes,From 7 training programs to more,Yes,I do not travel for work,High,Yes,High,Medium,Medium,Medium,Sometimes,Sometimes,Yes,No,Medium,Satisfied,No,31 to 40,Less than 5000 SAR,Stayed
980,0,Male,31 to 40,Married,Bachelor's,From 5 to 10 years,From 5 to 10 years,Medical sector,Administration,Supervisor,From 5000 to 10000 S.R,2,Yes,Yes,Yes,Yes,Yes,Yes,From 7 training programs to more,Yes,Travel rarely,High,Yes,High,Medium,Medium,Medium,No,No,Yes,Yes,High,Satisfied,Yes,31 to 40,From 5000 to 10000 S.R,Stayed
981,0,Female,31 to 40,Married,Bachelor's,From 5 to 10 years,From 5 to 10 years,Education sector,Teaching,Teacher,From 5000 to 10000 S.R,0,Yes,Yes,Yes,Yes,Yes,Yes,From 7 training programs to more,Yes,Travel rarely,High,Yes,High,Medium,Medium,Medium,Sometimes,Sometimes,Yes,Yes,High,Satisfied,Yes,31 to 40,From 5000 to 10000 S.R,Stayed
982,0,Female,31 to 40,Married,Bachelor's,From 5 to 10 years,From 5 to 10 years,Education sector,Teaching,Teacher,From 5000 to 10000 S.R,0,Yes,Yes,No,No,Yes,Yes,From 7 training programs to more,Yes,Travel rarely,Medium,No,Medium,Medium,Medium,Medium,No,No,Yes,Yes,Medium,Not satisfied,Yes,31 to 40,From 5000 to 10000 S.R,Stayed
983,1,Female,31 to 40,Married,Master's,From 5 to 10 years,Less than 5 years,Financial sector,Technical support,Data entry operator,From 5000 to 10000 S.R,2,Yes,No,No,No,No,No,I did not receive any training,No,I do not travel for work,Low,No,Low,Medium,Medium,Medium,No,No,No,Yes,Medium,Not satisfied,No,31 to 40,From 5000 to 10000 S.R,Left
984,0,Female,31 to 40,Married,Bachelor's,Less than 5 years,Less than 5 years,Communications and IT sector,Customers service,Customer services representative,From 5000 to 10000 S.R,2,Yes,Yes,Yes,Yes,Yes,Yes,From 1 to 3 training programs,Yes,Travel rarely,High,Yes,High,Medium,Close,Medium,Sometimes,Sometimes,Yes,No,Medium,Satisfied,No,31 to 40,From 5000 to 10000 S.R,Stayed
985,0,Female,21 to 30,Married,Diploma or secondary,From 5 to 10 years,From 5 to 10 years,Education sector,Administration,Manger assistant,From 5000 to 10000 S.R,0,Yes,No,No,No,Yes,No,From 1 to 3 training programs,Yes,I do not travel for work,High,Yes,High,Medium,Close,Difficult,No,Sometimes,Yes,No,Medium,Satisfied,No,21 to 30,From 5000 to 10000 S.R,Stayed
986,0,Female,31 to 40,Married,Master's,From 5 to 10 years,From 5 to 10 years,Education sector,Administration,Administrative manager,From 5000 to 10000 S.R,0,Yes,Yes,No,No,Yes,Yes,From 7 training programs to more,Yes,Travel rarely,High,Yes,High,Medium,Medium,Medium,Sometimes,Sometimes,Yes,Yes,High,Very satisfied,Yes,31 to 40,From 5000 to 10000 S.R,Stayed
987,0,Female,21 to 30,Single,Diploma or secondary,Less than 5 years,Less than 5 years,Medical sector,Customers service,Receptionist,From 5000 to 10000 S.R,0,Yes,Yes,Yes,Yes,Yes,Yes,From 1 to 3 training programs,Yes,I do not travel for work,High,Yes,High,Medium,Far,Difficult,Yes,Yes,No,No,Medium,Not satisfied,Yes,21 to 30,From 5000 to 10000 S.R,Stayed
988,1,Female,31 to 40,Married,Bachelor's,From 5 to 10 years,From 5 to 10 years,Medical sector,Patient Affairs,Pharmacist,From 5000 to 10000 S.R,2,Yes,Yes,Yes,No,Yes,Yes,I did not receive any training,No,I do not travel for work,Medium,Yes,Medium,Medium,Medium,Medium,No,No,No,Yes,Medium,Satisfied,Yes,31 to 40,From 5000 to 10000 S.R,Left
989,0,Male,31 to 40,Divorced,Bachelor's,Less than 5 years,Less than 5 years,Medical sector,Patient Affairs,Nurse,Less than 5000 SAR,3,Yes,Yes,Yes,Yes,Yes,Yes,From 4 to 6 training programs,Yes,Travel rarely,High,Yes,High,Medium,Medium,Medium,No,No,Yes,No,Medium,Satisfied,No,31 to 40,Less than 5000 SAR,Stayed
990,0,Female,21 to 30,Single,Diploma or secondary,Less than 5 years,Less than 5 years,Education sector,Relations,Coordinator,From 5000 to 10000 S.R,0,Yes,Yes,Yes,Yes,Yes,Yes,From 7 training programs to more,Yes,Travel rarely,High,Yes,High,Medium,Medium,Difficult,No,No,Yes,Yes,High,Satisfied,Yes,21 to 30,From 5000 to 10000 S.R,Stayed
991,0,Female,21 to 30,Married,Bachelor's,Less than 5 years,Less than 5 years,Medical sector,Customers service,Receptionist,From 5000 to 10000 S.R,0,Yes,No,Yes,No,Yes,Yes,From 7 training programs to more,Yes,Travel rarely,Medium,Yes,Medium,Medium,Medium,Medium,No,No,No,No,Medium,Satisfied,Yes,21 to 30,From 5000 to 10000 S.R,Stayed
992,0,Female,21 to 30,Married,Bachelor's,Less than 5 years,Less than 5 years,Medical sector,Patient Affairs,Nurse,Less than 5000 SAR,3,Yes,Yes,Yes,No,Yes,Yes,From 1 to 3 training programs,Yes,Travel frequently,High,Yes,High,Medium,Medium,Medium,No,No,Yes,No,High,Satisfied,No,21 to 30,Less than 5000 SAR,Stayed
993,0,Female,21 to 30,Married,Diploma or secondary,Less than 5 years,Less than 5 years,Medical sector,Customers service,Receptionist,Less than 5000 SAR,0,Yes,Yes,Yes,Yes,Yes,Yes,From 4 to 6 training programs,Yes,I do not travel for work,Medium,Yes,Medium,Easy,Close,Medium,Yes,No,Yes,No,Medium,Satisfied,No,21 to 30,Less than 5000 SAR,Stayed
994,0,Female,31 to 40,Married,Bachelor's,From 5 to 10 years,From 5 to 10 years,Medical sector,Patient Affairs,Nurse,From 5000 to 10000 S.R,3,Yes,Yes,Yes,Yes,Yes,Yes,From 4 to 6 training programs,Yes,Travel rarely,Medium,Yes,High,Medium,Medium,Medium,No,Yes,Yes,No,High,Satisfied,Yes,31 to 40,From 5000 to 10000 S.R,Stayed
995,1,Female,21 to 30,Married,Bachelor's,From 5 to 10 years,Less than 5 years,Education sector,Teaching,Teacher,From 5000 to 10000 S.R,0,No,No,No,I don't have overtime,No,No,I did not receive any training,No,I do not travel for work,Low,No,Low,Medium,Close,Medium,Sometimes,Yes,No,No,Low,Not satisfied,Yes,21 to 30,From 5000 to 10000 S.R,Left
996,0,Female,21 to 30,Single,Bachelor's,Less than 5 years,Less than 5 years,Financial sector,Customers service,Receptionist,From 5000 to 10000 S.R,0,Yes,Yes,Yes,No,Yes,Yes,From 7 training programs to more,Yes,I do not travel for work,High,Yes,High,Medium,Medium,Medium,No,No,Yes,Yes,Medium,Satisfied,No,21 to 30,From 5000 to 10000 S.R,Stayed
997,0,Female,31 to 40,Married,Bachelor's,Less than 5 years,Less than 5 years,Medical sector,Patient Affairs,Nurse,Less than 5000 SAR,2,Yes,Yes,Yes,No,Yes,Yes,From 4 to 6 training programs,Yes,Travel rarely,High,Yes,High,Medium,Medium,Medium,No,No,Yes,Yes,Medium,Satisfied,Yes,31 to 40,Less than 5000 SAR,Stayed
998,1,Female,21 to 30,Single,Bachelor's,From 5 to 10 years,Less than 5 years,Medical sector,Customers service,Receptionist,Less than 5000 SAR,0,No,No,No,I don't have overtime,No,No,From 4 to 6 training programs,Yes,I do not travel for work,Medium,No,Medium,Medium,Medium,Medium,No,Yes,No,No,Medium,Not satisfied,No,21 to 30,Less than 5000 SAR,Left
999,0,Female,31 to 40,Married,Bachelor's,Less than 5 years,Less than 5 years,Communications and IT sector,Customers service,Customer services representative,From 5000 to 10000 S.R,0,Yes,Yes,Yes,Yes,Yes,Yes,From 1 to 3 training programs,Yes,I do not travel for work,High,Yes,Low,Difficult,Far,Difficult,No,No,No,Yes,Low,Not satisfied,No,31 to 40,From 5000 to 10000 S.R,Stayed
1000,0,Female,21 to 30,Married,Bachelor's,Less than 5 years,Less than 5 years,"Environment, Water, and Agriculture sector",Accounting,Accountant,From 5000 to 10000 S.R,0,No,No,Yes,Yes,Yes,Yes,From 7 training programs to more,Yes,I do not travel for work,Medium,Yes,High,Medium,Medium,Medium,No,No,No,No,Medium,Satisfied,No,21 to 30,From 5000 to 10000 S.R,Stayed
1001,0,Female,31 to 40,Married,Bachelor's,From 5 to 10 years,From 5 to 10 years,Medical sector,Customers service,Receptionist,From 5000 to 10000 S.R,0,Yes,Yes,Yes,Yes,Yes,Yes,From 1 to 3 training programs,Yes,I do not travel for work,Medium,Yes,High,Medium,Close,Medium,No,No,Yes,No,Medium,Satisfied,Yes,31 to 40,From 5000 to 10000 S.R,Stayed
1002,0,Female,21 to 30,Married,Bachelor's,From 5 to 10 years,From 5 to 10 years,Medical sector,Patient Affairs,Nurse,Less than 5000 SAR,2,Yes,Yes,Yes,Yes,Yes,Yes,From 1 to 3 training programs,Yes,Travel frequently,High,Yes,High,Difficult,Far,Difficult,No,No,No,No,Medium,Not satisfied,No,21 to 30,Less than 5000 SAR,Stayed
1003,0,Female,21 to 30,Single,Bachelor's,Less than 5 years,Less than 5 years,Financial sector,Customers service,Receptionist,From 5000 to 10000 S.R,0,Yes,Yes,Yes,Yes,Yes,Yes,From 1 to 3 training programs,Yes,Travel rarely,Medium,Yes,High,Medium,Close,Medium,Sometimes,Sometimes,Yes,No,Medium,Very satisfied,Yes,21 to 30,From 5000 to 10000 S.R,Stayed
1004,0,Female,31 to 40,Married,Bachelor's,From 5 to 10 years,From 5 to 10 years,Energy sector,Customers service,Customer services representative,From 5000 to 10000 S.R,0,Yes,Yes,Yes,I don't have overtime,Yes,No,From 7 training programs to more,Yes,Travel rarely,Medium,Yes,High,Medium,Medium,Medium,No,No,No,Yes,Medium,Not satisfied,No,31 to 40,From 5000 to 10000 S.R,Stayed
1005,0,Female,21 to 30,Married,Bachelor's,From 5 to 10 years,From 5 to 10 years,Food production sector,Sales,Sales representative,From 5000 to 10000 S.R,0,No,No,Yes,Yes,Yes,Yes,From 4 to 6 training programs,Yes,Travel frequently,High,Yes,High,Medium,Medium,Medium,No,No,No,No,Medium,Satisfied,No,21 to 30,From 5000 to 10000 S.R,Stayed
1006,1,Female,21 to 30,Married,Diploma or secondary,From 5 to 10 years,From 5 to 10 years,Medical sector,Customers service,Receptionist,From 5000 to 10000 S.R,0,Yes,No,No,I don't have overtime,Yes,Yes,I did not receive any training,No,I do not travel for work,Medium,No,Medium,Medium,Medium,Medium,Sometimes,Sometimes,No,Yes,Medium,Not satisfied,Yes,21 to 30,From 5000 to 10000 S.R,Left
1007,1,Male,21 to 30,Single,Bachelor's,Less than 5 years,Less than 5 years,Communications and IT sector,Sales,Sales executive,From 5000 to 10000 S.R,0,Yes,Yes,No,I don't have overtime,No,No,From 1 to 3 training programs,Yes,I do not travel for work,High,Yes,High,Medium,Medium,Medium,Sometimes,Sometimes,Yes,No,High,Satisfied,Yes,21 to 30,From 5000 to 10000 S.R,Left
1008,1,Male,31 to 40,Married,Bachelor's,From 5 to 10 years,From 5 to 10 years,"Environment, Water, and Agriculture sector",Processes,Purchase specialist,From 11000 to 15000 S.R,1,Yes,Yes,No,I don't have overtime,Yes,No,From 1 to 3 training programs,Yes,Travel rarely,High,Yes,High,Medium,Medium,Difficult,Yes,Yes,Yes,No,High,Satisfied,Yes,31 to 40,From 11000 to 15000 S.R,Left
1009,1,Female,31 to 40,Single,Bachelor's,From 5 to 10 years,From 5 to 10 years,Financial sector,Administration,Financial Manager,From 11000 to 15000 S.R,1,Yes,Yes,Yes,Yes,Yes,Yes,From 1 to 3 training programs,Yes,Travel rarely,High,Yes,High,Medium,Close,Medium,No,Sometimes,Yes,No,Medium,Satisfied,Yes,31 to 40,From 11000 to 15000 S.R,Left
1010,1,Male,21 to 30,Single,Diploma or secondary,Less than 5 years,Less than 5 years,Food production sector,Processes,Quality controller,From 5000 to 10000 S.R,0,Yes,No,No,I don't have overtime,No,No,From 1 to 3 training programs,No,I do not travel for work,Medium,No,Medium,Difficult,Medium,Medium,Sometimes,Sometimes,No,No,Medium,Satisfied,Yes,21 to 30,From 5000 to 10000 S.R,Left
1011,1,Female,21 to 30,Married,Master's,Less than 5 years,Less than 5 years,Education sector,Administration,Manger assistant,Less than 5000 SAR,0,Yes,No,No,I don't have overtime,No,No,From 7 training programs to more,Yes,I do not travel for work,Medium,Yes,Medium,Medium,Medium,Medium,Sometimes,Sometimes,Yes,No,Medium,Satisfied,Yes,21 to 30,Less than 5000 SAR,Left
1012,1,Male,31 to 40,Married,Bachelor's,From 5 to 10 years,From 5 to 10 years,Economic sector,Administration,Administrative manager,From 11000 to 15000 S.R,1,Yes,Yes,No,I don't have overtime,Yes,Yes,From 4 to 6 training programs,Yes,Travel rarely,High,Yes,High,Medium,Medium,Medium,Sometimes,Sometimes,Yes,No,Medium,Satisfied,Yes,31 to 40,From 11000 to 15000 S.R,Left
1013,1,Female,21 to 30,Single,Bachelor's,From 5 to 10 years,Less than 5 years,Transport sector,Marketing,Marketing Specialist,From 5000 to 10000 S.R,1,Yes,Yes,Yes,Yes,Yes,Yes,From 1 to 3 training programs,Yes,Travel rarely,High,Yes,High,Easy,Medium,Medium,No,Sometimes,Yes,No,Medium,Satisfied,Yes,21 to 30,From 5000 to 10000 S.R,Left
1014,1,Female,31 to 40,Married,Bachelor's,From 5 to 10 years,From 5 to 10 years,Medical sector,Relations,Relationships Specialist,From 11000 to 15000 S.R,1,Yes,Yes,No,I don't have overtime,No,No,From 4 to 6 training programs,Yes,Travel rarely,Medium,Yes,High,Medium,Medium,Medium,Yes,Yes,Yes,Yes,High,Satisfied,Yes,31 to 40,From 11000 to 15000 S.R,Left
1015,1,Male,31 to 40,Married,Master's,From 5 to 10 years,From 5 to 10 years,Economic sector,Administration,Administrative manager,From 11000 to 15000 S.R,2,Yes,Yes,Yes,Yes,Yes,Yes,From 1 to 3 training programs,Yes,Travel frequently,High,Yes,Medium,Medium,Medium,Medium,No,Sometimes,Yes,Yes,Medium,Satisfied,Yes,31 to 40,From 11000 to 15000 S.R,Left
1016,1,Female,21 to 30,Single,Diploma or secondary,From 5 to 10 years,Less than 5 years,Medical sector,Customers service,Customer services representative,From 5000 to 10000 S.R,0,Yes,Yes,No,I don't have overtime,No,No,From 1 to 3 training programs,Yes,I do not travel for work,Medium,Yes,Medium,Difficult,Medium,Difficult,Sometimes,Sometimes,No,No,Medium,Satisfied,Yes,21 to 30,From 5000 to 10000 S.R,Left
1017,1,Male,31 to 40,Married,Bachelor's,From 5 to 10 years,From 5 to 10 years,Financial sector,HR,Hiring specialist,From 16000 to 20000 S.R,2,Yes,Yes,No,I don't have overtime,Yes,No,From 1 to 3 training programs,Yes,Travel rarely,Medium,Yes,Medium,Medium,Close,Medium,Sometimes,Sometimes,No,No,Medium,Satisfied,Yes,31 to 40,From 16000 to 20000 S.R,Left
1018,1,Female,21 to 30,Single,Bachelor's,Less than 5 years,Less than 5 years,Financial sector,Accounting,Financial Analyst,From 5000 to 10000 S.R,1,Yes,Yes,No,I don't have overtime,Yes,Yes,From 4 to 6 training programs,Yes,I do not travel for work,High,Yes,Medium,Medium,Close,Medium,No,Sometimes,No,No,Medium,Satisfied,Yes,21 to 30,From 5000 to 10000 S.R,Left
1019,1,Male,21 to 30,Married,Bachelor's,From 5 to 10 years,Less than 5 years,Communications and IT sector,Sales,Sales executive,From 5000 to 10000 S.R,0,Yes,Yes,Yes,Yes,Yes,Yes,From 1 to 3 training programs,Yes,Travel rarely,Medium,Yes,Medium,Medium,Medium,Medium,Sometimes,Sometimes,Yes,Yes,Medium,Satisfied,Yes,21 to 30,From 5000 to 10000 S.R,Left
1020,1,Female,31 to 40,Married,Bachelor's,From 5 to 10 years,Less than 5 years,Economic sector,HR,Hiring specialist,From 11000 to 15000 S.R,1,Yes,Yes,Yes,No,Yes,Yes,From 1 to 3 training programs,Yes,Travel rarely,Medium,Yes,Medium,Medium,Medium,Medium,No,Sometimes,Yes,Yes,Medium,Satisfied,Yes,31 to 40,From 11000 to 15000 S.R,Left
1021,1,Female,21 to 30,Single,Bachelor's,From 5 to 10 years,Less than 5 years,Energy sector,Sales,Purchase specialist,From 11000 to 15000 S.R,0,Yes,Yes,Yes,Yes,Yes,Yes,From 1 to 3 training programs,No,Travel rarely,Medium,Yes,Medium,Medium,Medium,Medium,Yes,Yes,Yes,No,High,Satisfied,Yes,21 to 30,From 11000 to 15000 S.R,Left
1022,0,Male,31 to 40,Married,Bachelor's,Less than 5 years,Less than 5 years,Medical sector,Patient Affairs,Pharmacist,From 5000 to 10000 S.R,0,No,No,Yes,Yes,No,No,I did not receive any training,No,I do not travel for work,Low,No,High,Difficult,Far,Difficult,Yes,Yes,No,No,Low,Not satisfied,Yes,31 to 40,From 5000 to 10000 S.R,Stayed
1023,0,Male,31 to 40,Single,Diploma or secondary,Less than 5 years,Less than 5 years,Medical sector,Customers service,Receptionist,Less than 5000 SAR,0,Yes,No,Yes,Yes,No,No,I did not receive any training,Yes,I do not travel for work,Medium,Yes,Medium,Easy,Far,Easy,Sometimes,Sometimes,No,Yes,High,Satisfied,No,31 to 40,Less than 5000 SAR,Stayed
1024,1,Female,21 to 30,Single,Bachelor's,Less than 5 years,Less than 5 years,Medical sector,Customers service,Receptionist,Less than 5000 SAR,0,Yes,Yes,Yes,Yes,No,No,From 1 to 3 training programs,No,I do not travel for work,Low,No,Low,Easy,Close,Medium,Yes,Yes,No,No,Low,Not satisfied,Yes,21 to 30,Less than 5000 SAR,Left
1025,0,Female,21 to 30,Single,Bachelor's,Less than 5 years,Less than 5 years,Food production sector,Sales,Salesman,Less than 5000 SAR,2,Yes,No,No,I don't have overtime,Yes,No,From 1 to 3 training programs,Yes,I do not travel for work,Medium,Yes,Medium,Medium,Medium,Medium,Sometimes,Sometimes,Yes,No,Medium,Satisfied,Yes,21 to 30,Less than 5000 SAR,Stayed
1026,0,Female,21 to 30,Single,Bachelor's,Less than 5 years,Less than 5 years,Transport sector,Administration,Manger assistant,From 5000 to 10000 S.R,3,Yes,No,No,No,Yes,Yes,From 7 training programs to more,No,Travel rarely,Medium,Yes,High,Medium,Medium,Medium,No,No,Yes,No,High,Very satisfied,Yes,21 to 30,From 5000 to 10000 S.R,Stayed
1027,0,Female,31 to 40,Single,Bachelor's,Less than 5 years,Less than 5 years,Medical sector,Patient Affairs,Nurse,Less than 5000 SAR,1,Yes,No,No,No,No,No,From 1 to 3 training programs,Yes,I do not travel for work,Medium,Yes,Medium,Medium,Medium,Medium,Sometimes,Sometimes,Yes,No,High,Satisfied,Yes,31 to 40,Less than 5000 SAR,Stayed
1028,0,Female,21 to 30,Single,Bachelor's,Less than 5 years,Less than 5 years,Medical sector,Patient Affairs,Nurse,From 5000 to 10000 S.R,1,No,No,Yes,Yes,No,No,From 1 to 3 training programs,No,I do not travel for work,Medium,No,Medium,Easy,Far,Medium,Sometimes,Sometimes,Yes,No,Medium,Satisfied,No,21 to 30,From 5000 to 10000 S.R,Stayed
1029,0,Female,31 to 40,Married,Bachelor's,Less than 5 years,Less than 5 years,Medical sector,Patient Affairs,Nurse,Less than 5000 SAR,3,Yes,Yes,No,No,No,No,I did not receive any training,No,I do not travel for work,Medium,No,Medium,Medium,Medium,Medium,Yes,Sometimes,No,No,Medium,Satisfied,Yes,31 to 40,Less than 5000 SAR,Stayed
1030,0,Female,21 to 30,Single,Bachelor's,Less than 5 years,Less than 5 years,Food production sector,Sales,Sales representative,Less than 5000 SAR,2,Yes,No,Yes,Yes,No,No,From 1 to 3 training programs,Yes,I do not travel for work,Medium,No,Medium,Difficult,Medium,Difficult,Sometimes,Yes,No,No,Medium,Not satisfied,Yes,21 to 30,Less than 5000 SAR,Stayed
1031,1,Male,21 to 30,Single,Diploma or secondary,Less than 5 years,Less than 5 years,"Environment, Water, and Agriculture sector",Customers service,Customer services representative,Less than 5000 SAR,0,Yes,No,No,I don't have overtime,No,No,I did not receive any training,Yes,I do not travel for work,Medium,No,Medium,Difficult,Far,Medium,Yes,Sometimes,No,No,Medium,Satisfied,No,21 to 30,Less than 5000 SAR,Left
1032,0,Female,21 to 30,Single,Bachelor's,Less than 5 years,Less than 5 years,Medical sector,Customers service,Social worker,Less than 5000 SAR,0,Yes,Yes,No,I don't have overtime,No,No,I did not receive any training,No,I do not travel for work,Medium,Yes,Medium,Medium,Close,Medium,Sometimes,Sometimes,No,No,Medium,Satisfied,Yes,21 to 30,Less than 5000 SAR,Stayed
1033,1,Female,21 to 30,Single,Bachelor's,Less than 5 years,Less than 5 years,Food production sector,Accounting,Accountant,Less than 5000 SAR,0,No,No,Yes,No,No,No,I did not receive any training,No,I do not travel for work,Low,No,Low,Difficult,Close,Difficult,Yes,Yes,No,No,Medium,Not satisfied,No,21 to 30,Less than 5000 SAR,Left
1034,0,Male,21 to 30,Single,Diploma or secondary,Less than 5 years,Less than 5 years,Medical sector,Customers service,Receptionist,Less than 5000 SAR,0,Yes,No,No,I don't have overtime,Yes,Yes,I did not receive any training,Yes,I do not travel for work,Medium,Yes,Medium,Medium,Medium,Medium,No,No,Yes,No,High,Satisfied,No,21 to 30,Less than 5000 SAR,Stayed
1035,0,Female,21 to 30,Single,Bachelor's,Less than 5 years,Less than 5 years,Medical sector,Patient Affairs,Nurse,Less than 5000 SAR,2,Yes,Yes,No,I don't have overtime,No,No,From 1 to 3 training programs,Yes,I do not travel for work,Low,Yes,Medium,Medium,Medium,Easy,Yes,Yes,No,No,High,Satisfied,Yes,21 to 30,Less than 5000 SAR,Stayed
1036,0,Male,21 to 30,Single,Bachelor's,Less than 5 years,Less than 5 years,Medical sector,Patient Affairs,Pharmacist,From 11000 to 15000 S.R,1,Yes,No,Yes,Yes,Yes,No,From 1 to 3 training programs,Yes,I do not travel for work,Medium,No,High,Medium,Close,Difficult,Yes,Yes,No,Yes,Medium,Satisfied,No,21 to 30,From 11000 to 15000 S.R,Stayed
1037,1,Male,31 to 40,Married,Bachelor's,From 5 to 10 years,Less than 5 years,Medical sector,Patient Affairs,Pharmacist,From 5000 to 10000 S.R,1,Yes,Yes,Yes,Yes,No,No,From 1 to 3 training programs,Yes,I do not travel for work,Medium,No,High,Medium,Far,Medium,Yes,Yes,Yes,No,Medium,Not satisfied,Yes,31 to 40,From 5000 to 10000 S.R,Left
1038,0,Female,21 to 30,Married,Bachelor's,Less than 5 years,Less than 5 years,Industry sector,Processes,Quality Specialist,From 5000 to 10000 S.R,2,No,No,No,I don't have overtime,No,No,From 1 to 3 training programs,Yes,I do not travel for work,Medium,No,High,Difficult,Far,Difficult,Yes,Yes,No,No,Medium,Not satisfied,No,21 to 30,From 5000 to 10000 S.R,Stayed
1039,1,Female,31 to 40,Married,Bachelor's,Less than 5 years,Less than 5 years,Medical sector,Patient Affairs,Nurse,Less than 5000 SAR,0,Yes,Yes,Yes,Yes,Yes,No,From 1 to 3 training programs,Yes,I do not travel for work,Medium,Yes,Medium,Medium,Medium,Medium,Sometimes,Sometimes,No,No,Medium,Satisfied,Yes,31 to 40,Less than 5000 SAR,Left
1040,1,Female,31 to 40,Married,Master's,From 5 to 10 years,From 5 to 10 years,Medical sector,Patient Affairs,Nutrition specialist,Less than 5000 SAR,2,Yes,Yes,Yes,Yes,Yes,No,From 1 to 3 training programs,Yes,I do not travel for work,Medium,Yes,Medium,Easy,Medium,Easy,Sometimes,Yes,Yes,No,High,Very satisfied,Yes,31 to 40,Less than 5000 SAR,Left
1041,0,Male,31 to 40,Married,Master's,From 5 to 10 years,From 5 to 10 years,Medical sector,Patient Affairs,Pharmacist,From 5000 to 10000 S.R,1,Yes,No,Yes,Yes,No,No,From 1 to 3 training programs,Yes,I do not travel for work,Medium,No,Medium,Medium,Close,Difficult,Yes,Yes,No,No,Medium,Not satisfied,Yes,31 to 40,From 5000 to 10000 S.R,Stayed
1042,0,Female,21 to 30,Single,Bachelor's,Less than 5 years,Less than 5 years,Medical sector,Patient Affairs,Lab specialist,From 5000 to 10000 S.R,3,No,No,No,I don't have overtime,Yes,Yes,From 1 to 3 training programs,Yes,Travel rarely,Medium,Yes,Medium,Medium,Medium,Difficult,No,No,Yes,No,High,Very satisfied,No,21 to 30,From 5000 to 10000 S.R,Stayed
1043,0,Male,31 to 40,Married,Bachelor's,From 5 to 10 years,From 5 to 10 years,Medical sector,Patient Affairs,Pharmacist,From 5000 to 10000 S.R,1,Yes,No,Yes,Yes,Yes,No,From 4 to 6 training programs,Yes,I do not travel for work,Medium,No,Low,Medium,Far,Difficult,Yes,Yes,Yes,No,Low,Satisfied,Yes,31 to 40,From 5000 to 10000 S.R,Stayed
1044,1,Female,21 to 30,Single,Master's,Less than 5 years,Less than 5 years,Medical sector,HR,HR Specialist,From 5000 to 10000 S.R,2,Yes,No,No,I don't have overtime,No,Yes,From 1 to 3 training programs,Yes,I do not travel for work,Medium,No,Low,Medium,Far,Difficult,Sometimes,Sometimes,No,No,Medium,Satisfied,Yes,21 to 30,From 5000 to 10000 S.R,Left
1045,0,Female,31 to 40,Single,Bachelor's,Less than 5 years,Less than 5 years,Medical sector,Patient Affairs,Nurse,Less than 5000 SAR,0,Yes,Yes,No,No,Yes,No,From 1 to 3 training programs,Yes,I do not travel for work,Medium,Yes,Medium,Medium,Medium,Medium,Sometimes,Sometimes,Yes,No,Medium,Satisfied,No,31 to 40,Less than 5000 SAR,Stayed
1046,0,Male,31 to 40,Married,Bachelor's,From 5 to 10 years,From 5 to 10 years,Medical sector,Patient Affairs,Pharmacist,From 5000 to 10000 S.R,1,Yes,No,Yes,Yes,No,No,From 7 training programs to more,Yes,I do not travel for work,Low,No,Low,Medium,Medium,Difficult,Yes,Yes,No,No,Low,Not satisfied,No,31 to 40,From 5000 to 10000 S.R,Stayed
1047,1,Female,31 to 40,Single,Bachelor's,From 11 to 15 years,Less than 5 years,Industry sector,Administration,Manger assistant,From 5000 to 10000 S.R,2,No,No,Yes,No,No,No,From 1 to 3 training programs,No,I do not travel for work,Low,No,Low,Difficult,Close,Difficult,Yes,Yes,No,No,Low,Not satisfied,Yes,31 to 40,From 5000 to 10000 S.R,Left
1048,0,Female,21 to 30,Single,Bachelor's,Less than 5 years,Less than 5 years,Tourism sector,Customers service,Customer services representative,From 5000 to 10000 S.R,3,Yes,Yes,Yes,Yes,No,No,From 1 to 3 training programs,Yes,I do not travel for work,Medium,Yes,Medium,Medium,Medium,Medium,Yes,Yes,Yes,No,Low,Satisfied,No,21 to 30,From 5000 to 10000 S.R,Stayed
1049,1,Male,21 to 30,Single,Bachelor's,Less than 5 years,Less than 5 years,Food production sector,Processes,Operations Supervisor,Less than 5000 SAR,0,No,No,No,No,Yes,No,From 1 to 3 training programs,Yes,I do not travel for work,Low,No,Low,Medium,Close,Easy,Sometimes,No,No,No,High,Not satisfied,No,21 to 30,Less than 5000 SAR,Left
1050,1,Male,21 to 30,Married,Bachelor's,Less than 5 years,Less than 5 years,Medical sector,Patient Affairs,Pharmacist,Less than 5000 SAR,0,Yes,No,Yes,No,Yes,Yes,From 1 to 3 training programs,Yes,Travel rarely,Medium,Yes,Medium,Medium,Close,Difficult,Yes,Yes,No,No,Medium,Satisfied,Yes,21 to 30,Less than 5000 SAR,Left
1051,1,Male,21 to 30,Single,Bachelor's,Less than 5 years,Less than 5 years,Economic sector,Sales,Sales representative,Less than 5000 SAR,1,No,No,No,I don't have overtime,No,No,I did not receive any training,No,I do not travel for work,Low,No,Low,Difficult,Far,Difficult,Yes,Yes,No,Yes,Low,Not satisfied,No,21 to 30,Less than 5000 SAR,Left
1053,0,Female,21 to 30,Single,Bachelor's,Less than 5 years,Less than 5 years,Medical sector,Customers service,Customer services representative,Less than 5000 SAR,0,Yes,Yes,No,I don't have overtime,No,No,I did not receive any training,No,I do not travel for work,Medium,Yes,Medium,Medium,Close,Medium,Sometimes,Sometimes,Yes,No,Medium,Satisfied,No,21 to 30,Less than 5000 SAR,Stayed
1054,1,Female,21 to 30,Married,Diploma or secondary,Less than 5 years,Less than 5 years,Medical sector,Patient Affairs,Nurse,Less than 5000 SAR,2,Yes,No,No,I don't have overtime,No,No,I did not receive any training,No,I do not travel for work,Low,No,Medium,Medium,Medium,Medium,No,No,No,No,Medium,Satisfied,Yes,21 to 30,Less than 5000 SAR,Left
1055,0,Male,21 to 30,Single,Bachelor's,From 5 to 10 years,From 5 to 10 years,Industry sector,Processes,Quality Specialist,From 5000 to 10000 S.R,3,Yes,Yes,Yes,Yes,Yes,Yes,From 4 to 6 training programs,Yes,Travel rarely,Medium,Yes,Medium,Medium,Medium,Medium,Sometimes,Sometimes,Yes,No,Medium,Satisfied,Yes,21 to 30,From 5000 to 10000 S.R,Stayed
1056,0,Male,21 to 30,Married,Bachelor's,Less than 5 years,Less than 5 years,Medical sector,Patient Affairs,Pharmacist,From 11000 to 15000 S.R,3,Yes,Yes,Yes,Yes,Yes,No,From 7 training programs to more,Yes,Travel frequently,High,Yes,High,Medium,Close,Easy,No,No,Yes,No,High,Satisfied,Yes,21 to 30,From 11000 to 15000 S.R,Stayed
1058,0,Female,41 to 50,Married,Bachelor's,From 26 to 30 years,From 26 to 30 years,Medical sector,Patient Affairs,Doctor,Less than 5000 SAR,0,Yes,Yes,Yes,Yes,No,No,From 7 training programs to more,Yes,I do not travel for work,Low,No,Low,Easy,Close,Difficult,Yes,Yes,No,No,Low,Satisfied,Yes,41 to 50,Less than 5000 SAR,Stayed
1059,0,Female,21 to 30,Single,Bachelor's,Less than 5 years,Less than 5 years,Medical sector,Patient Affairs,Doctor,Less than 5000 SAR,1,No,Yes,Yes,Yes,No,Yes,From 1 to 3 training programs,Yes,Travel rarely,Medium,Yes,Medium,Medium,Far,Medium,Yes,Yes,Yes,Yes,Medium,Satisfied,Yes,21 to 30,Less than 5000 SAR,Stayed
1061,1,Female,21 to 30,Single,Bachelor's,Less than 5 years,Less than 5 years,Medical sector,Processes,Insurance officer,Less than 5000 SAR,0,No,No,No,No,No,No,I did not receive any training,No,I do not travel for work,Low,No,Low,Difficult,Far,Difficult,Yes,Yes,No,No,Low,Not satisfied,No,21 to 30,Less than 5000 SAR,Left
1062,1,Male,41 to 50,Married,Bachelor's,From 11 to 15 years,From 5 to 10 years,Medical sector,Patient Affairs,Pharmacist,Less than 5000 SAR,1,Yes,Yes,Yes,Yes,Yes,No,From 1 to 3 training programs,Yes,Travel frequently,High,Yes,Medium,Medium,Medium,Medium,No,No,Yes,No,Medium,Satisfied,Yes,41 to 50,Less than 5000 SAR,Left
1063,1,Female,21 to 30,Single,Diploma or secondary,From 5 to 10 years,Less than 5 years,Medical sector,Customers service,Receptionist,Less than 5000 SAR,0,No,No,No,I don't have overtime,No,No,I did not receive any training,No,I do not travel for work,Low,No,Low,Difficult,Close,Difficult,Sometimes,Yes,No,No,Low,Not satisfied,No,21 to 30,Less than 5000 SAR,Left
1064,0,Male,21 to 30,Single,Bachelor's,Less than 5 years,Less than 5 years,Communications and IT sector,Sales,Sales representative,From 5000 to 10000 S.R,1,No,No,Yes,No,No,No,From 7 training programs to more,No,I do not travel for work,Low,No,Medium,Medium,Medium,Easy,Sometimes,Yes,No,No,Medium,Satisfied,No,21 to 30,From 5000 to 10000 S.R,Stayed
1065,1,Female,21 to 30,Married,Bachelor's,From 5 to 10 years,From 5 to 10 years,Medical sector,Patient Affairs,Nurse,Less than 5000 SAR,0,No,No,No,I don't have overtime,No,No,I did not receive any training,No,I do not travel for work,Low,No,Low,Difficult,Far,Medium,No,No,No,Yes,Medium,Satisfied,No,21 to 30,Less than 5000 SAR,Left
1066,1,Male,21 to 30,Single,Bachelor's,Less than 5 years,Less than 5 years,Medical sector,Patient Affairs,Doctor,Less than 5000 SAR,1,Yes,No,Yes,Yes,No,No,I did not receive any training,No,Travel frequently,Low,No,Low,Medium,Medium,Medium,Yes,Yes,No,No,Medium,Not satisfied,Yes,21 to 30,Less than 5000 SAR,Left
1067,0,Female,21 to 30,Single,Bachelor's,From 5 to 10 years,From 5 to 10 years,Education sector,Teaching,Teacher,From 5000 to 10000 S.R,0,No,No,No,I don't have overtime,Yes,No,I did not receive any training,No,I do not travel for work,Medium,No,Medium,Medium,Far,Medium,No,No,No,No,Low,Satisfied,No,21 to 30,From 5000 to 10000 S.R,Stayed
1068,1,Female,21 to 30,Single,Master's,Less than 5 years,Less than 5 years,Communications and IT sector,Customers service,Customer services representative,From 5000 to 10000 S.R,0,No,Yes,Yes,Yes,Yes,No,From 1 to 3 training programs,Yes,I do not travel for work,Medium,Yes,Medium,Easy,Close,Medium,Sometimes,Sometimes,No,No,Medium,Satisfied,Yes,21 to 30,From 5000 to 10000 S.R,Left
1069,0,Female,31 to 40,Single,Diploma or secondary,Less than 5 years,Less than 5 years,Medical sector,Processes,Insurance officer,Less than 5000 SAR,0,No,No,No,Yes,No,No,I did not receive any training,No,I do not travel for work,Low,No,Low,Difficult,Medium,Difficult,Yes,Yes,No,No,Low,Not satisfied,No,31 to 40,Less than 5000 SAR,Stayed
1070,1,Male,21 to 30,Married,Bachelor's,From 5 to 10 years,Less than 5 years,Energy sector,Sales,Sales representative,From 5000 to 10000 S.R,4,Yes,No,No,I don't have overtime,Yes,No,I did not receive any training,No,I do not travel for work,Medium,Yes,High,Medium,Far,Medium,Yes,Yes,Yes,No,High,Very satisfied,Yes,21 to 30,From 5000 to 10000 S.R,Left
1071,0,Female,21 to 30,Single,Bachelor's,From 11 to 15 years,From 11 to 15 years,Medical sector,Technical support,IT specialist,Less than 5000 SAR,0,Yes,No,No,Yes,Yes,Yes,From 1 to 3 training programs,No,I do not travel for work,Medium,Yes,Medium,Medium,Close,Medium,Sometimes,Sometimes,Yes,No,Medium,Satisfied,No,21 to 30,Less than 5000 SAR,Stayed
1072,0,Female,21 to 30,Married,Bachelor's,Less than 5 years,Less than 5 years,Medical sector,Customers service,Receptionist,From 5000 to 10000 S.R,0,No,No,No,I don't have overtime,No,No,I did not receive any training,No,I do not travel for work,Low,No,Low,Medium,Close,Difficult,Yes,Yes,No,Yes,Low,Not satisfied,No,21 to 30,From 5000 to 10000 S.R,Stayed
1073,1,Female,21 to 30,Single,Diploma or secondary,Less than 5 years,Less than 5 years,Education sector,Sales,Sales executive,From 5000 to 10000 S.R,2,Yes,Yes,Yes,Yes,No,No,I did not receive any training,Yes,I do not travel for work,Medium,Yes,High,Medium,Medium,Easy,Sometimes,No,No,No,Medium,Satisfied,Yes,21 to 30,From 5000 to 10000 S.R,Left
1074,1,Female,21 to 30,Single,Diploma or secondary,Less than 5 years,Less than 5 years,Medical sector,Customers service,Sales representative,Less than 5000 SAR,0,No,No,No,No,No,No,I did not receive any training,No,I do not travel for work,Low,No,Low,Medium,Close,Easy,Sometimes,Yes,No,No,Medium,Not satisfied,No,21 to 30,Less than 5000 SAR,Left
1075,0,Female,21 to 30,Single,Bachelor's,Less than 5 years,Less than 5 years,Medical sector,Administration,Administrative manager,From 5000 to 10000 S.R,1,Yes,Yes,No,I don't have overtime,Yes,Yes,From 1 to 3 training programs,Yes,Travel rarely,High,Yes,Medium,Medium,Medium,Medium,No,Yes,Yes,No,Medium,Satisfied,Yes,21 to 30,From 5000 to 10000 S.R,Stayed
1076,1,Female,31 to 40,Married,Bachelor's,From 5 to 10 years,Less than 5 years,Education sector,Teaching,Trainer,Less than 5000 SAR,0,No,No,No,I don't have overtime,No,No,I did not receive any training,No,I do not travel for work,Low,No,Low,Easy,Medium,Medium,No,No,No,Yes,Medium,Satisfied,Yes,31 to 40,Less than 5000 SAR,Left
1077,0,Female,21 to 30,Single,Bachelor's,Less than 5 years,Less than 5 years,Medical sector,Patient Affairs,Nurse,Less than 5000 SAR,2,No,Yes,Yes,Yes,Yes,Yes,From 7 training programs to more,Yes,Travel rarely,High,Yes,High,Medium,Medium,Medium,Sometimes,Sometimes,Yes,No,Medium,Satisfied,No,21 to 30,Less than 5000 SAR,Stayed
1078,0,Male,41 to 50,Married,Bachelor's,From 11 to 15 years,From 11 to 15 years,Medical sector,Patient Affairs,Doctor,From 11000 to 15000 S.R,1,Yes,No,No,Yes,No,No,From 4 to 6 training programs,Yes,I do not travel for work,Low,No,Medium,Medium,Medium,Medium,No,No,No,No,Medium,Satisfied,Yes,41 to 50,From 11000 to 15000 S.R,Stayed
1079,1,Male,21 to 30,Married,Bachelor's,From 5 to 10 years,Less than 5 years,Medical sector,Administration,Administrative manager,From 5000 to 10000 S.R,1,Yes,Yes,Yes,Yes,Yes,Yes,From 1 to 3 training programs,Yes,I do not travel for work,Medium,No,High,Medium,Medium,Medium,Yes,No,No,No,Medium,Satisfied,Yes,21 to 30,From 5000 to 10000 S.R,Left
1080,1,Female,21 to 30,Married,Diploma or secondary,Less than 5 years,Less than 5 years,Medical sector,Patient Affairs,Nurse,Less than 5000 SAR,1,Yes,Yes,No,Yes,No,Yes,From 1 to 3 training programs,Yes,Travel rarely,Medium,Yes,Medium,Medium,Medium,Medium,No,Yes,Yes,No,Low,Satisfied,Yes,21 to 30,Less than 5000 SAR,Left
1081,1,Female,21 to 30,Single,Diploma or secondary,From 5 to 10 years,From 5 to 10 years,Medical sector,Processes,Supervisor,Less than 5000 SAR,0,Yes,No,No,Yes,No,No,From 1 to 3 training programs,Yes,I do not travel for work,Low,No,High,Medium,Close,Difficult,Yes,Yes,No,No,High,Very satisfied,Yes,21 to 30,Less than 5000 SAR,Left
1082,0,Male,21 to 30,Single,Bachelor's,Less than 5 years,Less than 5 years,Medical sector,Patient Affairs,Pharmacist,Less than 5000 SAR,2,Yes,No,Yes,Yes,No,No,From 1 to 3 training programs,Yes,I do not travel for work,Medium,No,Low,Medium,Close,Difficult,Yes,Yes,No,Yes,Medium,Not satisfied,No,21 to 30,Less than 5000 SAR,Stayed
1083,0,Female,31 to 40,Married,Bachelor's,Less than 5 years,Less than 5 years,Medical sector,Customers service,Sales representative,Less than 5000 SAR,0,No,No,No,I don't have overtime,No,No,I did not receive any training,No,I do not travel for work,Low,No,Low,Difficult,Close,Easy,No,No,No,No,Medium,Satisfied,No,31 to 40,Less than 5000 SAR,Stayed
1084,0,Male,21 to 30,Single,Bachelor's,Less than 5 years,Less than 5 years,Education sector,Teaching,HR Specialist,Less than 5000 SAR,0,No,No,No,I don't have overtime,Yes,Yes,From 1 to 3 training programs,Yes,I do not travel for work,Medium,Yes,Medium,Difficult,Medium,Medium,Sometimes,Sometimes,No,No,Medium,Satisfied,Yes,21 to 30,Less than 5000 SAR,Stayed
1085,0,Female,21 to 30,Single,Diploma or secondary,Less than 5 years,Less than 5 years,Medical sector,Patient Affairs,Nurse,Less than 5000 SAR,1,Yes,Yes,Yes,Yes,No,Yes,I did not receive any training,No,I do not travel for work,High,Yes,Medium,Medium,Medium,Medium,Sometimes,Sometimes,Yes,No,Medium,Satisfied,No,21 to 30,Less than 5000 SAR,Stayed
1086,1,Male,31 to 40,Married,Diploma or secondary,From 5 to 10 years,Less than 5 years,Food production sector,Sales,Salesman,Less than 5000 SAR,1,Yes,Yes,Yes,Yes,Yes,No,From 1 to 3 training programs,Yes,Travel frequently,Medium,Yes,High,Easy,Close,Difficult,No,Sometimes,Yes,No,Medium,Satisfied,Yes,31 to 40,Less than 5000 SAR,Left
1087,0,Female,31 to 40,Married,Bachelor's,From 5 to 10 years,From 5 to 10 years,Energy sector,Processes,Operations Supervisor,From 11000 to 15000 S.R,2,Yes,Yes,Yes,Yes,Yes,Yes,From 4 to 6 training programs,Yes,Travel rarely,High,Yes,High,Medium,Medium,Medium,Yes,Sometimes,Yes,No,High,Very satisfied,No,31 to 40,From 11000 to 15000 S.R,Stayed
1088,0,Female,21 to 30,Single,Diploma or secondary,Less than 5 years,Less than 5 years,Education sector,Safety & Security,Security and safety specialist,Less than 5000 SAR,0,No,No,No,I don't have overtime,No,No,I did not receive any training,No,I do not travel for work,Low,No,Low,Difficult,Close,Easy,Sometimes,Sometimes,No,No,Medium,Not satisfied,No,21 to 30,Less than 5000 SAR,Stayed
1089,0,Female,21 to 30,Single,Bachelor's,Less than 5 years,Less than 5 years,Economic sector,Sales,Salesman,Less than 5000 SAR,2,Yes,No,Yes,Yes,No,No,From 1 to 3 training programs,Yes,Travel rarely,Low,No,Low,Easy,Far,Medium,No,Sometimes,No,No,Medium,Satisfied,No,21 to 30,Less than 5000 SAR,Stayed
1090,1,Male,31 to 40,Married,Bachelor's,From 5 to 10 years,From 5 to 10 years,Energy sector,Processes,Mechanical engineer,From 11000 to 15000 S.R,1,Yes,No,Yes,No,No,No,I did not receive any training,No,I do not travel for work,Medium,Yes,Medium,Easy,Medium,Easy,No,Sometimes,No,No,Medium,Not satisfied,Yes,31 to 40,From 11000 to 15000 S.R,Left
1091,1,Male,21 to 30,Single,Bachelor's,Less than 5 years,Less than 5 years,Engineering consulting companies,Studies and design,Civil engineer,Less than 5000 SAR,2,Yes,Yes,Yes,No,Yes,Yes,From 1 to 3 training programs,Yes,I do not travel for work,Medium,Yes,Medium,Medium,Medium,Difficult,Yes,Yes,Yes,No,Medium,Satisfied,Yes,21 to 30,Less than 5000 SAR,Left
1092,0,Female,21 to 30,Married,Bachelor's,Less than 5 years,Less than 5 years,Financial sector,Customers service,Customer services representative,From 5000 to 10000 S.R,2,Yes,Yes,Yes,Yes,Yes,Yes,From 7 training programs to more,Yes,Travel rarely,Medium,Yes,High,Medium,Medium,Medium,No,No,Yes,No,High,Very satisfied,No,21 to 30,From 5000 to 10000 S.R,Stayed
1093,1,Female,21 to 30,Married,Bachelor's,Less than 5 years,Less than 5 years,Economic sector,Administration,Secretariat,Less than 5000 SAR,0,No,No,No,I don't have overtime,Yes,No,I did not receive any training,No,I do not travel for work,Low,No,High,Easy,Close,Easy,No,Yes,Yes,Yes,High,Not satisfied,Yes,21 to 30,Less than 5000 SAR,Left
1094,0,Female,31 to 40,Divorced,Bachelor's,From 5 to 10 years,From 5 to 10 years,Medical sector,Patient Affairs,Nurse,Less than 5000 SAR,2,Yes,Yes,Yes,Yes,Yes,Yes,From 4 to 6 training programs,Yes,Travel rarely,Medium,Yes,Medium,Medium,Medium,Difficult,No,No,Yes,Yes,High,Very satisfied,Yes,31 to 40,Less than 5000 SAR,Stayed
1095,0,Female,31 to 40,Single,Bachelor's,From 5 to 10 years,From 5 to 10 years,Medical sector,Patient Affairs,Nurse,Less than 5000 SAR,0,No,No,No,No,No,No,I did not receive any training,No,Travel rarely,Low,No,Low,Difficult,Far,Difficult,Yes,No,Yes,Yes,High,Very satisfied,Yes,31 to 40,Less than 5000 SAR,Stayed
1096,0,Male,21 to 30,Single,Bachelor's,Less than 5 years,Less than 5 years,Medical sector,Patient Affairs,Pharmacist,From 5000 to 10000 S.R,2,Yes,Yes,Yes,Yes,Yes,Yes,From 7 training programs to more,Yes,Travel frequently,High,Yes,High,Easy,Close,Medium,Sometimes,Sometimes,Yes,No,High,Very satisfied,No,21 to 30,From 5000 to 10000 S.R,Stayed
1097,0,Female,21 to 30,Married,Bachelor's,From 11 to 15 years,From 11 to 15 years,"Environment, Water, and Agriculture sector",HR,HR Specialist,From 5000 to 10000 S.R,2,Yes,Yes,No,I don't have overtime,Yes,Yes,From 4 to 6 training programs,Yes,I do not travel for work,High,Yes,High,Medium,Medium,Medium,Sometimes,No,Yes,No,High,Very satisfied,No,21 to 30,From 5000 to 10000 S.R,Stayed
1098,0,Female,21 to 30,Single,Bachelor's,Less than 5 years,Less than 5 years,Medical sector,Patient Affairs,Pharmacist,Less than 5000 SAR,0,Yes,No,Yes,I don't have overtime,No,No,I did not receive any training,No,I do not travel for work,Low,No,High,Medium,Far,Difficult,Yes,Yes,No,No,Medium,Not satisfied,No,21 to 30,Less than 5000 SAR,Stayed
1099,0,Male,21 to 30,Single,Diploma or secondary,Less than 5 years,Less than 5 years,Medical sector,Safety & Security,Security and safety specialist,Less than 5000 SAR,0,Yes,No,No,Yes,No,No,I did not receive any training,No,I do not travel for work,Medium,No,Medium,Medium,Medium,Medium,Sometimes,Yes,No,No,Medium,Not satisfied,No,21 to 30,Less than 5000 SAR,Stayed
1100,0,Male,21 to 30,Married,Bachelor's,Less than 5 years,Less than 5 years,Transport sector,Sales,Sales representative,From 5000 to 10000 S.R,0,No,No,No,I don't have overtime,No,No,I did not receive any training,No,Travel rarely,Medium,No,Medium,Medium,Medium,Medium,No,Yes,No,No,Medium,Satisfied,No,21 to 30,From 5000 to 10000 S.R,Stayed
1101,0,Male,41 to 50,Married,Diploma or secondary,From 16 to 20 years,From 16 to 20 years,Medical sector,Administration,Administrative manager,From 11000 to 15000 S.R,3,No,Yes,No,I don't have overtime,Yes,Yes,From 1 to 3 training programs,Yes,I do not travel for work,High,Yes,High,Medium,Medium,Medium,No,No,Yes,No,High,Very satisfied,Yes,41 to 50,From 11000 to 15000 S.R,Stayed
1102,0,Male,21 to 30,Single,Bachelor's,Less than 5 years,Less than 5 years,Education sector,Teaching,Teacher,Less than 5000 SAR,1,Yes,No,No,No,No,No,From 1 to 3 training programs,Yes,Travel rarely,Medium,No,Medium,Medium,Medium,Medium,Yes,Yes,Yes,No,Medium,Satisfied,No,21 to 30,Less than 5000 SAR,Stayed
1103,1,Female,41 to 50,Married,Bachelor's,From 5 to 10 years,Less than 5 years,Medical sector,Safety & Security,Security and safety specialist,Less than 5000 SAR,0,No,No,No,Yes,No,No,From 1 to 3 training programs,Yes,Travel frequently,Low,No,Low,Medium,Medium,Difficult,Yes,Sometimes,No,Yes,Medium,Satisfied,Yes,41 to 50,Less than 5000 SAR,Left
1104,1,Male,41 to 50,Married,Master's,From 11 to 15 years,Less than 5 years,Medical sector,Administration,Administrative manager,From 5000 to 10000 S.R,1,Yes,No,No,No,No,No,I did not receive any training,No,I do not travel for work,Medium,Yes,High,Easy,Far,Medium,No,Yes,No,No,Medium,Satisfied,No,41 to 50,From 5000 to 10000 S.R,Left
1105,1,Male,21 to 30,Single,Bachelor's,Less than 5 years,Less than 5 years,Financial sector,Safety & Security,Security and safety specialist,From 5000 to 10000 S.R,2,Yes,No,No,I don't have overtime,Yes,No,From 1 to 3 training programs,No,I do not travel for work,Medium,Yes,Medium,Medium,Medium,Medium,Sometimes,Sometimes,No,No,Medium,Satisfied,No,21 to 30,From 5000 to 10000 S.R,Left
1106,1,Male,31 to 40,Married,Bachelor's,From 11 to 15 years,From 11 to 15 years,Engineering consulting companies,Relations,Relationships Specialist,From 5000 to 10000 S.R,2,Yes,No,Yes,Yes,Yes,Yes,From 4 to 6 training programs,Yes,Travel rarely,Medium,No,Medium,Medium,Far,Medium,Yes,Sometimes,No,No,Medium,Satisfied,Yes,31 to 40,From 5000 to 10000 S.R,Left
1107,0,Male,21 to 30,Single,Bachelor's,Less than 5 years,Less than 5 years,Medical sector,Patient Affairs,Dentist,From 5000 to 10000 S.R,1,No,No,No,I don't have overtime,No,No,I did not receive any training,No,I do not travel for work,Medium,No,Medium,Medium,Far,Medium,Sometimes,Yes,No,No,High,Satisfied,No,21 to 30,From 5000 to 10000 S.R,Stayed
1108,0,Male,21 to 30,Married,Diploma or secondary,From 5 to 10 years,From 5 to 10 years,Medical sector,Patient Affairs,Nurse,Less than 5000 SAR,1,Yes,Yes,No,I don't have overtime,Yes,Yes,From 1 to 3 training programs,Yes,I do not travel for work,High,Yes,High,Easy,Close,Easy,No,No,Yes,No,High,Very satisfied,No,21 to 30,Less than 5000 SAR,Stayed
1109,1,Male,21 to 30,Single,Bachelor's,Less than 5 years,Less than 5 years,Financial sector,Processes,Financial Manager,Less than 5000 SAR,0,No,No,No,Yes,No,No,From 1 to 3 training programs,No,I do not travel for work,High,No,Medium,Medium,Medium,Medium,Yes,No,No,No,Medium,Satisfied,Yes,21 to 30,Less than 5000 SAR,Left
1110,0,Female,21 to 30,Single,Bachelor's,Less than 5 years,Less than 5 years,Medical sector,Patient Affairs,Nurse,Less than 5000 SAR,0,Yes,No,No,Yes,No,No,From 1 to 3 training programs,No,I do not travel for work,Low,Yes,Medium,Medium,Close,Difficult,Yes,Sometimes,Yes,No,Medium,Satisfied,Yes,21 to 30,Less than 5000 SAR,Stayed
1111,1,Female,31 to 40,Single,Diploma or secondary,Less than 5 years,Less than 5 years,Economic sector,Sales,Sales representative,Less than 5000 SAR,0,Yes,Yes,Yes,Yes,Yes,No,I did not receive any training,No,I do not travel for work,Medium,No,Medium,Difficult,Far,Medium,Yes,No,No,No,Low,Not satisfied,No,31 to 40,Less than 5000 SAR,Left
1112,1,Female,41 to 50,Divorced,Bachelor's,From 5 to 10 years,Less than 5 years,Medical sector,Administration,Secretariat,Less than 5000 SAR,0,Yes,No,No,I don't have overtime,No,No,I did not receive any training,No,I do not travel for work,Low,No,Low,Medium,Far,Easy,No,No,No,No,Medium,Not satisfied,No,41 to 50,Less than 5000 SAR,Left
1113,1,Female,31 to 40,Married,Diploma or secondary,Less than 5 years,Less than 5 years,Food production sector,Sales,Sales representative,Less than 5000 SAR,0,Yes,No,Yes,Yes,No,No,I did not receive any training,No,I do not travel for work,Low,Yes,Medium,Medium,Close,Difficult,Sometimes,Yes,No,No,Low,Satisfied,No,31 to 40,Less than 5000 SAR,Left
1114,0,Male,21 to 30,Single,Bachelor's,Less than 5 years,Less than 5 years,Medical sector,Patient Affairs,Dentist,From 5000 to 10000 S.R,0,Yes,Yes,Yes,Yes,No,No,I did not receive any training,No,I do not travel for work,Medium,Yes,Medium,Medium,Medium,Medium,Sometimes,Sometimes,No,No,Medium,Satisfied,No,21 to 30,From 5000 to 10000 S.R,Stayed
1115,0,Male,21 to 30,Married,Bachelor's,Less than 5 years,Less than 5 years,Medical sector,Patient Affairs,Pharmacist,Less than 5000 SAR,1,Yes,No,Yes,Yes,No,No,From 1 to 3 training programs,No,I do not travel for work,Medium,No,Medium,Medium,Medium,Medium,Yes,Yes,No,No,Medium,Satisfied,No,21 to 30,Less than 5000 SAR,Stayed
1116,0,Male,31 to 40,Married,Bachelor's,Less than 5 years,Less than 5 years,Medical sector,Administration,Administrative manager,From 5000 to 10000 S.R,2,Yes,No,Yes,No,No,No,I did not receive any training,No,I do not travel for work,Low,Yes,Medium,Medium,Close,Medium,Sometimes,Yes,No,No,Medium,Satisfied,No,31 to 40,From 5000 to 10000 S.R,Stayed
1117,0,Male,21 to 30,Married,Bachelor's,Less than 5 years,Less than 5 years,Medical sector,Patient Affairs,Pharmacist,From 5000 to 10000 S.R,2,Yes,Yes,Yes,Yes,Yes,Yes,From 4 to 6 training programs,Yes,Travel rarely,High,No,High,Medium,Medium,Easy,Yes,Yes,No,No,Medium,Satisfied,No,21 to 30,From 5000 to 10000 S.R,Stayed
1118,0,Female,31 to 40,Married,Bachelor's,Less than 5 years,Less than 5 years,Medical sector,HR,HR Specialist,From 5000 to 10000 S.R,2,Yes,No,No,I don't have overtime,Yes,Yes,From 1 to 3 training programs,Yes,I do not travel for work,Low,Yes,High,Medium,Far,Medium,Sometimes,Sometimes,Yes,No,High,Satisfied,No,31 to 40,From 5000 to 10000 S.R,Stayed
1119,0,Male,21 to 30,Single,Bachelor's,Less than 5 years,Less than 5 years,Medical sector,Patient Affairs,Dentist,From 5000 to 10000 S.R,1,Yes,No,Yes,No,No,No,From 1 to 3 training programs,Yes,Travel rarely,Medium,No,High,Medium,Medium,Medium,Yes,Yes,No,No,Medium,Not satisfied,Yes,21 to 30,From 5000 to 10000 S.R,Stayed
1120,0,Male,21 to 30,Single,Master's,Less than 5 years,Less than 5 years,Law firm,Legal Affairs,Lawyer,From 5000 to 10000 S.R,0,Yes,No,No,No,Yes,Yes,I did not receive any training,Yes,Travel rarely,Medium,Yes,Medium,Medium,Medium,Medium,No,Sometimes,Yes,No,Medium,Satisfied,No,21 to 30,From 5000 to 10000 S.R,Stayed
1121,1,Male,21 to 30,Single,Bachelor's,Less than 5 years,Less than 5 years,Medical sector,Patient Affairs,Receptionist,From 5000 to 10000 S.R,2,Yes,No,No,I don't have overtime,No,No,From 1 to 3 training programs,No,I do not travel for work,Medium,No,Medium,Difficult,Close,Difficult,Yes,Yes,No,No,Low,Not satisfied,Yes,21 to 30,From 5000 to 10000 S.R,Left
1122,0,Male,21 to 30,Single,Bachelor's,Less than 5 years,Less than 5 years,Medical sector,Patient Affairs,Dentist,Less than 5000 SAR,1,No,No,No,I don't have overtime,No,No,I did not receive any training,No,I do not travel for work,Medium,No,Medium,Medium,Far,Difficult,Yes,Yes,No,No,Medium,Not satisfied,Yes,21 to 30,Less than 5000 SAR,Stayed
1123,1,Male,31 to 40,Single,Bachelor's,Less than 5 years,Less than 5 years,Medical sector,Patient Affairs,Doctor,From 5000 to 10000 S.R,1,No,No,No,No,No,No,From 1 to 3 training programs,No,Travel rarely,Low,Yes,Low,Easy,Medium,Medium,Yes,Yes,No,No,Low,Very satisfied,No,31 to 40,From 5000 to 10000 S.R,Left
1124,1,Male,21 to 30,Single,Master's,From 5 to 10 years,Less than 5 years,Energy sector,Processes,Mechanical engineer,From 11000 to 15000 S.R,2,Yes,Yes,Yes,Yes,Yes,No,I did not receive any training,No,Travel frequently,Low,No,High,Medium,Far,Medium,Yes,Yes,Yes,No,High,Not satisfied,Yes,21 to 30,From 11000 to 15000 S.R,Left
1125,1,Female,21 to 30,Single,Bachelor's,Less than 5 years,Less than 5 years,Food production sector,Sales,Sales representative,Less than 5000 SAR,2,Yes,Yes,Yes,Yes,No,No,From 1 to 3 training programs,No,I do not travel for work,Low,Yes,Medium,Medium,Medium,Medium,Sometimes,Sometimes,No,No,Medium,Satisfied,Yes,21 to 30,Less than 5000 SAR,Left
1126,1,Female,21 to 30,Married,Bachelor's,From 5 to 10 years,Less than 5 years,Economic sector,Sales,Salesman,Less than 5000 SAR,2,Yes,Yes,Yes,Yes,No,No,I did not receive any training,No,I do not travel for work,Low,No,Medium,Medium,Medium,Medium,Yes,Sometimes,No,Yes,Medium,Satisfied,Yes,21 to 30,Less than 5000 SAR,Left
1127,0,Male,21 to 30,Single,Bachelor's,Less than 5 years,Less than 5 years,Medical sector,Patient Affairs,Dentist,Less than 5000 SAR,0,No,No,No,I don't have overtime,No,Yes,From 1 to 3 training programs,No,I do not travel for work,Medium,Yes,Low,Medium,Medium,Medium,Yes,Yes,No,Yes,Medium,Satisfied,Yes,21 to 30,Less than 5000 SAR,Stayed
1128,1,Female,21 to 30,Single,Bachelor's,From 5 to 10 years,Less than 5 years,Food production sector,Sales,Salesman,Less than 5000 SAR,2,Yes,Yes,Yes,Yes,No,No,From 1 to 3 training programs,Yes,I do not travel for work,Medium,No,Medium,Medium,Close,Medium,Yes,Yes,No,No,Medium,Not satisfied,Yes,21 to 30,Less than 5000 SAR,Left
1129,0,Male,21 to 30,Single,Bachelor's,Less than 5 years,Less than 5 years,Medical sector,Patient Affairs,Pharmacist,From 5000 to 10000 S.R,1,Yes,No,Yes,Yes,No,No,From 7 training programs to more,Yes,I do not travel for work,High,No,High,Easy,Far,Easy,Yes,Yes,Yes,No,High,Very satisfied,Yes,21 to 30,From 5000 to 10000 S.R,Stayed
1130,1,Female,21 to 30,Single,Bachelor's,Less than 5 years,Less than 5 years,Food production sector,Sales,Salesman,Less than 5000 SAR,1,Yes,No,Yes,Yes,No,No,I did not receive any training,No,I do not travel for work,Medium,No,Low,Difficult,Medium,Medium,Yes,Sometimes,Yes,No,Medium,Satisfied,No,21 to 30,Less than 5000 SAR,Left
1131,0,Male,21 to 30,Married,Bachelor's,From 5 to 10 years,From 5 to 10 years,Medical sector,Patient Affairs,Pharmacist,From 5000 to 10000 S.R,1,Yes,No,No,I don't have overtime,Yes,No,From 1 to 3 training programs,Yes,Travel rarely,Medium,Yes,Medium,Medium,Medium,Medium,Sometimes,Sometimes,Yes,No,Medium,Satisfied,No,21 to 30,From 5000 to 10000 S.R,Stayed
1132,1,Male,21 to 30,Single,Bachelor's,Less than 5 years,Less than 5 years,Food production sector,Administration,Administrative manager,From 5000 to 10000 S.R,2,Yes,No,No,I don't have overtime,No,No,I did not receive any training,No,I do not travel for work,Low,No,Medium,Difficult,Far,Difficult,Sometimes,Yes,No,No,Low,Not satisfied,No,21 to 30,From 5000 to 10000 S.R,Left
1133,1,Male,31 to 40,Married,Bachelor's,From 11 to 15 years,From 5 to 10 years,Medical sector,Patient Affairs,Doctor,Less than 5000 SAR,1,Yes,No,Yes,Yes,Yes,Yes,From 1 to 3 training programs,Yes,Travel rarely,Medium,Yes,Medium,Medium,Medium,Medium,Sometimes,Sometimes,No,No,Medium,Satisfied,Yes,31 to 40,Less than 5000 SAR,Left
1134,1,Female,21 to 30,Single,Bachelor's,Less than 5 years,Less than 5 years,Medical sector,Technical support,IT specialist,Less than 5000 SAR,0,No,No,Yes,No,No,No,From 1 to 3 training programs,Yes,I do not travel for work,Low,No,Low,Easy,Far,Difficult,Yes,Yes,No,Yes,Low,Satisfied,No,21 to 30,Less than 5000 SAR,Left
1135,0,Female,31 to 40,Married,Bachelor's,From 5 to 10 years,From 5 to 10 years,Medical sector,Patient Affairs,Nurse,Less than 5000 SAR,1,Yes,No,Yes,Yes,Yes,Yes,From 1 to 3 training programs,Yes,I do not travel for work,Medium,Yes,Medium,Medium,Close,Easy,Sometimes,Sometimes,Yes,No,High,Satisfied,Yes,31 to 40,Less than 5000 SAR,Stayed
1136,1,Female,21 to 30,Married,Bachelor's,Less than 5 years,Less than 5 years,Medical sector,Patient Affairs,Pharmacist,From 5000 to 10000 S.R,0,No,Yes,No,No,No,Yes,I did not receive any training,No,I do not travel for work,Low,No,Medium,Medium,Close,Difficult,Yes,Yes,No,No,Low,Not satisfied,Yes,21 to 30,From 5000 to 10000 S.R,Left
1137,0,Female,31 to 40,Married,Bachelor's,Less than 5 years,Less than 5 years,Medical sector,Patient Affairs,Dentist,From 5000 to 10000 S.R,2,No,Yes,No,I don't have overtime,Yes,Yes,I did not receive any training,No,I do not travel for work,High,Yes,High,Easy,Close,Medium,Sometimes,No,Yes,No,High,Very satisfied,Yes,31 to 40,From 5000 to 10000 S.R,Stayed
1138,1,Male,21 to 30,Single,Bachelor's,Less than 5 years,Less than 5 years,"Environment, Water, and Agriculture sector",Customers service,Customer services representative,Less than 5000 SAR,2,Yes,No,Yes,Yes,No,No,From 1 to 3 training programs,Yes,I do not travel for work,Low,Yes,Low,Difficult,Close,Difficult,Sometimes,Yes,No,No,Low,Not satisfied,No,21 to 30,Less than 5000 SAR,Left
1139,1,Female,21 to 30,Married,Bachelor's,Less than 5 years,Less than 5 years,Communications and IT sector,Customers service,Customer services representative,Less than 5000 SAR,0,Yes,No,No,I don't have overtime,No,No,I did not receive any training,No,I do not travel for work,Low,No,Low,Difficult,Close,Medium,No,Sometimes,No,No,Low,Not satisfied,No,21 to 30,Less than 5000 SAR,Left
1140,0,Male,21 to 30,Single,Bachelor's,Less than 5 years,Less than 5 years,Industry sector,Sales,Purchase specialist,From 5000 to 10000 S.R,3,Yes,Yes,Yes,No,No,No,From 1 to 3 training programs,Yes,Travel rarely,Medium,No,Medium,Medium,Far,Medium,Sometimes,No,Yes,No,Medium,Satisfied,No,21 to 30,From 5000 to 10000 S.R,Stayed
1141,1,Male,21 to 30,Single,Bachelor's,Less than 5 years,Less than 5 years,Financial sector,Administration,Manger assistant,From 5000 to 10000 S.R,2,No,No,No,I don't have overtime,No,No,From 4 to 6 training programs,Yes,I do not travel for work,Medium,No,Low,Easy,Close,Medium,Yes,Yes,No,No,Low,Very satisfied,Yes,21 to 30,From 5000 to 10000 S.R,Left
1142,1,Male,31 to 40,Married,Diploma or secondary,From 11 to 15 years,Less than 5 years,Communications and IT sector,Customers service,Customer services representative,Less than 5000 SAR,2,Yes,No,No,I don't have overtime,No,No,From 1 to 3 training programs,Yes,I do not travel for work,Medium,No,Low,Difficult,Far,Difficult,Yes,Yes,No,No,Low,Not satisfied,No,31 to 40,Less than 5000 SAR,Left
1143,1,Male,41 to 50,Married,Bachelor's,From 16 to 20 years,Less than 5 years,Food production sector,Processes,Quality controller,From 5000 to 10000 S.R,0,No,No,No,No,No,No,I did not receive any training,No,Travel rarely,Low,No,High,Difficult,Medium,Difficult,Yes,Yes,No,No,Low,Not satisfied,No,41 to 50,From 5000 to 10000 S.R,Left
1144,1,Male,31 to 40,Married,Bachelor's,From 11 to 15 years,Less than 5 years,Energy sector,Administration,Supervisor,From 5000 to 10000 S.R,2,Yes,No,Yes,Yes,No,No,I did not receive any training,No,I do not travel for work,Low,No,Medium,Medium,Far,Medium,Yes,Yes,No,No,Low,Not satisfied,Yes,31 to 40,From 5000 to 10000 S.R,Left
1145,0,Female,21 to 30,Married,Bachelor's,Less than 5 years,Less than 5 years,Engineering consulting companies,Processes,Project manager,From 5000 to 10000 S.R,3,Yes,No,Yes,No,No,No,From 4 to 6 training programs,Yes,Travel frequently,High,Yes,High,Easy,Medium,Easy,Sometimes,Sometimes,Yes,No,High,Satisfied,Yes,21 to 30,From 5000 to 10000 S.R,Stayed
1146,1,Male,21 to 30,Single,Bachelor's,Less than 5 years,Less than 5 years,Medical sector,Patient Affairs,Lab specialist,From 5000 to 10000 S.R,0,Yes,No,Yes,Yes,No,No,I did not receive any training,No,I do not travel for work,Low,No,Medium,Medium,Far,Difficult,Sometimes,Yes,No,No,Low,Not satisfied,No,21 to 30,From 5000 to 10000 S.R,Left
1147,0,Female,31 to 40,Married,Diploma or secondary,Less than 5 years,Less than 5 years,Medical sector,Patient Affairs,Nurse,Less than 5000 SAR,0,Yes,No,Yes,Yes,Yes,No,From 1 to 3 training programs,Yes,I do not travel for work,Medium,Yes,Medium,Medium,Close,Easy,No,No,Yes,No,High,Very satisfied,Yes,31 to 40,Less than 5000 SAR,Stayed
1148,1,Male,21 to 30,Single,Bachelor's,Less than 5 years,Less than 5 years,Financial sector,Technical support,IT specialist,From 5000 to 10000 S.R,2,Yes,Yes,No,I don't have overtime,No,No,I did not receive any training,No,I do not travel for work,Low,No,High,Medium,Medium,Difficult,Sometimes,Sometimes,Yes,No,High,Not satisfied,No,21 to 30,From 5000 to 10000 S.R,Left
1149,0,Female,41 to 50,Married,Bachelor's,From 5 to 10 years,From 5 to 10 years,Medical sector,Administration,Manger assistant,From 5000 to 10000 S.R,1,Yes,No,No,I don't have overtime,No,No,From 1 to 3 training programs,Yes,Travel rarely,Medium,Yes,Medium,Medium,Close,Medium,Yes,Yes,No,No,Medium,Satisfied,Yes,41 to 50,From 5000 to 10000 S.R,Stayed
1150,1,Female,31 to 40,Married,Master's,Less than 5 years,Less than 5 years,Education sector,Administration,Manger assistant,Less than 5000 SAR,0,Yes,No,No,I don't have overtime,No,No,I did not receive any training,No,I do not travel for work,Medium,No,High,Medium,Far,Medium,Yes,Sometimes,No,No,Low,Very satisfied,No,31 to 40,Less than 5000 SAR,Left
1151,0,Male,41 to 50,Married,Master's,Less than 5 years,Less than 5 years,Medical sector,Patient Affairs,Doctor,From 11000 to 15000 S.R,1,Yes,Yes,No,Yes,Yes,Yes,From 1 to 3 training programs,Yes,Travel rarely,High,Yes,High,Easy,Close,Easy,No,No,Yes,No,High,Very satisfied,No,41 to 50,From 11000 to 15000 S.R,Stayed
1152,1,Female,21 to 30,Single,Master's,From 5 to 10 years,Less than 5 years,Medical sector,Administration,Supervisor,From 5000 to 10000 S.R,1,No,Yes,Yes,Yes,Yes,Yes,From 1 to 3 training programs,Yes,Travel rarely,High,Yes,High,Medium,Medium,Difficult,No,Sometimes,Yes,No,High,Very satisfied,Yes,21 to 30,From 5000 to 10000 S.R,Left
1153,1,Male,21 to 30,Single,Bachelor's,Less than 5 years,Less than 5 years,Medical sector,Processes,Sales representative,Less than 5000 SAR,0,Yes,No,Yes,Yes,No,No,From 1 to 3 training programs,No,I do not travel for work,Low,No,Low,Medium,Far,Medium,No,Yes,Yes,Yes,Medium,Very satisfied,No,21 to 30,Less than 5000 SAR,Left
1154,0,Male,31 to 40,Single,Diploma or secondary,Less than 5 years,Less than 5 years,Medical sector,Safety & Security,Security and safety specialist,Less than 5000 SAR,0,No,No,No,I don't have overtime,Yes,Yes,From 1 to 3 training programs,Yes,I do not travel for work,Low,Yes,Medium,Easy,Close,Easy,No,No,Yes,No,High,Very satisfied,No,31 to 40,Less than 5000 SAR,Stayed
1155,0,Female,21 to 30,Single,Diploma or secondary,Less than 5 years,Less than 5 years,Medical sector,Patient Affairs,Radiographer,Less than 5000 SAR,0,Yes,No,No,Yes,No,No,I did not receive any training,No,I do not travel for work,Medium,No,Low,Difficult,Far,Medium,Yes,Yes,No,No,High,Satisfied,Yes,21 to 30,Less than 5000 SAR,Stayed
1156,0,Female,41 to 50,Single,Master's,From 21 to 25 years,From 21 to 25 years,Energy sector,HR,HR Specialist,From 11000 to 15000 S.R,1,Yes,Yes,No,I don't have overtime,Yes,Yes,From 7 training programs to more,Yes,Travel rarely,Medium,Yes,High,Medium,Medium,Medium,No,No,Yes,No,Medium,Very satisfied,Yes,41 to 50,From 11000 to 15000 S.R,Stayed
1157,1,Male,31 to 40,Married,Master's,From 5 to 10 years,Less than 5 years,Medical sector,Patient Affairs,Doctor,From 16000 to 20000 S.R,1,Yes,No,Yes,No,No,No,From 1 to 3 training programs,No,Travel frequently,Low,No,Medium,Medium,Close,Difficult,Yes,Yes,No,No,Medium,Satisfied,Yes,31 to 40,From 16000 to 20000 S.R,Left
1158,0,Female,31 to 40,Divorced,Bachelor's,From 21 to 25 years,From 21 to 25 years,Energy sector,Relations,Coordinator,From 11000 to 15000 S.R,2,Yes,No,No,I don't have overtime,Yes,Yes,From 1 to 3 training programs,Yes,Travel rarely,High,Yes,High,Medium,Close,Medium,No,Sometimes,Yes,No,High,Very satisfied,No,31 to 40,From 11000 to 15000 S.R,Stayed
1159,0,Male,31 to 40,Single,Bachelor's,Less than 5 years,Less than 5 years,Medical sector,Patient Affairs,Dentist,From 5000 to 10000 S.R,0,Yes,No,No,I don't have overtime,No,No,From 1 to 3 training programs,Yes,I do not travel for work,Medium,Yes,Medium,Medium,Far,Medium,Sometimes,Sometimes,No,No,Medium,Satisfied,No,31 to 40,From 5000 to 10000 S.R,Stayed
1160,0,Female,31 to 40,Married,Bachelor's,Less than 5 years,Less than 5 years,Medical sector,Patient Affairs,Doctor,S.R 31000 - and more,2,No,No,Yes,Yes,Yes,Yes,From 1 to 3 training programs,Yes,I do not travel for work,Medium,Yes,Medium,Medium,Far,Medium,Sometimes,Sometimes,Yes,No,Medium,Satisfied,Yes,31 to 40,S.R 31000 - and more,Stayed
1161,1,Female,21 to 30,Married,Diploma or secondary,From 5 to 10 years,Less than 5 years,Medical sector,Patient Affairs,Nurse,Less than 5000 SAR,3,Yes,Yes,Yes,Yes,Yes,Yes,From 1 to 3 training programs,Yes,Travel frequently,High,Yes,High,Difficult,Medium,Easy,No,Yes,Yes,Yes,High,Very satisfied,Yes,21 to 30,Less than 5000 SAR,Left
1162,0,Female,41 to 50,Married,Diploma or secondary,From 5 to 10 years,From 5 to 10 years,Medical sector,Patient Affairs,Nurse,Less than 5000 SAR,0,No,No,No,Yes,Yes,Yes,From 1 to 3 training programs,No,I do not travel for work,High,Yes,Medium,Easy,Close,Difficult,Sometimes,Yes,Yes,No,Medium,Satisfied,No,41 to 50,Less than 5000 SAR,Stayed
1163,1,Female,31 to 40,Married,Bachelor's,Less than 5 years,Less than 5 years,Medical sector,Sales,Sales representative,From 5000 to 10000 S.R,2,Yes,No,No,I don't have overtime,Yes,No,I did not receive any training,No,I do not travel for work,Low,No,Low,Easy,Close,Medium,Yes,Yes,No,No,Medium,Very satisfied,Yes,31 to 40,From 5000 to 10000 S.R,Left
1164,0,Female,41 to 50,Married,Bachelor's,From 5 to 10 years,From 5 to 10 years,Financial sector,Accounting,Financial Analyst,From 16000 to 20000 S.R,2,Yes,Yes,No,I don't have overtime,No,No,I did not receive any training,Yes,I do not travel for work,Medium,Yes,High,Medium,Medium,Easy,No,Sometimes,Yes,No,Medium,Satisfied,Yes,41 to 50,From 16000 to 20000 S.R,Stayed
1165,1,Male,21 to 30,Single,Bachelor's,From 5 to 10 years,Less than 5 years,Financial sector,Administration,Financial Manager,Less than 5000 SAR,0,No,Yes,No,No,Yes,Yes,I did not receive any training,No,Travel rarely,High,Yes,High,Easy,Medium,Easy,Sometimes,No,No,No,High,Very satisfied,Yes,21 to 30,Less than 5000 SAR,Left
1166,1,Female,41 to 50,Married,Master's,From 16 to 20 years,Less than 5 years,Medical sector,Patient Affairs,Lab specialist,From 11000 to 15000 S.R,2,Yes,Yes,No,I don't have overtime,Yes,Yes,From 1 to 3 training programs,Yes,I do not travel for work,Medium,Yes,High,Easy,Close,Easy,Sometimes,No,Yes,No,High,Very satisfied,Yes,41 to 50,From 11000 to 15000 S.R,Left
1167,1,Female,21 to 30,Married,Bachelor's,From 5 to 10 years,Less than 5 years,Medical sector,Administration,Supervisor,Less than 5000 SAR,1,No,Yes,Yes,Yes,Yes,No,From 1 to 3 training programs,Yes,I do not travel for work,Medium,No,Medium,Medium,Far,Difficult,Yes,Yes,No,No,Medium,Satisfied,Yes,21 to 30,Less than 5000 SAR,Left
1168,0,Female,41 to 50,Married,Bachelor's,From 5 to 10 years,From 5 to 10 years,Medical sector,Patient Affairs,Doctor,From 5000 to 10000 S.R,0,No,No,No,I don't have overtime,No,No,I did not receive any training,No,I do not travel for work,Low,No,Low,Difficult,Close,Medium,Yes,Yes,No,No,Low,Not satisfied,No,41 to 50,From 5000 to 10000 S.R,Stayed
1169,0,Female,31 to 40,Married,Bachelor's,From 5 to 10 years,From 5 to 10 years,Medical sector,Patient Affairs,Nurse,Less than 5000 SAR,1,Yes,No,Yes,Yes,Yes,Yes,From 4 to 6 training programs,Yes,I do not travel for work,High,Yes,High,Easy,Medium,Easy,Sometimes,Sometimes,Yes,No,High,Very satisfied,Yes,31 to 40,Less than 5000 SAR,Stayed
1170,0,Male,31 to 40,Married,Bachelor's,From 11 to 15 years,From 11 to 15 years,Education sector,Teaching,Teacher,From 11000 to 15000 S.R,1,No,No,Yes,Yes,Yes,Yes,From 7 training programs to more,Yes,I do not travel for work,High,Yes,High,Easy,Close,Easy,Sometimes,No,Yes,No,High,Satisfied,No,31 to 40,From 11000 to 15000 S.R,Stayed
1171,1,Female,21 to 30,Married,Bachelor's,From 5 to 10 years,Less than 5 years,Financial sector,Accounting,Scribe,Less than 5000 SAR,0,Yes,No,No,I don't have overtime,Yes,No,From 4 to 6 training programs,Yes,I do not travel for work,Medium,No,Medium,Difficult,Medium,Easy,Yes,Yes,No,No,Medium,Very satisfied,No,21 to 30,Less than 5000 SAR,Left
1172,1,Male,31 to 40,Married,Bachelor's,From 21 to 25 years,From 5 to 10 years,Financial sector,Accounting,Financial Analyst,From 5000 to 10000 S.R,3,Yes,Yes,Yes,No,Yes,No,From 1 to 3 training programs,Yes,I do not travel for work,Medium,Yes,High,Medium,Medium,Medium,Sometimes,Sometimes,No,No,Medium,Satisfied,No,31 to 40,From 5000 to 10000 S.R,Left
1173,1,Male,41 to 50,Married,Bachelor's,From 16 to 20 years,Less than 5 years,Financial sector,Accounting,Financial Analyst,From 11000 to 15000 S.R,1,Yes,No,No,No,Yes,Yes,I did not receive any training,No,I do not travel for work,Medium,Yes,Medium,Medium,Close,Medium,Sometimes,Sometimes,No,No,Medium,Satisfied,Yes,41 to 50,From 11000 to 15000 S.R,Left
1174,0,Male,41 to 50,Married,Master's,From 5 to 10 years,From 5 to 10 years,Medical sector,Patient Affairs,Doctor,From 11000 to 15000 S.R,1,Yes,Yes,Yes,Yes,Yes,Yes,I did not receive any training,No,I do not travel for work,Low,No,Medium,Medium,Close,Medium,Sometimes,Sometimes,Yes,No,Medium,Satisfied,Yes,41 to 50,From 11000 to 15000 S.R,Stayed
1175,0,Female,31 to 40,Married,Bachelor's,From 5 to 10 years,From 5 to 10 years,Medical sector,Patient Affairs,Dentist,From 16000 to 20000 S.R,1,Yes,Yes,No,Yes,Yes,No,I did not receive any training,No,Travel rarely,Medium,Yes,High,Medium,Medium,Difficult,Yes,Yes,Yes,Yes,Medium,Satisfied,Yes,31 to 40,From 16000 to 20000 S.R,Stayed
1176,1,Female,21 to 30,Married,Bachelor's,From 5 to 10 years,Less than 5 years,Medical sector,Patient Affairs,Nurse,Less than 5000 SAR,0,No,No,Yes,Yes,No,No,I did not receive any training,No,Travel rarely,High,Yes,High,Medium,Far,Difficult,Yes,Yes,Yes,Yes,Medium,Satisfied,Yes,21 to 30,Less than 5000 SAR,Left
1177,0,Female,21 to 30,Married,Bachelor's,Less than 5 years,Less than 5 years,Medical sector,Patient Affairs,Nurse,Less than 5000 SAR,0,Yes,Yes,No,No,No,No,From 1 to 3 training programs,Yes,Travel rarely,Medium,Yes,Medium,Medium,Medium,Medium,No,Sometimes,Yes,No,Low,Satisfied,Yes,21 to 30,Less than 5000 SAR,Stayed
1178,0,Female,31 to 40,Single,Diploma or secondary,Less than 5 years,Less than 5 years,Medical sector,Patient Affairs,Nurse,Less than 5000 SAR,0,No,No,Yes,Yes,Yes,Yes,I did not receive any training,Yes,I do not travel for work,High,Yes,Medium,Medium,Close,Easy,No,Sometimes,No,No,Low,Not satisfied,Yes,31 to 40,Less than 5000 SAR,Stayed
1179,0,Male,21 to 30,Married,Bachelor's,From 5 to 10 years,From 5 to 10 years,Medical sector,Technical support,IT specialist,Less than 5000 SAR,0,Yes,No,No,I don't have overtime,No,No,I did not receive any training,No,I do not travel for work,Low,No,Medium,Easy,Close,Easy,Yes,Yes,No,Yes,Medium,Not satisfied,Yes,21 to 30,Less than 5000 SAR,Stayed
1180,1,Male,31 to 40,Single,Master's,From 11 to 15 years,From 5 to 10 years,Medical sector,Patient Affairs,Nurse,Less than 5000 SAR,1,Yes,Yes,Yes,Yes,No,Yes,From 1 to 3 training programs,Yes,Travel rarely,Medium,Yes,Medium,Medium,Medium,Medium,Sometimes,No,No,No,Medium,Satisfied,Yes,31 to 40,Less than 5000 SAR,Left
1181,1,Female,31 to 40,Married,Diploma or secondary,From 11 to 15 years,Less than 5 years,Medical sector,Patient Affairs,Nurse,Less than 5000 SAR,3,Yes,Yes,Yes,Yes,Yes,Yes,From 1 to 3 training programs,Yes,I do not travel for work,High,Yes,High,Medium,Close,Easy,No,No,Yes,No,High,Very satisfied,Yes,31 to 40,Less than 5000 SAR,Left
1182,1,Female,31 to 40,Married,Bachelor's,From 11 to 15 years,Less than 5 years,Medical sector,Patient Affairs,Radiographer,Less than 5000 SAR,0,Yes,No,No,Yes,Yes,Yes,From 7 training programs to more,Yes,I do not travel for work,High,Yes,High,Difficult,Medium,Medium,No,No,No,No,High,Very satisfied,Yes,31 to 40,Less than 5000 SAR,Left
1183,0,Female,21 to 30,Single,Bachelor's,Less than 5 years,Less than 5 years,Financial sector,Administration,Manger assistant,Less than 5000 SAR,0,No,Yes,Yes,I don't have overtime,No,No,From 1 to 3 training programs,Yes,I do not travel for work,Medium,Yes,Medium,Medium,Medium,Medium,Yes,Yes,Yes,No,Medium,Satisfied,No,21 to 30,Less than 5000 SAR,Stayed
1184,0,Female,41 to 50,Married,Bachelor's,From 5 to 10 years,From 5 to 10 years,Medical sector,Patient Affairs,Nurse,Less than 5000 SAR,1,Yes,No,Yes,Yes,No,No,From 1 to 3 training programs,Yes,I do not travel for work,Medium,Yes,High,Medium,Close,Easy,Sometimes,No,Yes,No,High,Satisfied,No,41 to 50,Less than 5000 SAR,Stayed
1185,0,Male,21 to 30,Single,Bachelor's,Less than 5 years,Less than 5 years,Medical sector,Administration,Administrative manager,Less than 5000 SAR,0,Yes,No,Yes,Yes,No,No,From 1 to 3 training programs,Yes,Travel rarely,Low,No,Low,Medium,Medium,Medium,Yes,Yes,No,No,Medium,Not satisfied,No,21 to 30,Less than 5000 SAR,Stayed
1186,0,Female,21 to 30,Single,Bachelor's,Less than 5 years,Less than 5 years,Food production sector,Sales,Salesman,Less than 5000 SAR,2,Yes,No,Yes,Yes,No,No,From 1 to 3 training programs,No,I do not travel for work,Low,No,Medium,Difficult,Medium,Medium,Yes,Yes,No,No,Medium,Not satisfied,Yes,21 to 30,Less than 5000 SAR,Stayed
1187,1,Male,31 to 40,Single,Bachelor's,From 11 to 15 years,Less than 5 years,Financial sector,Customers service,Customer services representative,Less than 5000 SAR,2,Yes,No,Yes,Yes,No,No,I did not receive any training,No,I do not travel for work,Low,No,Low,Easy,Medium,Medium,Yes,Sometimes,No,No,Medium,Not satisfied,Yes,31 to 40,Less than 5000 SAR,Left
1188,0,Female,21 to 30,Married,Bachelor's,Less than 5 years,Less than 5 years,Medical sector,Patient Affairs,Nurse,Less than 5000 SAR,2,Yes,Yes,Yes,Yes,Yes,Yes,From 7 training programs to more,Yes,I do not travel for work,High,Yes,High,Medium,Medium,Medium,Sometimes,Sometimes,Yes,No,High,Satisfied,No,21 to 30,Less than 5000 SAR,Stayed
1189,0,Female,31 to 40,Married,Bachelor's,From 5 to 10 years,From 5 to 10 years,Medical sector,Patient Affairs,Nurse,Less than 5000 SAR,0,No,No,No,I don't have overtime,No,No,I did not receive any training,No,I do not travel for work,Low,No,Low,Medium,Medium,Medium,Sometimes,Sometimes,No,No,Low,Not satisfied,No,31 to 40,Less than 5000 SAR,Stayed
1190,0,Male,21 to 30,Single,Bachelor's,From 5 to 10 years,From 5 to 10 years,Education sector,Teaching,Teacher,Less than 5000 SAR,1,Yes,Yes,No,I don't have overtime,Yes,Yes,From 4 to 6 training programs,Yes,I do not travel for work,High,Yes,High,Medium,Medium,Medium,Sometimes,Sometimes,Yes,No,Medium,Satisfied,Yes,21 to 30,Less than 5000 SAR,Stayed
1191,0,Female,21 to 30,Single,Diploma or secondary,From 5 to 10 years,From 5 to 10 years,Medical sector,Customers service,Receptionist,From 5000 to 10000 S.R,0,No,No,No,I don't have overtime,Yes,Yes,I did not receive any training,Yes,I do not travel for work,High,Yes,Medium,Medium,Close,Medium,Sometimes,No,Yes,Yes,Medium,Satisfied,No,21 to 30,From 5000 to 10000 S.R,Stayed
1192,0,Male,31 to 40,Married,Bachelor's,From 5 to 10 years,From 5 to 10 years,Education sector,Teaching,Teacher,Less than 5000 SAR,0,No,No,No,I don't have overtime,Yes,No,I did not receive any training,No,I do not travel for work,Medium,No,Medium,Medium,Medium,Medium,No,No,Yes,No,Medium,Satisfied,No,31 to 40,Less than 5000 SAR,Stayed
1193,0,Female,21 to 30,Married,Diploma or secondary,From 5 to 10 years,From 5 to 10 years,Education sector,Administration,Manger assistant,Less than 5000 SAR,0,No,No,No,I don't have overtime,No,No,I did not receive any training,No,I do not travel for work,Low,No,Low,Medium,Close,Medium,Sometimes,No,No,No,Medium,Satisfied,No,21 to 30,Less than 5000 SAR,Stayed
1194,0,Female,31 to 40,Married,Bachelor's,From 5 to 10 years,From 5 to 10 years,Medical sector,Customers service,Receptionist,Less than 5000 SAR,0,No,No,No,I don't have overtime,No,No,I did not receive any training,No,I do not travel for work,Low,No,Medium,Medium,Medium,Medium,Sometimes,Sometimes,No,No,Medium,Satisfied,No,31 to 40,Less than 5000 SAR,Stayed
1195,0,Female,21 to 30,Single,Bachelor's,From 5 to 10 years,From 5 to 10 years,Education sector,Teaching,Teacher,Less than 5000 SAR,0,No,No,No,I don't have overtime,No,No,I did not receive any training,No,I do not travel for work,Low,No,Low,Medium,Medium,Medium,Sometimes,Sometimes,No,No,Low,Not satisfied,No,21 to 30,Less than 5000 SAR,Stayed
1196,0,Female,31 to 40,Married,Master's,From 5 to 10 years,From 5 to 10 years,Education sector,Teaching,Trainer,Less than 5000 SAR,0,Yes,Yes,Yes,Yes,Yes,Yes,I did not receive any training,Yes,I do not travel for work,High,Yes,High,Medium,Close,Medium,Sometimes,No,Yes,No,Medium,Satisfied,No,31 to 40,Less than 5000 SAR,Stayed
1197,0,Female,31 to 40,Married,Bachelor's,From 5 to 10 years,From 5 to 10 years,Medical sector,Patient Affairs,Nurse,Less than 5000 SAR,3,Yes,Yes,No,I don't have overtime,Yes,Yes,I did not receive any training,Yes,Travel rarely,Medium,Yes,High,Medium,Close,Easy,No,No,Yes,No,Medium,Satisfied,Yes,31 to 40,Less than 5000 SAR,Stayed
1198,0,Male,21 to 30,Married,Diploma or secondary,Less than 5 years,Less than 5 years,Economic sector,Safety & Security,Security and safety specialist,Less than 5000 SAR,0,No,No,No,I don't have overtime,No,No,I did not receive any training,No,I do not travel for work,Low,No,Medium,Medium,Medium,Medium,No,No,No,No,Low,Satisfied,No,21 to 30,Less than 5000 SAR,Stayed
1199,0,Female,21 to 30,Married,Bachelor's,Less than 5 years,Less than 5 years,Medical sector,Patient Affairs,Nurse,Less than 5000 SAR,1,Yes,Yes,Yes,I don't have overtime,Yes,Yes,I did not receive any training,Yes,I do not travel for work,Medium,Yes,High,Medium,Close,Easy,Sometimes,No,Yes,No,Medium,Satisfied,No,21 to 30,Less than 5000 SAR,Stayed
1200,0,Male,21 to 30,Single,Diploma or secondary,From 5 to 10 years,From 5 to 10 years,Medical sector,Customers service,Receptionist,From 5000 to 10000 S.R,0,Yes,No,No,I don't have overtime,Yes,Yes,From 4 to 6 training programs,Yes,I do not travel for work,Medium,Yes,Medium,Medium,Medium,Medium,No,No,Yes,No,Medium,Satisfied,No,21 to 30,From 5000 to 10000 S.R,Stayed
1201,0,Female,31 to 40,Married,Bachelor's,From 5 to 10 years,From 5 to 10 years,Communications and IT sector,Customers service,Customer services representative,From 5000 to 10000 S.R,0,Yes,No,No,I don't have overtime,Yes,Yes,From 7 training programs to more,Yes,I do not travel for work,Medium,Yes,Medium,Easy,Medium,Medium,No,No,Yes,No,Medium,Satisfied,No,31 to 40,From 5000 to 10000 S.R,Stayed
1202,0,Male,21 to 30,Single,Bachelor's,Less than 5 years,Less than 5 years,Medical sector,Patient Affairs,Nurse,Less than 5000 SAR,0,No,No,No,I don't have overtime,Yes,Yes,From 7 training programs to more,Yes,Travel rarely,High,Yes,High,Easy,Close,Easy,No,No,Yes,No,Medium,Satisfied,No,21 to 30,Less than 5000 SAR,Stayed
1203,0,Female,21 to 30,Single,Diploma or secondary,From 5 to 10 years,From 5 to 10 years,Communications and IT sector,Customers service,Receptionist,Less than 5000 SAR,1,Yes,Yes,Yes,I don't have overtime,Yes,Yes,From 7 training programs to more,Yes,Travel rarely,High,Yes,High,Medium,Medium,Medium,Sometimes,No,Yes,Yes,Medium,Satisfied,Yes,21 to 30,Less than 5000 SAR,Stayed
1204,0,Male,21 to 30,Single,Bachelor's,From 5 to 10 years,From 5 to 10 years,Medical sector,Processes,Supervisor,From 11000 to 15000 S.R,2,Yes,No,Yes,No,Yes,Yes,From 7 training programs to more,Yes,Travel rarely,Medium,Yes,High,Medium,Medium,Medium,No,No,Yes,No,Medium,Satisfied,Yes,21 to 30,From 11000 to 15000 S.R,Stayed
1205,0,Female,31 to 40,Married,Bachelor's,From 5 to 10 years,From 5 to 10 years,Communications and IT sector,Processes,Data entry operator,From 5000 to 10000 S.R,2,No,Yes,Yes,Yes,Yes,Yes,From 7 training programs to more,Yes,I do not travel for work,High,Yes,High,Medium,Medium,Medium,Sometimes,Sometimes,Yes,No,Medium,Satisfied,No,31 to 40,From 5000 to 10000 S.R,Stayed
1206,0,Female,21 to 30,Married,Bachelor's,Less than 5 years,Less than 5 years,Energy sector,Accounting,Accountant,From 5000 to 10000 S.R,2,Yes,Yes,Yes,No,Yes,Yes,From 4 to 6 training programs,Yes,I do not travel for work,Medium,Yes,Medium,Medium,Medium,Medium,No,No,Yes,No,Medium,Satisfied,Yes,21 to 30,From 5000 to 10000 S.R,Stayed
1207,0,Female,21 to 30,Married,Bachelor's,From 5 to 10 years,From 5 to 10 years,Transport sector,Relations,Coordinator,From 5000 to 10000 S.R,0,Yes,Yes,Yes,No,Yes,Yes,From 4 to 6 training programs,Yes,I do not travel for work,High,Yes,High,Medium,Medium,Easy,No,Sometimes,Yes,Yes,High,Very satisfied,Yes,21 to 30,From 5000 to 10000 S.R,Stayed
1208,0,Male,21 to 30,Single,Diploma or secondary,From 5 to 10 years,From 5 to 10 years,Medical sector,Customers service,Receptionist,From 5000 to 10000 S.R,0,Yes,Yes,Yes,Yes,Yes,Yes,From 4 to 6 training programs,Yes,I do not travel for work,Medium,Yes,Medium,Medium,Medium,Medium,No,No,Yes,No,Medium,Very satisfied,Yes,21 to 30,From 5000 to 10000 S.R,Stayed
1209,0,Female,21 to 30,Married,Bachelor's,From 5 to 10 years,From 5 to 10 years,Medical sector,Administration,Manger assistant,Less than 5000 SAR,0,Yes,No,No,I don't have overtime,No,No,From 7 training programs to more,Yes,Travel rarely,Medium,Yes,Medium,Medium,Medium,Medium,No,No,Yes,No,Medium,Satisfied,No,21 to 30,Less than 5000 SAR,Stayed
1210,0,Female,21 to 30,Married,Master's,From 5 to 10 years,From 5 to 10 years,Financial sector,Administration,Financial Manager,From 11000 to 15000 S.R,3,Yes,Yes,Yes,Yes,Yes,Yes,From 4 to 6 training programs,Yes,I do not travel for work,High,Yes,Medium,Medium,Medium,Medium,Sometimes,No,Yes,No,Medium,Satisfied,No,21 to 30,From 11000 to 15000 S.R,Stayed
1211,1,Male,21 to 30,Single,Master's,From 5 to 10 years,Less than 5 years,Energy sector,Processes,Quality Specialist,From 11000 to 15000 S.R,3,Yes,Yes,Yes,Yes,Yes,Yes,From 4 to 6 training programs,Yes,Travel rarely,High,Yes,Medium,Medium,Close,Medium,No,Yes,Yes,Yes,Medium,Satisfied,Yes,21 to 30,From 11000 to 15000 S.R,Left
1212,1,Female,31 to 40,Married,Master's,From 5 to 10 years,Less than 5 years,Education sector,Relations,Relations manager,Less than 5000 SAR,1,No,No,No,No,No,No,From 1 to 3 training programs,Yes,I do not travel for work,Low,Yes,High,Easy,Far,Medium,Yes,Yes,No,No,High,Not satisfied,Yes,31 to 40,Less than 5000 SAR,Left
1213,0,Female,21 to 30,Single,Master's,Less than 5 years,Less than 5 years,Education sector,Administration,Administrative manager,Less than 5000 SAR,0,No,No,No,I don't have overtime,Yes,No,I did not receive any training,No,I do not travel for work,Medium,Yes,Medium,Medium,Medium,Medium,Yes,Yes,Yes,No,Medium,Satisfied,No,21 to 30,Less than 5000 SAR,Stayed
